scenario,scheme,seed,offered_load_factor,cycle,round_start_s,round_end_s,observed_matrix_bytes,future_demand_bytes,selected_edge_count,active_edge_count,selected_hit_flows,selected_hit_bytes,selected_but_unused_lightpaths,selected_edge_jaccard,selected_oracle_jaccard,volume_oracle_jaccard,tl_oracle_jaccard,volume_future_demand_coverage,tl_future_demand_coverage,oracle_future_demand_coverage,historical_future_pearson,historical_future_topk_jaccard,demand_drift_ratio,volume_oracle_possible_bytes_missed,tl_oracle_possible_bytes_missed,volume_selected_edges,tl_ocs_selected_edges,oracle_selected_edges,raw_a_top_edges,tl_g_top_edges,future_demand_top_edges
cross-community-distractor-replay,ocs-oracle,1401,0.5,1,0.005,0.01,1035096,57007200,4,4,16,30720000,0,0.4,1,0.4,1,0.428366943123,0.538879299457,0.538879299457,0.924889234379,1,54.0733716286,14520000,0,"1-2(score=132478,gain=132478);4-5(score=109036,gain=109036);6-7(score=96268,gain=96268)","0-1(score=85024.6,gain=85024.6);6-7(score=82850.6,gain=82850.6);2-3(score=73219.2,gain=73219.2);4-5(score=64700.2,gain=64700.2)","6-7(score=9.9e+06,gain=9.9e+06);0-1(score=8.22e+06,gain=8.22e+06);2-3(score=6.3e+06,gain=6.3e+06);4-5(score=6.3e+06,gain=6.3e+06)","1-2(score=132478,gain=132478);0-1(score=120732,gain=120732);4-5(score=109036,gain=109036);5-6(score=107856,gain=107856);2-3(score=104316,gain=104316);6-7(score=96268,gain=96268);3-4(score=96106,gain=96106);0-4(score=95944,gain=95944)","0-1(score=85024.5950057,gain=85024.5950057);6-7(score=82850.6014631,gain=82850.6014631);2-3(score=73219.1992743,gain=73219.1992743);4-5(score=64700.1807079,gain=64700.1807079);0-4(score=64430.9277168,gain=64430.9277168);1-2(score=39772.3832224,gain=39772.3832224);1-5(score=37713.1636486,gain=37713.1636486);3-4(score=33478.4440429,gain=33478.4440429)","6-7(score=9900000,gain=9900000);0-1(score=8220000,gain=8220000);1-2(score=8220000,gain=8220000);2-3(score=6300000,gain=6300000);4-5(score=6300000,gain=6300000);3-4(score=4435200,gain=4435200);5-6(score=4032000,gain=4032000);0-4(score=3480000,gain=3480000)"
cross-community-distractor-replay,ocs-oracle,1401,0.5,2,0.01,0.015,11782496,57007200,4,4,16,30720000,0,1,1,1,1,0.538879299457,0.538879299457,0.538879299457,0.878079826307,0.777777777778,3.83828985902,0,0,"2-3(score=2.72996e+06,gain=2.72996e+06);6-7(score=1.96622e+06,gain=1.96622e+06);0-1(score=1.9481e+06,gain=1.9481e+06);4-5(score=1.29744e+06,gain=1.29744e+06)","2-3(score=2.14507e+06,gain=2.14507e+06);6-7(score=1.6932e+06,gain=1.6932e+06);0-1(score=1.60323e+06,gain=1.60323e+06);4-5(score=1.01869e+06,gain=1.01869e+06)","6-7(score=9.9e+06,gain=9.9e+06);0-1(score=8.22e+06,gain=8.22e+06);2-3(score=6.3e+06,gain=6.3e+06);4-5(score=6.3e+06,gain=6.3e+06)","2-3(score=2729964,gain=2729964);6-7(score=1966222,gain=1966222);0-1(score=1948104,gain=1948104);4-5(score=1297440,gain=1297440);3-4(score=682126,gain=682126);1-2(score=669372,gain=669372);5-6(score=665774,gain=665774);2-6(score=640126,gain=640126)","2-3(score=2145070.61682,gain=2145070.61682);6-7(score=1693201.82401,gain=1693201.82401);0-1(score=1603234.00649,gain=1603234.00649);4-5(score=1018691.99514,gain=1018691.99514);3-4(score=157354.216578,gain=157354.216578);5-6(score=153163.642093,gain=153163.642093);0-4(score=144042.334225,gain=144042.334225);1-5(score=134596.34926,gain=134596.34926)","6-7(score=9900000,gain=9900000);0-1(score=8220000,gain=8220000);1-2(score=8220000,gain=8220000);2-3(score=6300000,gain=6300000);4-5(score=6300000,gain=6300000);3-4(score=4435200,gain=4435200);5-6(score=4032000,gain=4032000);0-4(score=3480000,gain=3480000)"
cross-community-distractor-replay,ocs-oracle,1401,0.5,3,0.015,0.02,9034090,57007200,4,4,16,30720000,0,0.4,1,0.4,1,0.325432576938,0.538879299457,0.538879299457,0.757106705703,1,5.31022099802,16200000,0,"2-3(score=2.71189e+06,gain=2.71189e+06);5-6(score=879804,gain=879804);0-1(score=812312,gain=812312)","2-3(score=1.94882e+06,gain=1.94882e+06);6-7(score=773635,gain=773635);0-1(score=657784,gain=657784);4-5(score=538272,gain=538272)","6-7(score=9.9e+06,gain=9.9e+06);0-1(score=8.22e+06,gain=8.22e+06);2-3(score=6.3e+06,gain=6.3e+06);4-5(score=6.3e+06,gain=6.3e+06)","2-3(score=2711886,gain=2711886);5-6(score=879804,gain=879804);6-7(score=876776,gain=876776);1-2(score=836548,gain=836548);0-1(score=812312,gain=812312);3-4(score=807630,gain=807630);4-5(score=783630,gain=783630);0-4(score=538442,gain=538442)","2-3(score=1948824.82121,gain=1948824.82121);6-7(score=773634.919602,gain=773634.919602);0-1(score=657784.231676,gain=657784.231676);5-6(score=634932.043981,gain=634932.043981);4-5(score=538271.867361,gain=538271.867361);3-4(score=196391.776847,gain=196391.776847);1-2(score=194200.190166,gain=194200.190166);0-4(score=189614.102811,gain=189614.102811)","6-7(score=9900000,gain=9900000);0-1(score=8220000,gain=8220000);1-2(score=8220000,gain=8220000);2-3(score=6300000,gain=6300000);4-5(score=6300000,gain=6300000);3-4(score=4435200,gain=4435200);5-6(score=4032000,gain=4032000);0-4(score=3480000,gain=3480000)"
cross-community-distractor-replay,ocs-oracle,1401,0.5,4,0.02,0.025,10191494,57007200,4,4,16,30720000,0,1,1,1,1,0.538879299457,0.538879299457,0.538879299457,0.839494499628,1,4.59359769188,0,0,"2-3(score=2.72057e+06,gain=2.72057e+06);6-7(score=1.8368e+06,gain=1.8368e+06);0-1(score=913500,gain=913500);4-5(score=838496,gain=838496)","2-3(score=2.03416e+06,gain=2.03416e+06);6-7(score=1.55411e+06,gain=1.55411e+06);0-1(score=749647,gain=749647);4-5(score=626240,gain=626240)","6-7(score=9.9e+06,gain=9.9e+06);0-1(score=8.22e+06,gain=8.22e+06);2-3(score=6.3e+06,gain=6.3e+06);4-5(score=6.3e+06,gain=6.3e+06)","2-3(score=2720570,gain=2720570);6-7(score=1836796,gain=1836796);0-1(score=913500,gain=913500);1-2(score=870726,gain=870726);4-5(score=838496,gain=838496);5-6(score=771844,gain=771844);3-4(score=675612,gain=675612);0-4(score=572926,gain=572926)","2-3(score=2034157.27643,gain=2034157.27643);6-7(score=1554106.77438,gain=1554106.77438);0-1(score=749646.796631,gain=749646.796631);4-5(score=626240.329451,gain=626240.329451);0-4(score=420729.393669,gain=420729.393669);1-5(score=234139.864342,gain=234139.864342);5-6(score=226401.698563,gain=226401.698563);1-2(score=208301.31021,gain=208301.31021)","6-7(score=9900000,gain=9900000);0-1(score=8220000,gain=8220000);1-2(score=8220000,gain=8220000);2-3(score=6300000,gain=6300000);4-5(score=6300000,gain=6300000);3-4(score=4435200,gain=4435200);5-6(score=4032000,gain=4032000);0-4(score=3480000,gain=3480000)"
cross-community-distractor-replay,ocs-oracle,1401,0.5,5,0.025,0.03,10391694,57007200,4,4,16,30720000,0,1,1,1,1,0.538879299457,0.538879299457,0.538879299457,0.855099377383,1,4.48583505778,0,0,"2-3(score=2.55587e+06,gain=2.55587e+06);6-7(score=2.14768e+06,gain=2.14768e+06);0-1(score=916974,gain=916974);4-5(score=901214,gain=901214)","2-3(score=1.95387e+06,gain=1.95387e+06);6-7(score=1.80354e+06,gain=1.80354e+06);0-1(score=750729,gain=750729);4-5(score=665236,gain=665236)","6-7(score=9.9e+06,gain=9.9e+06);0-1(score=8.22e+06,gain=8.22e+06);2-3(score=6.3e+06,gain=6.3e+06);4-5(score=6.3e+06,gain=6.3e+06)","2-3(score=2555866,gain=2555866);6-7(score=2147682,gain=2147682);0-1(score=916974,gain=916974);4-5(score=901214,gain=901214);3-4(score=738418,gain=738418);1-2(score=736232,gain=736232);5-6(score=676718,gain=676718);0-4(score=624570,gain=624570)","2-3(score=1953865.10593,gain=1953865.10593);6-7(score=1803542.61277,gain=1803542.61277);0-1(score=750729.041371,gain=750729.041371);4-5(score=665235.893132,gain=665235.893132);0-4(score=456629.767739,gain=456629.767739);1-5(score=354543.975477,gain=354543.975477);3-4(score=189764.618233,gain=189764.618233);5-6(score=164815.921745,gain=164815.921745)","6-7(score=9900000,gain=9900000);0-1(score=8220000,gain=8220000);1-2(score=8220000,gain=8220000);2-3(score=6300000,gain=6300000);4-5(score=6300000,gain=6300000);3-4(score=4435200,gain=4435200);5-6(score=4032000,gain=4032000);0-4(score=3480000,gain=3480000)"
cross-community-distractor-replay,ocs-oracle,1401,0.5,6,0.03,0.035,9908404,57007200,4,4,16,30720000,0,1,1,1,1,0.538879299457,0.538879299457,0.538879299457,0.840235548766,1,4.75341038159,0,0,"2-3(score=2.59454e+06,gain=2.59454e+06);6-7(score=1.58974e+06,gain=1.58974e+06);0-1(score=926888,gain=926888);4-5(score=841520,gain=841520)","2-3(score=1.92855e+06,gain=1.92855e+06);6-7(score=1.35883e+06,gain=1.35883e+06);0-1(score=749970,gain=749970);4-5(score=613911,gain=613911)","6-7(score=9.9e+06,gain=9.9e+06);0-1(score=8.22e+06,gain=8.22e+06);2-3(score=6.3e+06,gain=6.3e+06);4-5(score=6.3e+06,gain=6.3e+06)","2-3(score=2594544,gain=2594544);6-7(score=1589742,gain=1589742);0-1(score=926888,gain=926888);4-5(score=841520,gain=841520);1-2(score=817340,gain=817340);3-4(score=719426,gain=719426);5-6(score=718130,gain=718130);0-4(score=647318,gain=647318)","2-3(score=1928552.15603,gain=1928552.15603);6-7(score=1358825.50557,gain=1358825.50557);0-1(score=749969.90282,gain=749969.90282);4-5(score=613911.154007,gain=613911.154007);0-4(score=471898.101983,gain=471898.101983);1-5(score=253343.22754,gain=253343.22754);5-6(score=210720.941015,gain=210720.941015);1-2(score=184883.058732,gain=184883.058732)","6-7(score=9900000,gain=9900000);0-1(score=8220000,gain=8220000);1-2(score=8220000,gain=8220000);2-3(score=6300000,gain=6300000);4-5(score=6300000,gain=6300000);3-4(score=4435200,gain=4435200);5-6(score=4032000,gain=4032000);0-4(score=3480000,gain=3480000)"
cross-community-distractor-replay,ocs-oracle,1401,0.5,7,0.035,0.04,9772752,57007200,4,4,16,30720000,0,1,1,1,1,0.538879299457,0.538879299457,0.538879299457,0.816155773747,1,4.83327122198,0,0,"2-3(score=2.72422e+06,gain=2.72422e+06);6-7(score=1.47452e+06,gain=1.47452e+06);0-1(score=957106,gain=957106);4-5(score=688830,gain=688830)","2-3(score=2.00416e+06,gain=2.00416e+06);6-7(score=1.26865e+06,gain=1.26865e+06);0-1(score=772786,gain=772786);4-5(score=490788,gain=490788)","6-7(score=9.9e+06,gain=9.9e+06);0-1(score=8.22e+06,gain=8.22e+06);2-3(score=6.3e+06,gain=6.3e+06);4-5(score=6.3e+06,gain=6.3e+06)","2-3(score=2724218,gain=2724218);6-7(score=1474522,gain=1474522);0-1(score=957106,gain=957106);1-2(score=836170,gain=836170);5-6(score=720016,gain=720016);3-4(score=712852,gain=712852);4-5(score=688830,gain=688830);0-4(score=591322,gain=591322)","2-3(score=2004159.06031,gain=2004159.06031);6-7(score=1268653.10608,gain=1268653.10608);0-1(score=772785.788812,gain=772785.788812);4-5(score=490788.122296,gain=490788.122296);0-4(score=433432.840544,gain=433432.840544);1-5(score=302167.402168,gain=302167.402168);5-6(score=224425.006757,gain=224425.006757);3-4(score=181191.473986,gain=181191.473986)","6-7(score=9900000,gain=9900000);0-1(score=8220000,gain=8220000);1-2(score=8220000,gain=8220000);2-3(score=6300000,gain=6300000);4-5(score=6300000,gain=6300000);3-4(score=4435200,gain=4435200);5-6(score=4032000,gain=4032000);0-4(score=3480000,gain=3480000)"
cross-community-distractor-replay,ocs-oracle,1401,0.5,8,0.04,0.045,10280224,57007200,4,4,16,30720000,0,1,1,1,1,0.538879299457,0.538879299457,0.538879299457,0.835779525994,1,4.54531868024,0,0,"2-3(score=2.72341e+06,gain=2.72341e+06);6-7(score=1.37834e+06,gain=1.37834e+06);4-5(score=1.20333e+06,gain=1.20333e+06);0-1(score=1.07413e+06,gain=1.07413e+06)","2-3(score=2.03222e+06,gain=2.03222e+06);6-7(score=1.20365e+06,gain=1.20365e+06);4-5(score=910398,gain=910398);0-1(score=876354,gain=876354)","6-7(score=9.9e+06,gain=9.9e+06);0-1(score=8.22e+06,gain=8.22e+06);2-3(score=6.3e+06,gain=6.3e+06);4-5(score=6.3e+06,gain=6.3e+06)","2-3(score=2723408,gain=2723408);6-7(score=1378336,gain=1378336);4-5(score=1203332,gain=1203332);0-1(score=1074130,gain=1074130);1-2(score=843758,gain=843758);3-4(score=726452,gain=726452);5-6(score=675296,gain=675296);0-4(score=617756,gain=617756)","2-3(score=2032215.75607,gain=2032215.75607);6-7(score=1203645.90851,gain=1203645.90851);4-5(score=910397.551416,gain=910397.551416);0-1(score=876354.152755,gain=876354.152755);0-4(score=408123.05521,gain=408123.05521);1-5(score=209194.284612,gain=209194.284612);5-6(score=187829.589242,gain=187829.589242);1-2(score=181109.140312,gain=181109.140312)","6-7(score=9900000,gain=9900000);0-1(score=8220000,gain=8220000);1-2(score=8220000,gain=8220000);2-3(score=6300000,gain=6300000);4-5(score=6300000,gain=6300000);3-4(score=4435200,gain=4435200);5-6(score=4032000,gain=4032000);0-4(score=3480000,gain=3480000)"
cross-community-distractor-replay,ocs-oracle,1401,0.5,9,0.045,0.05,10326974,57007200,4,4,16,30720000,0,1,1,1,1,0.538879299457,0.538879299457,0.538879299457,0.850565073956,1,4.52021517979,0,0,"2-3(score=2.72803e+06,gain=2.72803e+06);6-7(score=1.88565e+06,gain=1.88565e+06);0-1(score=1.09456e+06,gain=1.09456e+06);4-5(score=883884,gain=883884)","2-3(score=2.05222e+06,gain=2.05222e+06);6-7(score=1.60188e+06,gain=1.60188e+06);0-1(score=902775,gain=902775);4-5(score=680075,gain=680075)","6-7(score=9.9e+06,gain=9.9e+06);0-1(score=8.22e+06,gain=8.22e+06);2-3(score=6.3e+06,gain=6.3e+06);4-5(score=6.3e+06,gain=6.3e+06)","2-3(score=2728028,gain=2728028);6-7(score=1885652,gain=1885652);0-1(score=1094558,gain=1094558);4-5(score=883884,gain=883884);1-2(score=846002,gain=846002);5-6(score=670676,gain=670676);3-4(score=654962,gain=654962);0-4(score=564984,gain=564984)","2-3(score=2052220.40368,gain=2052220.40368);6-7(score=1601875.72358,gain=1601875.72358);0-1(score=902774.595642,gain=902774.595642);4-5(score=680075.184813,gain=680075.184813);0-4(score=395941.536745,gain=395941.536745);1-5(score=215067.196615,gain=215067.196615);5-6(score=184781.349626,gain=184781.349626);1-2(score=184594.432954,gain=184594.432954)","6-7(score=9900000,gain=9900000);0-1(score=8220000,gain=8220000);1-2(score=8220000,gain=8220000);2-3(score=6300000,gain=6300000);4-5(score=6300000,gain=6300000);3-4(score=4435200,gain=4435200);5-6(score=4032000,gain=4032000);0-4(score=3480000,gain=3480000)"
cross-community-distractor-replay,ocs-oracle,1401,0.7,1,0.005,0.01,1271190,85510800,4,4,24,46080000,0,0.4,1,0.4,1,0.428366943123,0.538879299457,0.538879299457,0.933579249576,1,66.2673693054,21780000,0,"1-2(score=161030,gain=161030);4-5(score=133940,gain=133940);6-7(score=121920,gain=121920)","0-1(score=111704,gain=111704);6-7(score=104846,gain=104846);2-3(score=91209,gain=91209);4-5(score=80660.9,gain=80660.9)","6-7(score=1.485e+07,gain=1.485e+07);0-1(score=1.233e+07,gain=1.233e+07);2-3(score=9.45e+06,gain=9.45e+06);4-5(score=9.45e+06,gain=9.45e+06)","1-2(score=161030,gain=161030);0-1(score=155666,gain=155666);4-5(score=133940,gain=133940);5-6(score=133670,gain=133670);2-3(score=129968,gain=129968);6-7(score=121920,gain=121920);3-4(score=121758,gain=121758);0-4(score=112156,gain=112156)","0-1(score=111704.459477,gain=111704.459477);6-7(score=104845.598848,gain=104845.598848);2-3(score=91208.9802988,gain=91208.9802988);4-5(score=80660.9409577,gain=80660.9409577);0-4(score=73405.1468671,gain=73405.1468671);1-2(score=48387.1375947,gain=48387.1375947);3-4(score=42668.0291766,gain=42668.0291766);5-6(score=41050.3014892,gain=41050.3014892)","6-7(score=14850000,gain=14850000);0-1(score=12330000,gain=12330000);1-2(score=12330000,gain=12330000);2-3(score=9450000,gain=9450000);4-5(score=9450000,gain=9450000);3-4(score=6652800,gain=6652800);5-6(score=6048000,gain=6048000);0-4(score=5220000,gain=5220000)"
cross-community-distractor-replay,ocs-oracle,1401,0.7,2,0.01,0.015,12655034,85510800,4,4,24,46080000,0,1,1,1,1,0.538879299457,0.538879299457,0.538879299457,0.819064562033,0.777777777778,5.75704991177,0,0,"2-3(score=3.52978e+06,gain=3.52978e+06);0-1(score=1.73438e+06,gain=1.73438e+06);6-7(score=1.73349e+06,gain=1.73349e+06);4-5(score=1.6914e+06,gain=1.6914e+06)","2-3(score=2.6864e+06,gain=2.6864e+06);6-7(score=1.52474e+06,gain=1.52474e+06);0-1(score=1.47332e+06,gain=1.47332e+06);4-5(score=1.32675e+06,gain=1.32675e+06)","6-7(score=1.485e+07,gain=1.485e+07);0-1(score=1.233e+07,gain=1.233e+07);2-3(score=9.45e+06,gain=9.45e+06);4-5(score=9.45e+06,gain=9.45e+06)","2-3(score=3529776,gain=3529776);0-1(score=1734376,gain=1734376);6-7(score=1733488,gain=1733488);4-5(score=1691398,gain=1691398);3-4(score=915146,gain=915146);5-6(score=846404,gain=846404);1-2(score=804514,gain=804514);1-5(score=471188,gain=471188)","2-3(score=2686400.06519,gain=2686400.06519);6-7(score=1524736.19641,gain=1524736.19641);0-1(score=1473317.1914,gain=1473317.1914);4-5(score=1326745.77064,gain=1326745.77064);5-6(score=242026.217563,gain=242026.217563);3-4(score=188238.320155,gain=188238.320155);1-2(score=116692.107398,gain=116692.107398);0-4(score=97351.6880126,gain=97351.6880126)","6-7(score=14850000,gain=14850000);0-1(score=12330000,gain=12330000);1-2(score=12330000,gain=12330000);2-3(score=9450000,gain=9450000);4-5(score=9450000,gain=9450000);3-4(score=6652800,gain=6652800);5-6(score=6048000,gain=6048000);0-4(score=5220000,gain=5220000)"
cross-community-distractor-replay,ocs-oracle,1401,0.7,3,0.015,0.02,11307092,85510800,4,4,24,46080000,0,1,1,1,1,0.538879299457,0.538879299457,0.538879299457,0.73102041741,0.777777777778,6.56257063034,0,0,"2-3(score=3.73904e+06,gain=3.73904e+06);6-7(score=1.36726e+06,gain=1.36726e+06);0-1(score=1.31404e+06,gain=1.31404e+06);4-5(score=860770,gain=860770)","2-3(score=2.7411e+06,gain=2.7411e+06);6-7(score=1.20421e+06,gain=1.20421e+06);0-1(score=1.08465e+06,gain=1.08465e+06);4-5(score=644887,gain=644887)","6-7(score=1.485e+07,gain=1.485e+07);0-1(score=1.233e+07,gain=1.233e+07);2-3(score=9.45e+06,gain=9.45e+06);4-5(score=9.45e+06,gain=9.45e+06)","2-3(score=3739040,gain=3739040);6-7(score=1367260,gain=1367260);0-1(score=1314044,gain=1314044);4-5(score=860770,gain=860770);3-4(score=714344,gain=714344);5-6(score=694214,gain=694214);1-2(score=693142,gain=693142);1-5(score=652632,gain=652632)","2-3(score=2741103.33246,gain=2741103.33246);6-7(score=1204211.18825,gain=1204211.18825);0-1(score=1084646.62036,gain=1084646.62036);4-5(score=644887.138948,gain=644887.138948);0-4(score=445601.040477,gain=445601.040477);1-5(score=392978.290015,gain=392978.290015);5-6(score=215475.428242,gain=215475.428242);3-4(score=139423.69611,gain=139423.69611)","6-7(score=14850000,gain=14850000);0-1(score=12330000,gain=12330000);1-2(score=12330000,gain=12330000);2-3(score=9450000,gain=9450000);4-5(score=9450000,gain=9450000);3-4(score=6652800,gain=6652800);5-6(score=6048000,gain=6048000);0-4(score=5220000,gain=5220000)"
cross-community-distractor-replay,ocs-oracle,1401,0.7,4,0.02,0.025,13891894,85510800,4,4,24,46080000,0,1,1,1,1,0.538879299457,0.538879299457,0.538879299457,0.817245829088,1,5.15543907851,0,0,"2-3(score=3.81684e+06,gain=3.81684e+06);6-7(score=3.46987e+06,gain=3.46987e+06);0-1(score=1.41456e+06,gain=1.41456e+06);4-5(score=1.23934e+06,gain=1.23934e+06)","2-3(score=2.97712e+06,gain=2.97712e+06);6-7(score=2.88148e+06,gain=2.88148e+06);0-1(score=1.21227e+06,gain=1.21227e+06);4-5(score=1.00267e+06,gain=1.00267e+06)","6-7(score=1.485e+07,gain=1.485e+07);0-1(score=1.233e+07,gain=1.233e+07);2-3(score=9.45e+06,gain=9.45e+06);4-5(score=9.45e+06,gain=9.45e+06)","2-3(score=3816836,gain=3816836);6-7(score=3469872,gain=3469872);0-1(score=1414558,gain=1414558);4-5(score=1239342,gain=1239342);1-2(score=749748,gain=749748);3-4(score=741966,gain=741966);5-6(score=690408,gain=690408);0-4(score=620232,gain=620232)","2-3(score=2977123.66395,gain=2977123.66395);6-7(score=2881478.67773,gain=2881478.67773);0-1(score=1212266.51672,gain=1212266.51672);4-5(score=1002668.96908,gain=1002668.96908);0-4(score=429704.071389,gain=429704.071389);1-5(score=346572.328525,gain=346572.328525);3-4(score=157550.87629,gain=157550.87629);5-6(score=130898.159824,gain=130898.159824)","6-7(score=14850000,gain=14850000);0-1(score=12330000,gain=12330000);1-2(score=12330000,gain=12330000);2-3(score=9450000,gain=9450000);4-5(score=9450000,gain=9450000);3-4(score=6652800,gain=6652800);5-6(score=6048000,gain=6048000);0-4(score=5220000,gain=5220000)"
cross-community-distractor-replay,ocs-oracle,1401,0.7,5,0.025,0.03,14899070,85510800,4,4,22,37440000,0,1,1,1,1,0.538879299457,0.538879299457,0.538879299457,0.838000115327,1,4.73933236719,0,0,"2-3(score=3.79503e+06,gain=3.79503e+06);6-7(score=3.60617e+06,gain=3.60617e+06);0-1(score=2.73203e+06,gain=2.73203e+06);4-5(score=1.10004e+06,gain=1.10004e+06)","2-3(score=3.04179e+06,gain=3.04179e+06);6-7(score=3.02589e+06,gain=3.02589e+06);0-1(score=2.30021e+06,gain=2.30021e+06);4-5(score=913681,gain=913681)","6-7(score=1.485e+07,gain=1.485e+07);0-1(score=1.233e+07,gain=1.233e+07);2-3(score=9.45e+06,gain=9.45e+06);4-5(score=9.45e+06,gain=9.45e+06)","2-3(score=3795028,gain=3795028);6-7(score=3606166,gain=3606166);0-1(score=2732032,gain=2732032);4-5(score=1100042,gain=1100042);3-4(score=742556,gain=742556);5-6(score=659708,gain=659708);1-2(score=622438,gain=622438);0-4(score=571402,gain=571402)","2-3(score=3041789.24482,gain=3041789.24482);6-7(score=3025888.23296,gain=3025888.23296);0-1(score=2300214.74146,gain=2300214.74146);4-5(score=913680.584959,gain=913680.584959);3-4(score=187479.149199,gain=187479.149199);0-4(score=151892.485844,gain=151892.485844);5-6(score=144770.326376,gain=144770.326376);1-5(score=119983.945396,gain=119983.945396)","6-7(score=14850000,gain=14850000);0-1(score=12330000,gain=12330000);1-2(score=12330000,gain=12330000);2-3(score=9450000,gain=9450000);4-5(score=9450000,gain=9450000);3-4(score=6652800,gain=6652800);5-6(score=6048000,gain=6048000);0-4(score=5220000,gain=5220000)"
cross-community-distractor-replay,ocs-oracle,1401,0.7,6,0.03,0.035,13448934,85510800,4,4,23,43560000,0,1,1,1,1,0.538879299457,0.538879299457,0.538879299457,0.818457129542,0.777777777778,5.3581770535,0,0,"2-3(score=3.82618e+06,gain=3.82618e+06);6-7(score=2.47746e+06,gain=2.47746e+06);0-1(score=1.92463e+06,gain=1.92463e+06);4-5(score=1.28723e+06,gain=1.28723e+06)","2-3(score=2.96115e+06,gain=2.96115e+06);6-7(score=2.13107e+06,gain=2.13107e+06);0-1(score=1.62045e+06,gain=1.62045e+06);4-5(score=1.03253e+06,gain=1.03253e+06)","6-7(score=1.485e+07,gain=1.485e+07);0-1(score=1.233e+07,gain=1.233e+07);2-3(score=9.45e+06,gain=9.45e+06);4-5(score=9.45e+06,gain=9.45e+06)","2-3(score=3826176,gain=3826176);6-7(score=2477456,gain=2477456);0-1(score=1924634,gain=1924634);4-5(score=1287232,gain=1287232);3-4(score=736826,gain=736826);5-6(score=690624,gain=690624);1-2(score=680320,gain=680320);1-5(score=622754,gain=622754)","2-3(score=2961146.13866,gain=2961146.13866);6-7(score=2131069.14594,gain=2131069.14594);0-1(score=1620451.08776,gain=1620451.08776);4-5(score=1032534.75302,gain=1032534.75302);0-4(score=361991.597404,gain=361991.597404);1-5(score=310684.296116,gain=310684.296116);5-6(score=163509.151324,gain=163509.151324);3-4(score=144968.491338,gain=144968.491338)","6-7(score=14850000,gain=14850000);0-1(score=12330000,gain=12330000);1-2(score=12330000,gain=12330000);2-3(score=9450000,gain=9450000);4-5(score=9450000,gain=9450000);3-4(score=6652800,gain=6652800);5-6(score=6048000,gain=6048000);0-4(score=5220000,gain=5220000)"
cross-community-distractor-replay,ocs-oracle,1401,0.7,7,0.035,0.04,14124566,85510800,4,4,22,39120000,0,1,1,1,1,0.538879299457,0.538879299457,0.538879299457,0.840518096627,1,5.0540415208,0,0,"2-3(score=3.72353e+06,gain=3.72353e+06);0-1(score=2.63345e+06,gain=2.63345e+06);6-7(score=2.52675e+06,gain=2.52675e+06);4-5(score=1.40705e+06,gain=1.40705e+06)","2-3(score=2.94784e+06,gain=2.94784e+06);0-1(score=2.1886e+06,gain=2.1886e+06);6-7(score=2.18428e+06,gain=2.18428e+06);4-5(score=1.14938e+06,gain=1.14938e+06)","6-7(score=1.485e+07,gain=1.485e+07);0-1(score=1.233e+07,gain=1.233e+07);2-3(score=9.45e+06,gain=9.45e+06);4-5(score=9.45e+06,gain=9.45e+06)","2-3(score=3723534,gain=3723534);0-1(score=2633452,gain=2633452);6-7(score=2526748,gain=2526748);4-5(score=1407052,gain=1407052);5-6(score=758274,gain=758274);1-2(score=708270,gain=708270);3-4(score=680532,gain=680532);0-4(score=608950,gain=608950)","2-3(score=2947843.92524,gain=2947843.92524);0-1(score=2188598.22302,gain=2188598.22302);6-7(score=2184284.86149,gain=2184284.86149);4-5(score=1149384.10259,gain=1149384.10259);5-6(score=196208.477276,gain=196208.477276);0-4(score=149722.50646,gain=149722.50646);3-4(score=130069.918449,gain=130069.918449);1-5(score=81839.0251802,gain=81839.0251802)","6-7(score=14850000,gain=14850000);0-1(score=12330000,gain=12330000);1-2(score=12330000,gain=12330000);2-3(score=9450000,gain=9450000);4-5(score=9450000,gain=9450000);3-4(score=6652800,gain=6652800);5-6(score=6048000,gain=6048000);0-4(score=5220000,gain=5220000)"
cross-community-distractor-replay,ocs-oracle,1401,0.7,8,0.04,0.045,14421180,85510800,4,4,21,33960000,0,1,1,1,1,0.538879299457,0.538879299457,0.538879299457,0.845617757029,1,4.92952249875,0,0,"2-3(score=3.75708e+06,gain=3.75708e+06);6-7(score=3.02781e+06,gain=3.02781e+06);0-1(score=2.12168e+06,gain=2.12168e+06);4-5(score=1.84454e+06,gain=1.84454e+06)","2-3(score=2.99784e+06,gain=2.99784e+06);6-7(score=2.59045e+06,gain=2.59045e+06);0-1(score=1.8017e+06,gain=1.8017e+06);4-5(score=1.51509e+06,gain=1.51509e+06)","6-7(score=1.485e+07,gain=1.485e+07);0-1(score=1.233e+07,gain=1.233e+07);2-3(score=9.45e+06,gain=9.45e+06);4-5(score=9.45e+06,gain=9.45e+06)","2-3(score=3757082,gain=3757082);6-7(score=3027812,gain=3027812);0-1(score=2121684,gain=2121684);4-5(score=1844538,gain=1844538);1-2(score=702004,gain=702004);3-4(score=666426,gain=666426);5-6(score=647038,gain=647038);0-4(score=617070,gain=617070)","2-3(score=2997837.0177,gain=2997837.0177);6-7(score=2590449.90019,gain=2590449.90019);0-1(score=1801697.98553,gain=1801697.98553);4-5(score=1515088.40036,gain=1515088.40036);0-4(score=160022.263358,gain=160022.263358);5-6(score=104122.06464,gain=104122.06464);1-5(score=95615.711336,gain=95615.711336);3-4(score=93342.1395144,gain=93342.1395144)","6-7(score=14850000,gain=14850000);0-1(score=12330000,gain=12330000);1-2(score=12330000,gain=12330000);2-3(score=9450000,gain=9450000);4-5(score=9450000,gain=9450000);3-4(score=6652800,gain=6652800);5-6(score=6048000,gain=6048000);0-4(score=5220000,gain=5220000)"
cross-community-distractor-replay,ocs-oracle,1401,0.7,9,0.045,0.05,14459698,85510800,4,4,22,40080000,0,1,1,1,1,0.538879299457,0.538879299457,0.538879299457,0.841258329872,0.777777777778,4.91372735121,0,0,"2-3(score=3.66332e+06,gain=3.66332e+06);6-7(score=2.75179e+06,gain=2.75179e+06);4-5(score=2.38481e+06,gain=2.38481e+06);0-1(score=1.78637e+06,gain=1.78637e+06)","2-3(score=2.91678e+06,gain=2.91678e+06);6-7(score=2.37056e+06,gain=2.37056e+06);4-5(score=1.92022e+06,gain=1.92022e+06);0-1(score=1.52826e+06,gain=1.52826e+06)","6-7(score=1.485e+07,gain=1.485e+07);0-1(score=1.233e+07,gain=1.233e+07);2-3(score=9.45e+06,gain=9.45e+06);4-5(score=9.45e+06,gain=9.45e+06)","2-3(score=3663318,gain=3663318);6-7(score=2751794,gain=2751794);4-5(score=2384814,gain=2384814);0-1(score=1786374,gain=1786374);1-2(score=746416,gain=746416);5-6(score=689074,gain=689074);3-4(score=675982,gain=675982);1-5(score=599790,gain=599790)","2-3(score=2916776.25843,gain=2916776.25843);6-7(score=2370561.32722,gain=2370561.32722);4-5(score=1920219.18868,gain=1920219.18868);0-1(score=1528256.36551,gain=1528256.36551);0-4(score=147582.642276,gain=147582.642276);1-2(score=103740.375175,gain=103740.375175);1-5(score=100926.628924,gain=100926.628924);5-6(score=90061.9043211,gain=90061.9043211)","6-7(score=14850000,gain=14850000);0-1(score=12330000,gain=12330000);1-2(score=12330000,gain=12330000);2-3(score=9450000,gain=9450000);4-5(score=9450000,gain=9450000);3-4(score=6652800,gain=6652800);5-6(score=6048000,gain=6048000);0-4(score=5220000,gain=5220000)"
cross-community-distractor-replay,ocs-volume,1401,0.5,1,0.005,0.01,1035096,57007200,3,3,12,24420000,0,0.4,0.4,0.4,1,0.428366943123,0.538879299457,0.538879299457,0.924889234379,1,54.0733716286,14520000,0,"1-2(score=132478,gain=132478);4-5(score=109036,gain=109036);6-7(score=96268,gain=96268)","0-1(score=85024.6,gain=85024.6);6-7(score=82850.6,gain=82850.6);2-3(score=73219.2,gain=73219.2);4-5(score=64700.2,gain=64700.2)","6-7(score=9.9e+06,gain=9.9e+06);0-1(score=8.22e+06,gain=8.22e+06);2-3(score=6.3e+06,gain=6.3e+06);4-5(score=6.3e+06,gain=6.3e+06)","1-2(score=132478,gain=132478);0-1(score=120732,gain=120732);4-5(score=109036,gain=109036);5-6(score=107856,gain=107856);2-3(score=104316,gain=104316);6-7(score=96268,gain=96268);3-4(score=96106,gain=96106);0-4(score=95944,gain=95944)","0-1(score=85024.5950057,gain=85024.5950057);6-7(score=82850.6014631,gain=82850.6014631);2-3(score=73219.1992743,gain=73219.1992743);4-5(score=64700.1807079,gain=64700.1807079);0-4(score=64430.9277168,gain=64430.9277168);1-2(score=39772.3832224,gain=39772.3832224);1-5(score=37713.1636486,gain=37713.1636486);3-4(score=33478.4440429,gain=33478.4440429)","6-7(score=9900000,gain=9900000);0-1(score=8220000,gain=8220000);1-2(score=8220000,gain=8220000);2-3(score=6300000,gain=6300000);4-5(score=6300000,gain=6300000);3-4(score=4435200,gain=4435200);5-6(score=4032000,gain=4032000);0-4(score=3480000,gain=3480000)"
cross-community-distractor-replay,ocs-volume,1401,0.5,2,0.01,0.015,10240088,57007200,3,3,12,24420000,0,1,0.4,0.4,0.4,0.428366943123,0.428366943123,0.538879299457,0.936930567701,0.777777777778,4.56705350511,14520000,14520000,"6-7(score=1.96521e+06,gain=1.96521e+06);1-2(score=1.94757e+06,gain=1.94757e+06);4-5(score=1.50637e+06,gain=1.50637e+06)","6-7(score=1.65217e+06,gain=1.65217e+06);1-2(score=1.39026e+06,gain=1.39026e+06);4-5(score=1.09922e+06,gain=1.09922e+06)","6-7(score=9.9e+06,gain=9.9e+06);0-1(score=8.22e+06,gain=8.22e+06);2-3(score=6.3e+06,gain=6.3e+06);4-5(score=6.3e+06,gain=6.3e+06)","6-7(score=1965208,gain=1965208);1-2(score=1947572,gain=1947572);4-5(score=1506368,gain=1506368);1-5(score=817988,gain=817988);0-1(score=769160,gain=769160);5-6(score=716800,gain=716800);3-4(score=709436,gain=709436);2-3(score=701186,gain=701186)","6-7(score=1652167.64132,gain=1652167.64132);1-2(score=1390260.86983,gain=1390260.86983);4-5(score=1099220.40509,gain=1099220.40509);0-1(score=545614.008661,gain=545614.008661);3-4(score=520583.026122,gain=520583.026122);2-3(score=239388.245301,gain=239388.245301);0-4(score=176331.07633,gain=176331.07633);1-5(score=146553.996156,gain=146553.996156)","6-7(score=9900000,gain=9900000);0-1(score=8220000,gain=8220000);1-2(score=8220000,gain=8220000);2-3(score=6300000,gain=6300000);4-5(score=6300000,gain=6300000);3-4(score=4435200,gain=4435200);5-6(score=4032000,gain=4032000);0-4(score=3480000,gain=3480000)"
cross-community-distractor-replay,ocs-volume,1401,0.5,3,0.015,0.02,7543344,57007200,4,4,16,30720000,0,1,1,1,1,0.538879299457,0.538879299457,0.538879299457,0.928867016427,0.777777777778,6.55726929186,0,0,"2-3(score=946590,gain=946590);6-7(score=838094,gain=838094);0-1(score=810796,gain=810796);4-5(score=793200,gain=793200)","6-7(score=729039,gain=729039);2-3(score=699625,gain=699625);0-1(score=583822,gain=583822);4-5(score=453782,gain=453782)","6-7(score=9.9e+06,gain=9.9e+06);0-1(score=8.22e+06,gain=8.22e+06);2-3(score=6.3e+06,gain=6.3e+06);4-5(score=6.3e+06,gain=6.3e+06)","2-3(score=946590,gain=946590);1-2(score=883752,gain=883752);6-7(score=838094,gain=838094);0-1(score=810796,gain=810796);1-5(score=802490,gain=802490);5-6(score=800976,gain=800976);4-5(score=793200,gain=793200);3-4(score=782842,gain=782842)","6-7(score=729038.533483,gain=729038.533483);2-3(score=699624.708426,gain=699624.708426);0-1(score=583821.525218,gain=583821.525218);4-5(score=453782.374633,gain=453782.374633);1-5(score=405811.413202,gain=405811.413202);0-4(score=366335.523778,gain=366335.523778);3-4(score=268959.275531,gain=268959.275531);1-2(score=263585.752757,gain=263585.752757)","6-7(score=9900000,gain=9900000);0-1(score=8220000,gain=8220000);1-2(score=8220000,gain=8220000);2-3(score=6300000,gain=6300000);4-5(score=6300000,gain=6300000);3-4(score=4435200,gain=4435200);5-6(score=4032000,gain=4032000);0-4(score=3480000,gain=3480000)"
cross-community-distractor-replay,ocs-volume,1401,0.5,4,0.02,0.025,12896344,57007200,4,4,16,30720000,0,1,1,1,1,0.538879299457,0.538879299457,0.538879299457,0.794249038757,0.777777777778,3.42041081043,0,0,"2-3(score=3.51058e+06,gain=3.51058e+06);0-1(score=2.82662e+06,gain=2.82662e+06);6-7(score=1.90496e+06,gain=1.90496e+06);4-5(score=946474,gain=946474)","2-3(score=2.78458e+06,gain=2.78458e+06);0-1(score=2.29814e+06,gain=2.29814e+06);6-7(score=1.67207e+06,gain=1.67207e+06);4-5(score=734827,gain=734827)","6-7(score=9.9e+06,gain=9.9e+06);0-1(score=8.22e+06,gain=8.22e+06);2-3(score=6.3e+06,gain=6.3e+06);4-5(score=6.3e+06,gain=6.3e+06)","2-3(score=3510582,gain=3510582);0-1(score=2826624,gain=2826624);6-7(score=1904960,gain=1904960);4-5(score=946474,gain=946474);5-6(score=748776,gain=748776);3-4(score=710252,gain=710252);1-5(score=709126,gain=709126);0-4(score=613694,gain=613694)","2-3(score=2784582.8971,gain=2784582.8971);0-1(score=2298140.58644,gain=2298140.58644);6-7(score=1672074.95515,gain=1672074.95515);4-5(score=734827.065104,gain=734827.065104);5-6(score=227418.191552,gain=227418.191552);1-5(score=169889.252403,gain=169889.252403);3-4(score=169355.018506,gain=169355.018506);0-4(score=155428.760971,gain=155428.760971)","6-7(score=9900000,gain=9900000);0-1(score=8220000,gain=8220000);1-2(score=8220000,gain=8220000);2-3(score=6300000,gain=6300000);4-5(score=6300000,gain=6300000);3-4(score=4435200,gain=4435200);5-6(score=4032000,gain=4032000);0-4(score=3480000,gain=3480000)"
cross-community-distractor-replay,ocs-volume,1401,0.5,5,0.025,0.03,11364442,57007200,4,4,16,30720000,0,1,1,1,1,0.538879299457,0.538879299457,0.538879299457,0.833634944456,1,4.01627160463,0,0,"2-3(score=3.15606e+06,gain=3.15606e+06);6-7(score=1.68873e+06,gain=1.68873e+06);0-1(score=1.67045e+06,gain=1.67045e+06);4-5(score=935966,gain=935966)","2-3(score=2.3544e+06,gain=2.3544e+06);6-7(score=1.46781e+06,gain=1.46781e+06);0-1(score=1.37514e+06,gain=1.37514e+06);4-5(score=736244,gain=736244)","6-7(score=9.9e+06,gain=9.9e+06);0-1(score=8.22e+06,gain=8.22e+06);2-3(score=6.3e+06,gain=6.3e+06);4-5(score=6.3e+06,gain=6.3e+06)","2-3(score=3156064,gain=3156064);6-7(score=1688728,gain=1688728);0-1(score=1670452,gain=1670452);4-5(score=935966,gain=935966);1-2(score=900072,gain=900072);3-4(score=747862,gain=747862);5-6(score=673448,gain=673448);0-4(score=617540,gain=617540)","2-3(score=2354396.28769,gain=2354396.28769);6-7(score=1467808.35079,gain=1467808.35079);0-1(score=1375141.18038,gain=1375141.18038);4-5(score=736244.025728,gain=736244.025728);5-6(score=207702.366039,gain=207702.366039);0-4(score=192936.957492,gain=192936.957492);3-4(score=176288.86388,gain=176288.86388);1-2(score=148828.494506,gain=148828.494506)","6-7(score=9900000,gain=9900000);0-1(score=8220000,gain=8220000);1-2(score=8220000,gain=8220000);2-3(score=6300000,gain=6300000);4-5(score=6300000,gain=6300000);3-4(score=4435200,gain=4435200);5-6(score=4032000,gain=4032000);0-4(score=3480000,gain=3480000)"
cross-community-distractor-replay,ocs-volume,1401,0.5,6,0.03,0.035,10471684,57007200,4,4,16,30720000,0,1,1,1,1,0.538879299457,0.538879299457,0.538879299457,0.866184340153,1,4.4439305091,0,0,"2-3(score=2.58118e+06,gain=2.58118e+06);0-1(score=1.59952e+06,gain=1.59952e+06);6-7(score=1.4041e+06,gain=1.4041e+06);4-5(score=980606,gain=980606)","2-3(score=1.95304e+06,gain=1.95304e+06);0-1(score=1.29255e+06,gain=1.29255e+06);6-7(score=1.22412e+06,gain=1.22412e+06);4-5(score=744135,gain=744135)","6-7(score=9.9e+06,gain=9.9e+06);0-1(score=8.22e+06,gain=8.22e+06);2-3(score=6.3e+06,gain=6.3e+06);4-5(score=6.3e+06,gain=6.3e+06)","2-3(score=2581182,gain=2581182);0-1(score=1599518,gain=1599518);6-7(score=1404100,gain=1404100);4-5(score=980606,gain=980606);1-2(score=830432,gain=830432);3-4(score=713208,gain=713208);5-6(score=698752,gain=698752);0-4(score=634762,gain=634762)","2-3(score=1953041.91341,gain=1953041.91341);0-1(score=1292548.70572,gain=1292548.70572);6-7(score=1224123.72979,gain=1224123.72979);4-5(score=744135.440383,gain=744135.440383);5-6(score=213068.297302,gain=213068.297302);0-4(score=193172.448986,gain=193172.448986);3-4(score=173461.59691,gain=173461.59691);1-2(score=140897.330913,gain=140897.330913)","6-7(score=9900000,gain=9900000);0-1(score=8220000,gain=8220000);1-2(score=8220000,gain=8220000);2-3(score=6300000,gain=6300000);4-5(score=6300000,gain=6300000);3-4(score=4435200,gain=4435200);5-6(score=4032000,gain=4032000);0-4(score=3480000,gain=3480000)"
cross-community-distractor-replay,ocs-volume,1401,0.5,7,0.035,0.04,9718116,57007200,4,4,16,30720000,0,1,1,1,1,0.538879299457,0.538879299457,0.538879299457,0.806163302773,0.777777777778,4.86606626334,0,0,"2-3(score=2.72824e+06,gain=2.72824e+06);6-7(score=1.62005e+06,gain=1.62005e+06);0-1(score=940108,gain=940108);4-5(score=527042,gain=527042)","2-3(score=2.01244e+06,gain=2.01244e+06);6-7(score=1.37596e+06,gain=1.37596e+06);0-1(score=761613,gain=761613);4-5(score=359863,gain=359863)","6-7(score=9.9e+06,gain=9.9e+06);0-1(score=8.22e+06,gain=8.22e+06);2-3(score=6.3e+06,gain=6.3e+06);4-5(score=6.3e+06,gain=6.3e+06)","2-3(score=2728244,gain=2728244);6-7(score=1620052,gain=1620052);0-1(score=940108,gain=940108);1-2(score=760132,gain=760132);5-6(score=717012,gain=717012);3-4(score=681848,gain=681848);0-4(score=600230,gain=600230);2-6(score=591414,gain=591414)","2-3(score=2012443.7749,gain=2012443.7749);6-7(score=1375957.02105,gain=1375957.02105);0-1(score=761613.360267,gain=761613.360267);0-4(score=456855.693573,gain=456855.693573);4-5(score=359862.542451,gain=359862.542451);1-5(score=343903.005057,gain=343903.005057);5-6(score=223196.743708,gain=223196.743708);3-4(score=182218.710851,gain=182218.710851)","6-7(score=9900000,gain=9900000);0-1(score=8220000,gain=8220000);1-2(score=8220000,gain=8220000);2-3(score=6300000,gain=6300000);4-5(score=6300000,gain=6300000);3-4(score=4435200,gain=4435200);5-6(score=4032000,gain=4032000);0-4(score=3480000,gain=3480000)"
cross-community-distractor-replay,ocs-volume,1401,0.5,8,0.04,0.045,10790056,57007200,4,4,16,30720000,0,1,1,1,1,0.538879299457,0.538879299457,0.538879299457,0.859125682335,1,4.28330185687,0,0,"2-3(score=2.71033e+06,gain=2.71033e+06);6-7(score=1.88747e+06,gain=1.88747e+06);4-5(score=1.28322e+06,gain=1.28322e+06);0-1(score=1.01099e+06,gain=1.01099e+06)","2-3(score=2.05444e+06,gain=2.05444e+06);6-7(score=1.61632e+06,gain=1.61632e+06);4-5(score=984196,gain=984196);0-1(score=836003,gain=836003)","6-7(score=9.9e+06,gain=9.9e+06);0-1(score=8.22e+06,gain=8.22e+06);2-3(score=6.3e+06,gain=6.3e+06);4-5(score=6.3e+06,gain=6.3e+06)","2-3(score=2710332,gain=2710332);6-7(score=1887470,gain=1887470);4-5(score=1283218,gain=1283218);0-1(score=1010986,gain=1010986);1-2(score=834400,gain=834400);3-4(score=749038,gain=749038);5-6(score=665798,gain=665798);0-4(score=592702,gain=592702)","2-3(score=2054439.49329,gain=2054439.49329);6-7(score=1616324.70905,gain=1616324.70905);4-5(score=984196.208474,gain=984196.208474);0-1(score=836003.145036,gain=836003.145036);0-4(score=397632.871299,gain=397632.871299);1-5(score=241048.490862,gain=241048.490862);1-2(score=193979.039941,gain=193979.039941);3-4(score=164123.869603,gain=164123.869603)","6-7(score=9900000,gain=9900000);0-1(score=8220000,gain=8220000);1-2(score=8220000,gain=8220000);2-3(score=6300000,gain=6300000);4-5(score=6300000,gain=6300000);3-4(score=4435200,gain=4435200);5-6(score=4032000,gain=4032000);0-4(score=3480000,gain=3480000)"
cross-community-distractor-replay,ocs-volume,1401,0.5,9,0.045,0.05,10336236,57007200,4,4,16,30720000,0,1,1,1,1,0.538879299457,0.538879299457,0.538879299457,0.843000439296,1,4.51526868438,0,0,"2-3(score=2.72433e+06,gain=2.72433e+06);6-7(score=1.95079e+06,gain=1.95079e+06);0-1(score=972142,gain=972142);4-5(score=822828,gain=822828)","2-3(score=2.04403e+06,gain=2.04403e+06);6-7(score=1.6501e+06,gain=1.6501e+06);0-1(score=796874,gain=796874);4-5(score=618296,gain=618296)","6-7(score=9.9e+06,gain=9.9e+06);0-1(score=8.22e+06,gain=8.22e+06);2-3(score=6.3e+06,gain=6.3e+06);4-5(score=6.3e+06,gain=6.3e+06)","2-3(score=2724330,gain=2724330);6-7(score=1950788,gain=1950788);0-1(score=972142,gain=972142);1-2(score=829572,gain=829572);4-5(score=822828,gain=822828);3-4(score=686494,gain=686494);5-6(score=666330,gain=666330);0-4(score=576414,gain=576414)","2-3(score=2044026.72293,gain=2044026.72293);6-7(score=1650096.06992,gain=1650096.06992);0-1(score=796874.063367,gain=796874.063367);4-5(score=618296.34946,gain=618296.34946);0-4(score=420173.420875,gain=420173.420875);1-5(score=308587.987891,gain=308587.987891);1-2(score=181450.279644,gain=181450.279644);5-6(score=176931.090683,gain=176931.090683)","6-7(score=9900000,gain=9900000);0-1(score=8220000,gain=8220000);1-2(score=8220000,gain=8220000);2-3(score=6300000,gain=6300000);4-5(score=6300000,gain=6300000);3-4(score=4435200,gain=4435200);5-6(score=4032000,gain=4032000);0-4(score=3480000,gain=3480000)"
cross-community-distractor-replay,ocs-volume,1401,0.7,1,0.005,0.01,1271190,85510800,3,3,18,36630000,0,0.4,0.4,0.4,1,0.428366943123,0.538879299457,0.538879299457,0.933579249576,1,66.2673693054,21780000,0,"1-2(score=161030,gain=161030);4-5(score=133940,gain=133940);6-7(score=121920,gain=121920)","0-1(score=111704,gain=111704);6-7(score=104846,gain=104846);2-3(score=91209,gain=91209);4-5(score=80660.9,gain=80660.9)","6-7(score=1.485e+07,gain=1.485e+07);0-1(score=1.233e+07,gain=1.233e+07);2-3(score=9.45e+06,gain=9.45e+06);4-5(score=9.45e+06,gain=9.45e+06)","1-2(score=161030,gain=161030);0-1(score=155666,gain=155666);4-5(score=133940,gain=133940);5-6(score=133670,gain=133670);2-3(score=129968,gain=129968);6-7(score=121920,gain=121920);3-4(score=121758,gain=121758);0-4(score=112156,gain=112156)","0-1(score=111704.459477,gain=111704.459477);6-7(score=104845.598848,gain=104845.598848);2-3(score=91208.9802988,gain=91208.9802988);4-5(score=80660.9409577,gain=80660.9409577);0-4(score=73405.1468671,gain=73405.1468671);1-2(score=48387.1375947,gain=48387.1375947);3-4(score=42668.0291766,gain=42668.0291766);5-6(score=41050.3014892,gain=41050.3014892)","6-7(score=14850000,gain=14850000);0-1(score=12330000,gain=12330000);1-2(score=12330000,gain=12330000);2-3(score=9450000,gain=9450000);4-5(score=9450000,gain=9450000);3-4(score=6652800,gain=6652800);5-6(score=6048000,gain=6048000);0-4(score=5220000,gain=5220000)"
cross-community-distractor-replay,ocs-volume,1401,0.7,2,0.01,0.015,10072418,85510800,3,3,18,36630000,0,1,0.4,0.4,0.4,0.428366943123,0.428366943123,0.538879299457,0.933817004772,0.777777777778,7.48958663028,21780000,21780000,"4-5(score=1.72e+06,gain=1.72e+06);6-7(score=1.63373e+06,gain=1.63373e+06);1-2(score=1.43332e+06,gain=1.43332e+06)","6-7(score=1.40085e+06,gain=1.40085e+06);4-5(score=1.1819e+06,gain=1.1819e+06);1-2(score=993477,gain=993477)","6-7(score=1.485e+07,gain=1.485e+07);0-1(score=1.233e+07,gain=1.233e+07);2-3(score=9.45e+06,gain=9.45e+06);4-5(score=9.45e+06,gain=9.45e+06)","4-5(score=1719996,gain=1719996);6-7(score=1633734,gain=1633734);1-2(score=1433318,gain=1433318);1-5(score=996814,gain=996814);3-4(score=952494,gain=952494);0-1(score=870830,gain=870830);2-3(score=847052,gain=847052);5-6(score=834018,gain=834018)","6-7(score=1400848.16803,gain=1400848.16803);4-5(score=1181895.49556,gain=1181895.49556);1-2(score=993476.512716,gain=993476.512716);3-4(score=679786.729932,gain=679786.729932);0-1(score=665817.370912,gain=665817.370912);2-3(score=303634.436711,gain=303634.436711);1-5(score=207485.090868,gain=207485.090868);5-6(score=163926.939836,gain=163926.939836)","6-7(score=14850000,gain=14850000);0-1(score=12330000,gain=12330000);1-2(score=12330000,gain=12330000);2-3(score=9450000,gain=9450000);4-5(score=9450000,gain=9450000);3-4(score=6652800,gain=6652800);5-6(score=6048000,gain=6048000);0-4(score=5220000,gain=5220000)"
cross-community-distractor-replay,ocs-volume,1401,0.7,3,0.015,0.02,8706180,85510800,3,3,18,36630000,0,1,0.4,0.4,0.4,0.428366943123,0.428366943123,0.538879299457,0.945325118172,0.777777777778,8.82183244626,21780000,21780000,"6-7(score=1.32973e+06,gain=1.32973e+06);1-2(score=1.32542e+06,gain=1.32542e+06);4-5(score=896684,gain=896684)","6-7(score=1.12495e+06,gain=1.12495e+06);1-2(score=854247,gain=854247);4-5(score=564042,gain=564042)","6-7(score=1.485e+07,gain=1.485e+07);0-1(score=1.233e+07,gain=1.233e+07);2-3(score=9.45e+06,gain=9.45e+06);4-5(score=9.45e+06,gain=9.45e+06)","6-7(score=1329728,gain=1329728);1-2(score=1325424,gain=1325424);1-5(score=962540,gain=962540);4-5(score=896684,gain=896684);0-1(score=762354,gain=762354);3-4(score=736012,gain=736012);2-3(score=700600,gain=700600);5-6(score=688156,gain=688156)","6-7(score=1124948.7761,gain=1124948.7761);1-2(score=854246.50245,gain=854246.50245);4-5(score=564041.555741,gain=564041.555741);3-4(score=548416.067264,gain=548416.067264);0-1(score=516504.3632,gain=516504.3632);1-5(score=258143.466123,gain=258143.466123);2-3(score=239344.478787,gain=239344.478787);0-4(score=228894.3508,gain=228894.3508)","6-7(score=14850000,gain=14850000);0-1(score=12330000,gain=12330000);1-2(score=12330000,gain=12330000);2-3(score=9450000,gain=9450000);4-5(score=9450000,gain=9450000);3-4(score=6652800,gain=6652800);5-6(score=6048000,gain=6048000);0-4(score=5220000,gain=5220000)"
cross-community-distractor-replay,ocs-volume,1401,0.7,4,0.02,0.025,11078702,85510800,3,3,18,36630000,0,1,0.4,0.4,0.4,0.428366943123,0.428366943123,0.538879299457,0.889382315637,0.777777777778,6.71847451691,21780000,21780000,"6-7(score=3.29786e+06,gain=3.29786e+06);1-2(score=1.36921e+06,gain=1.36921e+06);4-5(score=1.31556e+06,gain=1.31556e+06)","6-7(score=2.62195e+06,gain=2.62195e+06);1-2(score=996041,gain=996041);4-5(score=959412,gain=959412)","6-7(score=1.485e+07,gain=1.485e+07);0-1(score=1.233e+07,gain=1.233e+07);2-3(score=9.45e+06,gain=9.45e+06);4-5(score=9.45e+06,gain=9.45e+06)","6-7(score=3297858,gain=3297858);1-2(score=1369208,gain=1369208);4-5(score=1315560,gain=1315560);1-5(score=923750,gain=923750);0-1(score=795726,gain=795726);2-3(score=759886,gain=759886);3-4(score=754896,gain=754896);5-6(score=695452,gain=695452)","6-7(score=2621953.36284,gain=2621953.36284);1-2(score=996040.942823,gain=996040.942823);4-5(score=959411.661121,gain=959411.661121);0-1(score=598592.459724,gain=598592.459724);3-4(score=571069.477419,gain=571069.477419);2-3(score=288436.91825,gain=288436.91825);1-5(score=257325.937456,gain=257325.937456);0-4(score=223419.778934,gain=223419.778934)","6-7(score=14850000,gain=14850000);0-1(score=12330000,gain=12330000);1-2(score=12330000,gain=12330000);2-3(score=9450000,gain=9450000);4-5(score=9450000,gain=9450000);3-4(score=6652800,gain=6652800);5-6(score=6048000,gain=6048000);0-4(score=5220000,gain=5220000)"
cross-community-distractor-replay,ocs-volume,1401,0.7,5,0.025,0.03,11950238,85510800,3,3,17,32310000,0,1,0.4,0.4,0.4,0.428366943123,0.428366943123,0.538879299457,0.873609254315,0.777777777778,6.15556369671,21780000,21780000,"6-7(score=3.60598e+06,gain=3.60598e+06);1-2(score=2.48676e+06,gain=2.48676e+06);4-5(score=1.00163e+06,gain=1.00163e+06)","6-7(score=2.88522e+06,gain=2.88522e+06);1-2(score=1.84149e+06,gain=1.84149e+06);4-5(score=752189,gain=752189)","6-7(score=1.485e+07,gain=1.485e+07);0-1(score=1.233e+07,gain=1.233e+07);2-3(score=9.45e+06,gain=9.45e+06);4-5(score=9.45e+06,gain=9.45e+06)","6-7(score=3605980,gain=3605980);1-2(score=2486758,gain=2486758);4-5(score=1001634,gain=1001634);1-5(score=930452,gain=930452);0-1(score=783494,gain=783494);3-4(score=739120,gain=739120);2-3(score=663858,gain=663858);5-6(score=650496,gain=650496)","6-7(score=2885222.32153,gain=2885222.32153);1-2(score=1841491.74604,gain=1841491.74604);4-5(score=752188.993513,gain=752188.993513);3-4(score=603609.934372,gain=603609.934372);0-1(score=546004.986681,gain=546004.986681);1-5(score=238271.05279,gain=238271.05279);2-3(score=224173.923893,gain=224173.923893);0-4(score=218610.264009,gain=218610.264009)","6-7(score=14850000,gain=14850000);0-1(score=12330000,gain=12330000);1-2(score=12330000,gain=12330000);2-3(score=9450000,gain=9450000);4-5(score=9450000,gain=9450000);3-4(score=6652800,gain=6652800);5-6(score=6048000,gain=6048000);0-4(score=5220000,gain=5220000)"
cross-community-distractor-replay,ocs-volume,1401,0.7,6,0.03,0.035,11124840,85510800,3,3,16,29790000,0,1,0.4,0.4,0.4,0.428366943123,0.428366943123,0.538879299457,0.919717885912,0.777777777778,6.68646377329,21780000,21780000,"6-7(score=2.71956e+06,gain=2.71956e+06);1-2(score=2.07705e+06,gain=2.07705e+06);4-5(score=1.31444e+06,gain=1.31444e+06)","6-7(score=2.22982e+06,gain=2.22982e+06);1-2(score=1.50576e+06,gain=1.50576e+06);4-5(score=965343,gain=965343)","6-7(score=1.485e+07,gain=1.485e+07);0-1(score=1.233e+07,gain=1.233e+07);2-3(score=9.45e+06,gain=9.45e+06);4-5(score=9.45e+06,gain=9.45e+06)","6-7(score=2719564,gain=2719564);1-2(score=2077050,gain=2077050);4-5(score=1314438,gain=1314438);1-5(score=926214,gain=926214);0-1(score=767290,gain=767290);3-4(score=721486,gain=721486);2-3(score=700118,gain=700118);5-6(score=693250,gain=693250)","6-7(score=2229820.56039,gain=2229820.56039);1-2(score=1505762.68998,gain=1505762.68998);4-5(score=965343.473974,gain=965343.473974);3-4(score=552334.414645,gain=552334.414645);0-1(score=533634.982854,gain=533634.982854);2-3(score=242363.37688,gain=242363.37688);0-4(score=223715.182742,gain=223715.182742);1-5(score=214509.359007,gain=214509.359007)","6-7(score=14850000,gain=14850000);0-1(score=12330000,gain=12330000);1-2(score=12330000,gain=12330000);2-3(score=9450000,gain=9450000);4-5(score=9450000,gain=9450000);3-4(score=6652800,gain=6652800);5-6(score=6048000,gain=6048000);0-4(score=5220000,gain=5220000)"
cross-community-distractor-replay,ocs-volume,1401,0.7,7,0.035,0.04,11246058,85510800,3,3,16,29670000,0,1,0.4,0.4,0.4,0.428366943123,0.428366943123,0.538879299457,0.908646800795,0.777777777778,6.60361374047,21780000,21780000,"1-2(score=2.63503e+06,gain=2.63503e+06);6-7(score=2.25731e+06,gain=2.25731e+06);4-5(score=1.51584e+06,gain=1.51584e+06)","1-2(score=1.90932e+06,gain=1.90932e+06);6-7(score=1.90482e+06,gain=1.90482e+06);4-5(score=1.1346e+06,gain=1.1346e+06)","6-7(score=1.485e+07,gain=1.485e+07);0-1(score=1.233e+07,gain=1.233e+07);2-3(score=9.45e+06,gain=9.45e+06);4-5(score=9.45e+06,gain=9.45e+06)","1-2(score=2635030,gain=2635030);6-7(score=2257312,gain=2257312);4-5(score=1515844,gain=1515844);1-5(score=806682,gain=806682);2-3(score=741430,gain=741430);0-1(score=737960,gain=737960);5-6(score=726090,gain=726090);3-4(score=679942,gain=679942)","1-2(score=1909317.65765,gain=1909317.65765);6-7(score=1904824.49298,gain=1904824.49298);4-5(score=1134602.24926,gain=1134602.24926);2-3(score=494638.576301,gain=494638.576301);0-4(score=447507.779419,gain=447507.779419);3-4(score=251096.843705,gain=251096.843705);0-1(score=243090.236861,gain=243090.236861);5-6(score=125018.742728,gain=125018.742728)","6-7(score=14850000,gain=14850000);0-1(score=12330000,gain=12330000);1-2(score=12330000,gain=12330000);2-3(score=9450000,gain=9450000);4-5(score=9450000,gain=9450000);3-4(score=6652800,gain=6652800);5-6(score=6048000,gain=6048000);0-4(score=5220000,gain=5220000)"
cross-community-distractor-replay,ocs-volume,1401,0.7,8,0.04,0.045,10891652,85510800,3,3,16,28830000,0,1,0.4,0.4,0.4,0.428366943123,0.428366943123,0.538879299457,0.9227582891,0.777777777778,6.8510290892,21780000,21780000,"6-7(score=2.62775e+06,gain=2.62775e+06);1-2(score=1.99808e+06,gain=1.99808e+06);4-5(score=1.66059e+06,gain=1.66059e+06)","6-7(score=2.1729e+06,gain=2.1729e+06);1-2(score=1.4875e+06,gain=1.4875e+06);4-5(score=1.25583e+06,gain=1.25583e+06)","6-7(score=1.485e+07,gain=1.485e+07);0-1(score=1.233e+07,gain=1.233e+07);2-3(score=9.45e+06,gain=9.45e+06);4-5(score=9.45e+06,gain=9.45e+06)","6-7(score=2627752,gain=2627752);1-2(score=1998082,gain=1998082);4-5(score=1660586,gain=1660586);0-1(score=768844,gain=768844);2-3(score=715636,gain=715636);1-5(score=690574,gain=690574);3-4(score=663156,gain=663156);5-6(score=639680,gain=639680)","6-7(score=2172903.56027,gain=2172903.56027);1-2(score=1487495.9126,gain=1487495.9126);4-5(score=1255832.94962,gain=1255832.94962);0-1(score=547734.699042,gain=547734.699042);3-4(score=476562.846291,gain=476562.846291);2-3(score=256011.490583,gain=256011.490583);0-4(score=217844.243211,gain=217844.243211);1-5(score=107930.231256,gain=107930.231256)","6-7(score=14850000,gain=14850000);0-1(score=12330000,gain=12330000);1-2(score=12330000,gain=12330000);2-3(score=9450000,gain=9450000);4-5(score=9450000,gain=9450000);3-4(score=6652800,gain=6652800);5-6(score=6048000,gain=6048000);0-4(score=5220000,gain=5220000)"
cross-community-distractor-replay,ocs-volume,1401,0.7,9,0.045,0.05,12088872,85510800,3,3,16,29790000,0,1,0.4,0.4,0.4,0.428366943123,0.428366943123,0.538879299457,0.881076552504,0.777777777778,6.0735045153,21780000,21780000,"6-7(score=3.16455e+06,gain=3.16455e+06);4-5(score=2.34713e+06,gain=2.34713e+06);1-2(score=1.48231e+06,gain=1.48231e+06)","6-7(score=2.58431e+06,gain=2.58431e+06);4-5(score=1.74247e+06,gain=1.74247e+06);1-2(score=1.10171e+06,gain=1.10171e+06)","6-7(score=1.485e+07,gain=1.485e+07);0-1(score=1.233e+07,gain=1.233e+07);2-3(score=9.45e+06,gain=9.45e+06);4-5(score=9.45e+06,gain=9.45e+06)","6-7(score=3164550,gain=3164550);4-5(score=2347132,gain=2347132);1-2(score=1482310,gain=1482310);1-5(score=988438,gain=988438);0-1(score=800588,gain=800588);2-3(score=759778,gain=759778);5-6(score=697758,gain=697758);3-4(score=686278,gain=686278)","6-7(score=2584311.87343,gain=2584311.87343);4-5(score=1742471.3776,gain=1742471.3776);1-2(score=1101713.66883,gain=1101713.66883);0-1(score=612271.085148,gain=612271.085148);2-3(score=591539.821999,gain=591539.821999);3-4(score=234745.494564,gain=234745.494564);1-5(score=221357.084384,gain=221357.084384);0-4(score=191283.667724,gain=191283.667724)","6-7(score=14850000,gain=14850000);0-1(score=12330000,gain=12330000);1-2(score=12330000,gain=12330000);2-3(score=9450000,gain=9450000);4-5(score=9450000,gain=9450000);3-4(score=6652800,gain=6652800);5-6(score=6048000,gain=6048000);0-4(score=5220000,gain=5220000)"
cross-community-distractor-replay,tl-ocs,1401,0.5,1,0.005,0.01,1035096,57007200,4,4,16,30720000,0,0.4,1,0.4,1,0.428366943123,0.538879299457,0.538879299457,0.924889234379,1,54.0733716286,14520000,0,"1-2(score=132478,gain=132478);4-5(score=109036,gain=109036);6-7(score=96268,gain=96268)","0-1(score=85024.6,gain=85024.6);6-7(score=82850.6,gain=82850.6);2-3(score=73219.2,gain=73219.2);4-5(score=64700.2,gain=64700.2)","6-7(score=9.9e+06,gain=9.9e+06);0-1(score=8.22e+06,gain=8.22e+06);2-3(score=6.3e+06,gain=6.3e+06);4-5(score=6.3e+06,gain=6.3e+06)","1-2(score=132478,gain=132478);0-1(score=120732,gain=120732);4-5(score=109036,gain=109036);5-6(score=107856,gain=107856);2-3(score=104316,gain=104316);6-7(score=96268,gain=96268);3-4(score=96106,gain=96106);0-4(score=95944,gain=95944)","0-1(score=85024.5950057,gain=85024.5950057);6-7(score=82850.6014631,gain=82850.6014631);2-3(score=73219.1992743,gain=73219.1992743);4-5(score=64700.1807079,gain=64700.1807079);0-4(score=64430.9277168,gain=64430.9277168);1-2(score=39772.3832224,gain=39772.3832224);1-5(score=37713.1636486,gain=37713.1636486);3-4(score=33478.4440429,gain=33478.4440429)","6-7(score=9900000,gain=9900000);0-1(score=8220000,gain=8220000);1-2(score=8220000,gain=8220000);2-3(score=6300000,gain=6300000);4-5(score=6300000,gain=6300000);3-4(score=4435200,gain=4435200);5-6(score=4032000,gain=4032000);0-4(score=3480000,gain=3480000)"
cross-community-distractor-replay,tl-ocs,1401,0.5,2,0.01,0.015,11782496,57007200,4,4,16,30720000,0,1,1,1,1,0.538879299457,0.538879299457,0.538879299457,0.878079826307,0.777777777778,3.83828985902,0,0,"2-3(score=2.72996e+06,gain=2.72996e+06);6-7(score=1.96622e+06,gain=1.96622e+06);0-1(score=1.9481e+06,gain=1.9481e+06);4-5(score=1.29744e+06,gain=1.29744e+06)","2-3(score=2.14507e+06,gain=2.14507e+06);6-7(score=1.6932e+06,gain=1.6932e+06);0-1(score=1.60323e+06,gain=1.60323e+06);4-5(score=1.01869e+06,gain=1.01869e+06)","6-7(score=9.9e+06,gain=9.9e+06);0-1(score=8.22e+06,gain=8.22e+06);2-3(score=6.3e+06,gain=6.3e+06);4-5(score=6.3e+06,gain=6.3e+06)","2-3(score=2729964,gain=2729964);6-7(score=1966222,gain=1966222);0-1(score=1948104,gain=1948104);4-5(score=1297440,gain=1297440);3-4(score=682126,gain=682126);1-2(score=669372,gain=669372);5-6(score=665774,gain=665774);2-6(score=640126,gain=640126)","2-3(score=2145070.61682,gain=2145070.61682);6-7(score=1693201.82401,gain=1693201.82401);0-1(score=1603234.00649,gain=1603234.00649);4-5(score=1018691.99514,gain=1018691.99514);3-4(score=157354.216578,gain=157354.216578);5-6(score=153163.642093,gain=153163.642093);0-4(score=144042.334225,gain=144042.334225);1-5(score=134596.34926,gain=134596.34926)","6-7(score=9900000,gain=9900000);0-1(score=8220000,gain=8220000);1-2(score=8220000,gain=8220000);2-3(score=6300000,gain=6300000);4-5(score=6300000,gain=6300000);3-4(score=4435200,gain=4435200);5-6(score=4032000,gain=4032000);0-4(score=3480000,gain=3480000)"
cross-community-distractor-replay,tl-ocs,1401,0.5,3,0.015,0.02,9034090,57007200,4,4,16,30720000,0,0.4,1,0.4,1,0.325432576938,0.538879299457,0.538879299457,0.757106705703,1,5.31022099802,16200000,0,"2-3(score=2.71189e+06,gain=2.71189e+06);5-6(score=879804,gain=879804);0-1(score=812312,gain=812312)","2-3(score=1.94882e+06,gain=1.94882e+06);6-7(score=773635,gain=773635);0-1(score=657784,gain=657784);4-5(score=538272,gain=538272)","6-7(score=9.9e+06,gain=9.9e+06);0-1(score=8.22e+06,gain=8.22e+06);2-3(score=6.3e+06,gain=6.3e+06);4-5(score=6.3e+06,gain=6.3e+06)","2-3(score=2711886,gain=2711886);5-6(score=879804,gain=879804);6-7(score=876776,gain=876776);1-2(score=836548,gain=836548);0-1(score=812312,gain=812312);3-4(score=807630,gain=807630);4-5(score=783630,gain=783630);0-4(score=538442,gain=538442)","2-3(score=1948824.82121,gain=1948824.82121);6-7(score=773634.919602,gain=773634.919602);0-1(score=657784.231676,gain=657784.231676);5-6(score=634932.043981,gain=634932.043981);4-5(score=538271.867361,gain=538271.867361);3-4(score=196391.776847,gain=196391.776847);1-2(score=194200.190166,gain=194200.190166);0-4(score=189614.102811,gain=189614.102811)","6-7(score=9900000,gain=9900000);0-1(score=8220000,gain=8220000);1-2(score=8220000,gain=8220000);2-3(score=6300000,gain=6300000);4-5(score=6300000,gain=6300000);3-4(score=4435200,gain=4435200);5-6(score=4032000,gain=4032000);0-4(score=3480000,gain=3480000)"
cross-community-distractor-replay,tl-ocs,1401,0.5,4,0.02,0.025,10191494,57007200,4,4,16,30720000,0,1,1,1,1,0.538879299457,0.538879299457,0.538879299457,0.839494499628,1,4.59359769188,0,0,"2-3(score=2.72057e+06,gain=2.72057e+06);6-7(score=1.8368e+06,gain=1.8368e+06);0-1(score=913500,gain=913500);4-5(score=838496,gain=838496)","2-3(score=2.03416e+06,gain=2.03416e+06);6-7(score=1.55411e+06,gain=1.55411e+06);0-1(score=749647,gain=749647);4-5(score=626240,gain=626240)","6-7(score=9.9e+06,gain=9.9e+06);0-1(score=8.22e+06,gain=8.22e+06);2-3(score=6.3e+06,gain=6.3e+06);4-5(score=6.3e+06,gain=6.3e+06)","2-3(score=2720570,gain=2720570);6-7(score=1836796,gain=1836796);0-1(score=913500,gain=913500);1-2(score=870726,gain=870726);4-5(score=838496,gain=838496);5-6(score=771844,gain=771844);3-4(score=675612,gain=675612);0-4(score=572926,gain=572926)","2-3(score=2034157.27643,gain=2034157.27643);6-7(score=1554106.77438,gain=1554106.77438);0-1(score=749646.796631,gain=749646.796631);4-5(score=626240.329451,gain=626240.329451);0-4(score=420729.393669,gain=420729.393669);1-5(score=234139.864342,gain=234139.864342);5-6(score=226401.698563,gain=226401.698563);1-2(score=208301.31021,gain=208301.31021)","6-7(score=9900000,gain=9900000);0-1(score=8220000,gain=8220000);1-2(score=8220000,gain=8220000);2-3(score=6300000,gain=6300000);4-5(score=6300000,gain=6300000);3-4(score=4435200,gain=4435200);5-6(score=4032000,gain=4032000);0-4(score=3480000,gain=3480000)"
cross-community-distractor-replay,tl-ocs,1401,0.5,5,0.025,0.03,10391694,57007200,4,4,16,30720000,0,1,1,1,1,0.538879299457,0.538879299457,0.538879299457,0.855099377383,1,4.48583505778,0,0,"2-3(score=2.55587e+06,gain=2.55587e+06);6-7(score=2.14768e+06,gain=2.14768e+06);0-1(score=916974,gain=916974);4-5(score=901214,gain=901214)","2-3(score=1.95387e+06,gain=1.95387e+06);6-7(score=1.80354e+06,gain=1.80354e+06);0-1(score=750729,gain=750729);4-5(score=665236,gain=665236)","6-7(score=9.9e+06,gain=9.9e+06);0-1(score=8.22e+06,gain=8.22e+06);2-3(score=6.3e+06,gain=6.3e+06);4-5(score=6.3e+06,gain=6.3e+06)","2-3(score=2555866,gain=2555866);6-7(score=2147682,gain=2147682);0-1(score=916974,gain=916974);4-5(score=901214,gain=901214);3-4(score=738418,gain=738418);1-2(score=736232,gain=736232);5-6(score=676718,gain=676718);0-4(score=624570,gain=624570)","2-3(score=1953865.10593,gain=1953865.10593);6-7(score=1803542.61277,gain=1803542.61277);0-1(score=750729.041371,gain=750729.041371);4-5(score=665235.893132,gain=665235.893132);0-4(score=456629.767739,gain=456629.767739);1-5(score=354543.975477,gain=354543.975477);3-4(score=189764.618233,gain=189764.618233);5-6(score=164815.921745,gain=164815.921745)","6-7(score=9900000,gain=9900000);0-1(score=8220000,gain=8220000);1-2(score=8220000,gain=8220000);2-3(score=6300000,gain=6300000);4-5(score=6300000,gain=6300000);3-4(score=4435200,gain=4435200);5-6(score=4032000,gain=4032000);0-4(score=3480000,gain=3480000)"
cross-community-distractor-replay,tl-ocs,1401,0.5,6,0.03,0.035,9908404,57007200,4,4,16,30720000,0,1,1,1,1,0.538879299457,0.538879299457,0.538879299457,0.840235548766,1,4.75341038159,0,0,"2-3(score=2.59454e+06,gain=2.59454e+06);6-7(score=1.58974e+06,gain=1.58974e+06);0-1(score=926888,gain=926888);4-5(score=841520,gain=841520)","2-3(score=1.92855e+06,gain=1.92855e+06);6-7(score=1.35883e+06,gain=1.35883e+06);0-1(score=749970,gain=749970);4-5(score=613911,gain=613911)","6-7(score=9.9e+06,gain=9.9e+06);0-1(score=8.22e+06,gain=8.22e+06);2-3(score=6.3e+06,gain=6.3e+06);4-5(score=6.3e+06,gain=6.3e+06)","2-3(score=2594544,gain=2594544);6-7(score=1589742,gain=1589742);0-1(score=926888,gain=926888);4-5(score=841520,gain=841520);1-2(score=817340,gain=817340);3-4(score=719426,gain=719426);5-6(score=718130,gain=718130);0-4(score=647318,gain=647318)","2-3(score=1928552.15603,gain=1928552.15603);6-7(score=1358825.50557,gain=1358825.50557);0-1(score=749969.90282,gain=749969.90282);4-5(score=613911.154007,gain=613911.154007);0-4(score=471898.101983,gain=471898.101983);1-5(score=253343.22754,gain=253343.22754);5-6(score=210720.941015,gain=210720.941015);1-2(score=184883.058732,gain=184883.058732)","6-7(score=9900000,gain=9900000);0-1(score=8220000,gain=8220000);1-2(score=8220000,gain=8220000);2-3(score=6300000,gain=6300000);4-5(score=6300000,gain=6300000);3-4(score=4435200,gain=4435200);5-6(score=4032000,gain=4032000);0-4(score=3480000,gain=3480000)"
cross-community-distractor-replay,tl-ocs,1401,0.5,7,0.035,0.04,9772752,57007200,4,4,16,30720000,0,1,1,1,1,0.538879299457,0.538879299457,0.538879299457,0.816155773747,1,4.83327122198,0,0,"2-3(score=2.72422e+06,gain=2.72422e+06);6-7(score=1.47452e+06,gain=1.47452e+06);0-1(score=957106,gain=957106);4-5(score=688830,gain=688830)","2-3(score=2.00416e+06,gain=2.00416e+06);6-7(score=1.26865e+06,gain=1.26865e+06);0-1(score=772786,gain=772786);4-5(score=490788,gain=490788)","6-7(score=9.9e+06,gain=9.9e+06);0-1(score=8.22e+06,gain=8.22e+06);2-3(score=6.3e+06,gain=6.3e+06);4-5(score=6.3e+06,gain=6.3e+06)","2-3(score=2724218,gain=2724218);6-7(score=1474522,gain=1474522);0-1(score=957106,gain=957106);1-2(score=836170,gain=836170);5-6(score=720016,gain=720016);3-4(score=712852,gain=712852);4-5(score=688830,gain=688830);0-4(score=591322,gain=591322)","2-3(score=2004159.06031,gain=2004159.06031);6-7(score=1268653.10608,gain=1268653.10608);0-1(score=772785.788812,gain=772785.788812);4-5(score=490788.122296,gain=490788.122296);0-4(score=433432.840544,gain=433432.840544);1-5(score=302167.402168,gain=302167.402168);5-6(score=224425.006757,gain=224425.006757);3-4(score=181191.473986,gain=181191.473986)","6-7(score=9900000,gain=9900000);0-1(score=8220000,gain=8220000);1-2(score=8220000,gain=8220000);2-3(score=6300000,gain=6300000);4-5(score=6300000,gain=6300000);3-4(score=4435200,gain=4435200);5-6(score=4032000,gain=4032000);0-4(score=3480000,gain=3480000)"
cross-community-distractor-replay,tl-ocs,1401,0.5,8,0.04,0.045,10280224,57007200,4,4,16,30720000,0,1,1,1,1,0.538879299457,0.538879299457,0.538879299457,0.835779525994,1,4.54531868024,0,0,"2-3(score=2.72341e+06,gain=2.72341e+06);6-7(score=1.37834e+06,gain=1.37834e+06);4-5(score=1.20333e+06,gain=1.20333e+06);0-1(score=1.07413e+06,gain=1.07413e+06)","2-3(score=2.03222e+06,gain=2.03222e+06);6-7(score=1.20365e+06,gain=1.20365e+06);4-5(score=910398,gain=910398);0-1(score=876354,gain=876354)","6-7(score=9.9e+06,gain=9.9e+06);0-1(score=8.22e+06,gain=8.22e+06);2-3(score=6.3e+06,gain=6.3e+06);4-5(score=6.3e+06,gain=6.3e+06)","2-3(score=2723408,gain=2723408);6-7(score=1378336,gain=1378336);4-5(score=1203332,gain=1203332);0-1(score=1074130,gain=1074130);1-2(score=843758,gain=843758);3-4(score=726452,gain=726452);5-6(score=675296,gain=675296);0-4(score=617756,gain=617756)","2-3(score=2032215.75607,gain=2032215.75607);6-7(score=1203645.90851,gain=1203645.90851);4-5(score=910397.551416,gain=910397.551416);0-1(score=876354.152755,gain=876354.152755);0-4(score=408123.05521,gain=408123.05521);1-5(score=209194.284612,gain=209194.284612);5-6(score=187829.589242,gain=187829.589242);1-2(score=181109.140312,gain=181109.140312)","6-7(score=9900000,gain=9900000);0-1(score=8220000,gain=8220000);1-2(score=8220000,gain=8220000);2-3(score=6300000,gain=6300000);4-5(score=6300000,gain=6300000);3-4(score=4435200,gain=4435200);5-6(score=4032000,gain=4032000);0-4(score=3480000,gain=3480000)"
cross-community-distractor-replay,tl-ocs,1401,0.5,9,0.045,0.05,10326974,57007200,4,4,16,30720000,0,1,1,1,1,0.538879299457,0.538879299457,0.538879299457,0.850565073956,1,4.52021517979,0,0,"2-3(score=2.72803e+06,gain=2.72803e+06);6-7(score=1.88565e+06,gain=1.88565e+06);0-1(score=1.09456e+06,gain=1.09456e+06);4-5(score=883884,gain=883884)","2-3(score=2.05222e+06,gain=2.05222e+06);6-7(score=1.60188e+06,gain=1.60188e+06);0-1(score=902775,gain=902775);4-5(score=680075,gain=680075)","6-7(score=9.9e+06,gain=9.9e+06);0-1(score=8.22e+06,gain=8.22e+06);2-3(score=6.3e+06,gain=6.3e+06);4-5(score=6.3e+06,gain=6.3e+06)","2-3(score=2728028,gain=2728028);6-7(score=1885652,gain=1885652);0-1(score=1094558,gain=1094558);4-5(score=883884,gain=883884);1-2(score=846002,gain=846002);5-6(score=670676,gain=670676);3-4(score=654962,gain=654962);0-4(score=564984,gain=564984)","2-3(score=2052220.40368,gain=2052220.40368);6-7(score=1601875.72358,gain=1601875.72358);0-1(score=902774.595642,gain=902774.595642);4-5(score=680075.184813,gain=680075.184813);0-4(score=395941.536745,gain=395941.536745);1-5(score=215067.196615,gain=215067.196615);5-6(score=184781.349626,gain=184781.349626);1-2(score=184594.432954,gain=184594.432954)","6-7(score=9900000,gain=9900000);0-1(score=8220000,gain=8220000);1-2(score=8220000,gain=8220000);2-3(score=6300000,gain=6300000);4-5(score=6300000,gain=6300000);3-4(score=4435200,gain=4435200);5-6(score=4032000,gain=4032000);0-4(score=3480000,gain=3480000)"
cross-community-distractor-replay,tl-ocs,1401,0.7,1,0.005,0.01,1271190,85510800,4,4,24,46080000,0,0.4,1,0.4,1,0.428366943123,0.538879299457,0.538879299457,0.933579249576,1,66.2673693054,21780000,0,"1-2(score=161030,gain=161030);4-5(score=133940,gain=133940);6-7(score=121920,gain=121920)","0-1(score=111704,gain=111704);6-7(score=104846,gain=104846);2-3(score=91209,gain=91209);4-5(score=80660.9,gain=80660.9)","6-7(score=1.485e+07,gain=1.485e+07);0-1(score=1.233e+07,gain=1.233e+07);2-3(score=9.45e+06,gain=9.45e+06);4-5(score=9.45e+06,gain=9.45e+06)","1-2(score=161030,gain=161030);0-1(score=155666,gain=155666);4-5(score=133940,gain=133940);5-6(score=133670,gain=133670);2-3(score=129968,gain=129968);6-7(score=121920,gain=121920);3-4(score=121758,gain=121758);0-4(score=112156,gain=112156)","0-1(score=111704.459477,gain=111704.459477);6-7(score=104845.598848,gain=104845.598848);2-3(score=91208.9802988,gain=91208.9802988);4-5(score=80660.9409577,gain=80660.9409577);0-4(score=73405.1468671,gain=73405.1468671);1-2(score=48387.1375947,gain=48387.1375947);3-4(score=42668.0291766,gain=42668.0291766);5-6(score=41050.3014892,gain=41050.3014892)","6-7(score=14850000,gain=14850000);0-1(score=12330000,gain=12330000);1-2(score=12330000,gain=12330000);2-3(score=9450000,gain=9450000);4-5(score=9450000,gain=9450000);3-4(score=6652800,gain=6652800);5-6(score=6048000,gain=6048000);0-4(score=5220000,gain=5220000)"
cross-community-distractor-replay,tl-ocs,1401,0.7,2,0.01,0.015,12655034,85510800,4,4,24,46080000,0,1,1,1,1,0.538879299457,0.538879299457,0.538879299457,0.819064562033,0.777777777778,5.75704991177,0,0,"2-3(score=3.52978e+06,gain=3.52978e+06);0-1(score=1.73438e+06,gain=1.73438e+06);6-7(score=1.73349e+06,gain=1.73349e+06);4-5(score=1.6914e+06,gain=1.6914e+06)","2-3(score=2.6864e+06,gain=2.6864e+06);6-7(score=1.52474e+06,gain=1.52474e+06);0-1(score=1.47332e+06,gain=1.47332e+06);4-5(score=1.32675e+06,gain=1.32675e+06)","6-7(score=1.485e+07,gain=1.485e+07);0-1(score=1.233e+07,gain=1.233e+07);2-3(score=9.45e+06,gain=9.45e+06);4-5(score=9.45e+06,gain=9.45e+06)","2-3(score=3529776,gain=3529776);0-1(score=1734376,gain=1734376);6-7(score=1733488,gain=1733488);4-5(score=1691398,gain=1691398);3-4(score=915146,gain=915146);5-6(score=846404,gain=846404);1-2(score=804514,gain=804514);1-5(score=471188,gain=471188)","2-3(score=2686400.06519,gain=2686400.06519);6-7(score=1524736.19641,gain=1524736.19641);0-1(score=1473317.1914,gain=1473317.1914);4-5(score=1326745.77064,gain=1326745.77064);5-6(score=242026.217563,gain=242026.217563);3-4(score=188238.320155,gain=188238.320155);1-2(score=116692.107398,gain=116692.107398);0-4(score=97351.6880126,gain=97351.6880126)","6-7(score=14850000,gain=14850000);0-1(score=12330000,gain=12330000);1-2(score=12330000,gain=12330000);2-3(score=9450000,gain=9450000);4-5(score=9450000,gain=9450000);3-4(score=6652800,gain=6652800);5-6(score=6048000,gain=6048000);0-4(score=5220000,gain=5220000)"
cross-community-distractor-replay,tl-ocs,1401,0.7,3,0.015,0.02,11307092,85510800,4,4,24,46080000,0,1,1,1,1,0.538879299457,0.538879299457,0.538879299457,0.73102041741,0.777777777778,6.56257063034,0,0,"2-3(score=3.73904e+06,gain=3.73904e+06);6-7(score=1.36726e+06,gain=1.36726e+06);0-1(score=1.31404e+06,gain=1.31404e+06);4-5(score=860770,gain=860770)","2-3(score=2.7411e+06,gain=2.7411e+06);6-7(score=1.20421e+06,gain=1.20421e+06);0-1(score=1.08465e+06,gain=1.08465e+06);4-5(score=644887,gain=644887)","6-7(score=1.485e+07,gain=1.485e+07);0-1(score=1.233e+07,gain=1.233e+07);2-3(score=9.45e+06,gain=9.45e+06);4-5(score=9.45e+06,gain=9.45e+06)","2-3(score=3739040,gain=3739040);6-7(score=1367260,gain=1367260);0-1(score=1314044,gain=1314044);4-5(score=860770,gain=860770);3-4(score=714344,gain=714344);5-6(score=694214,gain=694214);1-2(score=693142,gain=693142);1-5(score=652632,gain=652632)","2-3(score=2741103.33246,gain=2741103.33246);6-7(score=1204211.18825,gain=1204211.18825);0-1(score=1084646.62036,gain=1084646.62036);4-5(score=644887.138948,gain=644887.138948);0-4(score=445601.040477,gain=445601.040477);1-5(score=392978.290015,gain=392978.290015);5-6(score=215475.428242,gain=215475.428242);3-4(score=139423.69611,gain=139423.69611)","6-7(score=14850000,gain=14850000);0-1(score=12330000,gain=12330000);1-2(score=12330000,gain=12330000);2-3(score=9450000,gain=9450000);4-5(score=9450000,gain=9450000);3-4(score=6652800,gain=6652800);5-6(score=6048000,gain=6048000);0-4(score=5220000,gain=5220000)"
cross-community-distractor-replay,tl-ocs,1401,0.7,4,0.02,0.025,13891894,85510800,4,4,24,46080000,0,1,1,1,1,0.538879299457,0.538879299457,0.538879299457,0.817245829088,1,5.15543907851,0,0,"2-3(score=3.81684e+06,gain=3.81684e+06);6-7(score=3.46987e+06,gain=3.46987e+06);0-1(score=1.41456e+06,gain=1.41456e+06);4-5(score=1.23934e+06,gain=1.23934e+06)","2-3(score=2.97712e+06,gain=2.97712e+06);6-7(score=2.88148e+06,gain=2.88148e+06);0-1(score=1.21227e+06,gain=1.21227e+06);4-5(score=1.00267e+06,gain=1.00267e+06)","6-7(score=1.485e+07,gain=1.485e+07);0-1(score=1.233e+07,gain=1.233e+07);2-3(score=9.45e+06,gain=9.45e+06);4-5(score=9.45e+06,gain=9.45e+06)","2-3(score=3816836,gain=3816836);6-7(score=3469872,gain=3469872);0-1(score=1414558,gain=1414558);4-5(score=1239342,gain=1239342);1-2(score=749748,gain=749748);3-4(score=741966,gain=741966);5-6(score=690408,gain=690408);0-4(score=620232,gain=620232)","2-3(score=2977123.66395,gain=2977123.66395);6-7(score=2881478.67773,gain=2881478.67773);0-1(score=1212266.51672,gain=1212266.51672);4-5(score=1002668.96908,gain=1002668.96908);0-4(score=429704.071389,gain=429704.071389);1-5(score=346572.328525,gain=346572.328525);3-4(score=157550.87629,gain=157550.87629);5-6(score=130898.159824,gain=130898.159824)","6-7(score=14850000,gain=14850000);0-1(score=12330000,gain=12330000);1-2(score=12330000,gain=12330000);2-3(score=9450000,gain=9450000);4-5(score=9450000,gain=9450000);3-4(score=6652800,gain=6652800);5-6(score=6048000,gain=6048000);0-4(score=5220000,gain=5220000)"
cross-community-distractor-replay,tl-ocs,1401,0.7,5,0.025,0.03,14899070,85510800,4,4,22,37440000,0,1,1,1,1,0.538879299457,0.538879299457,0.538879299457,0.838000115327,1,4.73933236719,0,0,"2-3(score=3.79503e+06,gain=3.79503e+06);6-7(score=3.60617e+06,gain=3.60617e+06);0-1(score=2.73203e+06,gain=2.73203e+06);4-5(score=1.10004e+06,gain=1.10004e+06)","2-3(score=3.04179e+06,gain=3.04179e+06);6-7(score=3.02589e+06,gain=3.02589e+06);0-1(score=2.30021e+06,gain=2.30021e+06);4-5(score=913681,gain=913681)","6-7(score=1.485e+07,gain=1.485e+07);0-1(score=1.233e+07,gain=1.233e+07);2-3(score=9.45e+06,gain=9.45e+06);4-5(score=9.45e+06,gain=9.45e+06)","2-3(score=3795028,gain=3795028);6-7(score=3606166,gain=3606166);0-1(score=2732032,gain=2732032);4-5(score=1100042,gain=1100042);3-4(score=742556,gain=742556);5-6(score=659708,gain=659708);1-2(score=622438,gain=622438);0-4(score=571402,gain=571402)","2-3(score=3041789.24482,gain=3041789.24482);6-7(score=3025888.23296,gain=3025888.23296);0-1(score=2300214.74146,gain=2300214.74146);4-5(score=913680.584959,gain=913680.584959);3-4(score=187479.149199,gain=187479.149199);0-4(score=151892.485844,gain=151892.485844);5-6(score=144770.326376,gain=144770.326376);1-5(score=119983.945396,gain=119983.945396)","6-7(score=14850000,gain=14850000);0-1(score=12330000,gain=12330000);1-2(score=12330000,gain=12330000);2-3(score=9450000,gain=9450000);4-5(score=9450000,gain=9450000);3-4(score=6652800,gain=6652800);5-6(score=6048000,gain=6048000);0-4(score=5220000,gain=5220000)"
cross-community-distractor-replay,tl-ocs,1401,0.7,6,0.03,0.035,13448934,85510800,4,4,23,43560000,0,1,1,1,1,0.538879299457,0.538879299457,0.538879299457,0.818457129542,0.777777777778,5.3581770535,0,0,"2-3(score=3.82618e+06,gain=3.82618e+06);6-7(score=2.47746e+06,gain=2.47746e+06);0-1(score=1.92463e+06,gain=1.92463e+06);4-5(score=1.28723e+06,gain=1.28723e+06)","2-3(score=2.96115e+06,gain=2.96115e+06);6-7(score=2.13107e+06,gain=2.13107e+06);0-1(score=1.62045e+06,gain=1.62045e+06);4-5(score=1.03253e+06,gain=1.03253e+06)","6-7(score=1.485e+07,gain=1.485e+07);0-1(score=1.233e+07,gain=1.233e+07);2-3(score=9.45e+06,gain=9.45e+06);4-5(score=9.45e+06,gain=9.45e+06)","2-3(score=3826176,gain=3826176);6-7(score=2477456,gain=2477456);0-1(score=1924634,gain=1924634);4-5(score=1287232,gain=1287232);3-4(score=736826,gain=736826);5-6(score=690624,gain=690624);1-2(score=680320,gain=680320);1-5(score=622754,gain=622754)","2-3(score=2961146.13866,gain=2961146.13866);6-7(score=2131069.14594,gain=2131069.14594);0-1(score=1620451.08776,gain=1620451.08776);4-5(score=1032534.75302,gain=1032534.75302);0-4(score=361991.597404,gain=361991.597404);1-5(score=310684.296116,gain=310684.296116);5-6(score=163509.151324,gain=163509.151324);3-4(score=144968.491338,gain=144968.491338)","6-7(score=14850000,gain=14850000);0-1(score=12330000,gain=12330000);1-2(score=12330000,gain=12330000);2-3(score=9450000,gain=9450000);4-5(score=9450000,gain=9450000);3-4(score=6652800,gain=6652800);5-6(score=6048000,gain=6048000);0-4(score=5220000,gain=5220000)"
cross-community-distractor-replay,tl-ocs,1401,0.7,7,0.035,0.04,14124566,85510800,4,4,22,39120000,0,1,1,1,1,0.538879299457,0.538879299457,0.538879299457,0.840518096627,1,5.0540415208,0,0,"2-3(score=3.72353e+06,gain=3.72353e+06);0-1(score=2.63345e+06,gain=2.63345e+06);6-7(score=2.52675e+06,gain=2.52675e+06);4-5(score=1.40705e+06,gain=1.40705e+06)","2-3(score=2.94784e+06,gain=2.94784e+06);0-1(score=2.1886e+06,gain=2.1886e+06);6-7(score=2.18428e+06,gain=2.18428e+06);4-5(score=1.14938e+06,gain=1.14938e+06)","6-7(score=1.485e+07,gain=1.485e+07);0-1(score=1.233e+07,gain=1.233e+07);2-3(score=9.45e+06,gain=9.45e+06);4-5(score=9.45e+06,gain=9.45e+06)","2-3(score=3723534,gain=3723534);0-1(score=2633452,gain=2633452);6-7(score=2526748,gain=2526748);4-5(score=1407052,gain=1407052);5-6(score=758274,gain=758274);1-2(score=708270,gain=708270);3-4(score=680532,gain=680532);0-4(score=608950,gain=608950)","2-3(score=2947843.92524,gain=2947843.92524);0-1(score=2188598.22302,gain=2188598.22302);6-7(score=2184284.86149,gain=2184284.86149);4-5(score=1149384.10259,gain=1149384.10259);5-6(score=196208.477276,gain=196208.477276);0-4(score=149722.50646,gain=149722.50646);3-4(score=130069.918449,gain=130069.918449);1-5(score=81839.0251802,gain=81839.0251802)","6-7(score=14850000,gain=14850000);0-1(score=12330000,gain=12330000);1-2(score=12330000,gain=12330000);2-3(score=9450000,gain=9450000);4-5(score=9450000,gain=9450000);3-4(score=6652800,gain=6652800);5-6(score=6048000,gain=6048000);0-4(score=5220000,gain=5220000)"
cross-community-distractor-replay,tl-ocs,1401,0.7,8,0.04,0.045,14421180,85510800,4,4,21,33960000,0,1,1,1,1,0.538879299457,0.538879299457,0.538879299457,0.845617757029,1,4.92952249875,0,0,"2-3(score=3.75708e+06,gain=3.75708e+06);6-7(score=3.02781e+06,gain=3.02781e+06);0-1(score=2.12168e+06,gain=2.12168e+06);4-5(score=1.84454e+06,gain=1.84454e+06)","2-3(score=2.99784e+06,gain=2.99784e+06);6-7(score=2.59045e+06,gain=2.59045e+06);0-1(score=1.8017e+06,gain=1.8017e+06);4-5(score=1.51509e+06,gain=1.51509e+06)","6-7(score=1.485e+07,gain=1.485e+07);0-1(score=1.233e+07,gain=1.233e+07);2-3(score=9.45e+06,gain=9.45e+06);4-5(score=9.45e+06,gain=9.45e+06)","2-3(score=3757082,gain=3757082);6-7(score=3027812,gain=3027812);0-1(score=2121684,gain=2121684);4-5(score=1844538,gain=1844538);1-2(score=702004,gain=702004);3-4(score=666426,gain=666426);5-6(score=647038,gain=647038);0-4(score=617070,gain=617070)","2-3(score=2997837.0177,gain=2997837.0177);6-7(score=2590449.90019,gain=2590449.90019);0-1(score=1801697.98553,gain=1801697.98553);4-5(score=1515088.40036,gain=1515088.40036);0-4(score=160022.263358,gain=160022.263358);5-6(score=104122.06464,gain=104122.06464);1-5(score=95615.711336,gain=95615.711336);3-4(score=93342.1395144,gain=93342.1395144)","6-7(score=14850000,gain=14850000);0-1(score=12330000,gain=12330000);1-2(score=12330000,gain=12330000);2-3(score=9450000,gain=9450000);4-5(score=9450000,gain=9450000);3-4(score=6652800,gain=6652800);5-6(score=6048000,gain=6048000);0-4(score=5220000,gain=5220000)"
cross-community-distractor-replay,tl-ocs,1401,0.7,9,0.045,0.05,14459698,85510800,4,4,22,40080000,0,1,1,1,1,0.538879299457,0.538879299457,0.538879299457,0.841258329872,0.777777777778,4.91372735121,0,0,"2-3(score=3.66332e+06,gain=3.66332e+06);6-7(score=2.75179e+06,gain=2.75179e+06);4-5(score=2.38481e+06,gain=2.38481e+06);0-1(score=1.78637e+06,gain=1.78637e+06)","2-3(score=2.91678e+06,gain=2.91678e+06);6-7(score=2.37056e+06,gain=2.37056e+06);4-5(score=1.92022e+06,gain=1.92022e+06);0-1(score=1.52826e+06,gain=1.52826e+06)","6-7(score=1.485e+07,gain=1.485e+07);0-1(score=1.233e+07,gain=1.233e+07);2-3(score=9.45e+06,gain=9.45e+06);4-5(score=9.45e+06,gain=9.45e+06)","2-3(score=3663318,gain=3663318);6-7(score=2751794,gain=2751794);4-5(score=2384814,gain=2384814);0-1(score=1786374,gain=1786374);1-2(score=746416,gain=746416);5-6(score=689074,gain=689074);3-4(score=675982,gain=675982);1-5(score=599790,gain=599790)","2-3(score=2916776.25843,gain=2916776.25843);6-7(score=2370561.32722,gain=2370561.32722);4-5(score=1920219.18868,gain=1920219.18868);0-1(score=1528256.36551,gain=1528256.36551);0-4(score=147582.642276,gain=147582.642276);1-2(score=103740.375175,gain=103740.375175);1-5(score=100926.628924,gain=100926.628924);5-6(score=90061.9043211,gain=90061.9043211)","6-7(score=14850000,gain=14850000);0-1(score=12330000,gain=12330000);1-2(score=12330000,gain=12330000);2-3(score=9450000,gain=9450000);4-5(score=9450000,gain=9450000);3-4(score=6652800,gain=6652800);5-6(score=6048000,gain=6048000);0-4(score=5220000,gain=5220000)"
high-degree-aggregator-bias-replay,ocs-oracle,1401,0.5,1,0.005,0.01,1195348,64656000,4,4,16,27648000,0,0.4,1,0,0.333333333333,0.269487750557,0.364513734224,0.427616926503,0.773750930049,0.230769230769,53.0890214939,27648000,12960000,"0-1(score=120246,gain=120246);2-3(score=94440,gain=94440);5-6(score=81784,gain=81784)","6-7(score=63489.3,gain=63489.3);2-3(score=60383.2,gain=60383.2);4-5(score=52713.3,gain=52713.3);0-1(score=44703,gain=44703)","1-2(score=8.544e+06,gain=8.544e+06);4-5(score=8.544e+06,gain=8.544e+06);6-7(score=6.144e+06,gain=6.144e+06);0-3(score=4.416e+06,gain=4.416e+06)","0-1(score=120246,gain=120246);0-2(score=116706,gain=116706);0-3(score=96646,gain=96646);0-4(score=96646,gain=96646);0-5(score=96484,gain=96484);0-6(score=95620,gain=95620);1-2(score=95620,gain=95620);2-3(score=94440,gain=94440)","6-7(score=63489.3178489,gain=63489.3178489);2-3(score=60383.2326017,gain=60383.2326017);1-2(score=58383.5470708,gain=58383.5470708);4-5(score=52713.2905346,gain=52713.2905346);5-6(score=46765.4442522,gain=46765.4442522);0-1(score=44702.9736947,gain=44702.9736947);1-3(score=42109.2567989,gain=42109.2567989);4-6(score=39737.8655722,gain=39737.8655722)","1-2(score=8544000,gain=8544000);4-5(score=8544000,gain=8544000);5-6(score=8544000,gain=8544000);2-3(score=6144000,gain=6144000);6-7(score=6144000,gain=6144000);0-3(score=4416000,gain=4416000);1-3(score=4320000,gain=4320000);4-6(score=4320000,gain=4320000)"
high-degree-aggregator-bias-replay,ocs-oracle,1401,0.5,2,0.01,0.015,11097234,64656000,4,4,16,27648000,0,1,1,1,1,0.427616926503,0.427616926503,0.427616926503,0.852190860138,1,4.82631019634,0,0,"1-2(score=2.63693e+06,gain=2.63693e+06);4-5(score=2.50556e+06,gain=2.50556e+06);6-7(score=1.29661e+06,gain=1.29661e+06);0-3(score=971614,gain=971614)","1-2(score=2.07274e+06,gain=2.07274e+06);4-5(score=2.00897e+06,gain=2.00897e+06);6-7(score=1.14263e+06,gain=1.14263e+06);0-3(score=739024,gain=739024)","1-2(score=8.544e+06,gain=8.544e+06);4-5(score=8.544e+06,gain=8.544e+06);6-7(score=6.144e+06,gain=6.144e+06);0-3(score=4.416e+06,gain=4.416e+06)","1-2(score=2636934,gain=2636934);4-5(score=2505564,gain=2505564);6-7(score=1296606,gain=1296606);0-3(score=971614,gain=971614);2-3(score=664856,gain=664856);1-3(score=599790,gain=599790);5-6(score=552196,gain=552196);4-6(score=532880,gain=532880)","1-2(score=2072738.96167,gain=2072738.96167);4-5(score=2008972.2933,gain=2008972.2933);6-7(score=1142625.68779,gain=1142625.68779);0-3(score=739024.488322,gain=739024.488322);2-3(score=304529.101681,gain=304529.101681);1-3(score=246986.868717,gain=246986.868717);5-6(score=78505.4541281,gain=78505.4541281);4-6(score=69774.5856526,gain=69774.5856526)","1-2(score=8544000,gain=8544000);4-5(score=8544000,gain=8544000);5-6(score=8544000,gain=8544000);2-3(score=6144000,gain=6144000);6-7(score=6144000,gain=6144000);0-3(score=4416000,gain=4416000);1-3(score=4320000,gain=4320000);4-6(score=4320000,gain=4320000)"
high-degree-aggregator-bias-replay,ocs-oracle,1401,0.5,3,0.015,0.02,10579806,64656000,4,4,16,27648000,0,1,1,1,1,0.427616926503,0.427616926503,0.427616926503,0.844289043597,1,5.11125793149,0,0,"1-2(score=2.6997e+06,gain=2.6997e+06);4-5(score=2.35165e+06,gain=2.35165e+06);0-3(score=926172,gain=926172);6-7(score=787994,gain=787994)","1-2(score=2.07566e+06,gain=2.07566e+06);4-5(score=1.86987e+06,gain=1.86987e+06);6-7(score=706897,gain=706897);0-3(score=682687,gain=682687)","1-2(score=8.544e+06,gain=8.544e+06);4-5(score=8.544e+06,gain=8.544e+06);6-7(score=6.144e+06,gain=6.144e+06);0-3(score=4.416e+06,gain=4.416e+06)","1-2(score=2699702,gain=2699702);4-5(score=2351654,gain=2351654);0-3(score=926172,gain=926172);6-7(score=787994,gain=787994);2-3(score=683050,gain=683050);1-3(score=626640,gain=626640);5-6(score=564478,gain=564478);4-6(score=562010,gain=562010)","1-2(score=2075663.67573,gain=2075663.67573);4-5(score=1869870.6983,gain=1869870.6983);6-7(score=706896.907386,gain=706896.907386);0-3(score=682687.024111,gain=682687.024111);2-3(score=294606.022588,gain=294606.022588);1-3(score=247093.352658,gain=247093.352658);5-6(score=237017.796484,gain=237017.796484);4-6(score=232274.532302,gain=232274.532302)","1-2(score=8544000,gain=8544000);4-5(score=8544000,gain=8544000);5-6(score=8544000,gain=8544000);2-3(score=6144000,gain=6144000);6-7(score=6144000,gain=6144000);0-3(score=4416000,gain=4416000);1-3(score=4320000,gain=4320000);4-6(score=4320000,gain=4320000)"
high-degree-aggregator-bias-replay,ocs-oracle,1401,0.5,4,0.02,0.025,10595136,64656000,4,4,16,27648000,0,1,1,1,1,0.427616926503,0.427616926503,0.427616926503,0.835313679685,1,5.1024156239,0,0,"1-2(score=2.69166e+06,gain=2.69166e+06);4-5(score=2.5261e+06,gain=2.5261e+06);0-3(score=877912,gain=877912);6-7(score=740972,gain=740972)","1-2(score=2.06642e+06,gain=2.06642e+06);4-5(score=2.00478e+06,gain=2.00478e+06);6-7(score=667257,gain=667257);0-3(score=648104,gain=648104)","1-2(score=8.544e+06,gain=8.544e+06);4-5(score=8.544e+06,gain=8.544e+06);6-7(score=6.144e+06,gain=6.144e+06);0-3(score=4.416e+06,gain=4.416e+06)","1-2(score=2691662,gain=2691662);4-5(score=2526102,gain=2526102);0-3(score=877912,gain=877912);6-7(score=740972,gain=740972);2-3(score=684338,gain=684338);1-3(score=676772,gain=676772);4-6(score=560456,gain=560456);5-6(score=539910,gain=539910)","1-2(score=2066424.53382,gain=2066424.53382);4-5(score=2004777.10107,gain=2004777.10107);6-7(score=667256.547791,gain=667256.547791);0-3(score=648103.591485,gain=648103.591485);2-3(score=299770.884553,gain=299770.884553);1-3(score=292133.245221,gain=292133.245221);4-6(score=229180.76418,gain=229180.76418);5-6(score=209867.778808,gain=209867.778808)","1-2(score=8544000,gain=8544000);4-5(score=8544000,gain=8544000);5-6(score=8544000,gain=8544000);2-3(score=6144000,gain=6144000);6-7(score=6144000,gain=6144000);0-3(score=4416000,gain=4416000);1-3(score=4320000,gain=4320000);4-6(score=4320000,gain=4320000)"
high-degree-aggregator-bias-replay,ocs-oracle,1401,0.5,5,0.025,0.03,10596828,64656000,4,4,16,27648000,0,1,1,1,1,0.427616926503,0.427616926503,0.427616926503,0.851388855527,1,5.10144125,0,0,"4-5(score=2.52149e+06,gain=2.52149e+06);1-2(score=2.49646e+06,gain=2.49646e+06);0-3(score=863400,gain=863400);6-7(score=824224,gain=824224)","4-5(score=2.00237e+06,gain=2.00237e+06);1-2(score=1.91886e+06,gain=1.91886e+06);6-7(score=740106,gain=740106);0-3(score=616795,gain=616795)","1-2(score=8.544e+06,gain=8.544e+06);4-5(score=8.544e+06,gain=8.544e+06);6-7(score=6.144e+06,gain=6.144e+06);0-3(score=4.416e+06,gain=4.416e+06)","4-5(score=2521490,gain=2521490);1-2(score=2496462,gain=2496462);0-3(score=863400,gain=863400);6-7(score=824224,gain=824224);2-3(score=779730,gain=779730);1-3(score=623390,gain=623390);5-6(score=555790,gain=555790);4-6(score=489798,gain=489798)","4-5(score=2002370.92133,gain=2002370.92133);1-2(score=1918857.53932,gain=1918857.53932);6-7(score=740105.585951,gain=740105.585951);0-3(score=616794.685897,gain=616794.685897);2-3(score=396112.108718,gain=396112.108718);1-3(score=258430.296402,gain=258430.296402);5-6(score=213677.247089,gain=213677.247089);4-6(score=154836.226721,gain=154836.226721)","1-2(score=8544000,gain=8544000);4-5(score=8544000,gain=8544000);5-6(score=8544000,gain=8544000);2-3(score=6144000,gain=6144000);6-7(score=6144000,gain=6144000);0-3(score=4416000,gain=4416000);1-3(score=4320000,gain=4320000);4-6(score=4320000,gain=4320000)"
high-degree-aggregator-bias-replay,ocs-oracle,1401,0.5,6,0.03,0.035,10454254,64656000,4,4,16,27648000,0,1,1,1,1,0.427616926503,0.427616926503,0.427616926503,0.852830794658,1,5.18465193501,0,0,"1-2(score=2.52194e+06,gain=2.52194e+06);4-5(score=2.401e+06,gain=2.401e+06);0-3(score=861630,gain=861630);6-7(score=748792,gain=748792)","1-2(score=1.93486e+06,gain=1.93486e+06);4-5(score=1.89913e+06,gain=1.89913e+06);6-7(score=672169,gain=672169);0-3(score=616185,gain=616185)","1-2(score=8.544e+06,gain=8.544e+06);4-5(score=8.544e+06,gain=8.544e+06);6-7(score=6.144e+06,gain=6.144e+06);0-3(score=4.416e+06,gain=4.416e+06)","1-2(score=2521936,gain=2521936);4-5(score=2400998,gain=2400998);0-3(score=861630,gain=861630);2-3(score=765982,gain=765982);6-7(score=748792,gain=748792);1-3(score=586158,gain=586158);5-6(score=567378,gain=567378);4-6(score=544842,gain=544842)","1-2(score=1934861.1157,gain=1934861.1157);4-5(score=1899130.19455,gain=1899130.19455);6-7(score=672169.462048,gain=672169.462048);0-3(score=616184.903039,gain=616184.903039);2-3(score=385452.356749,gain=385452.356749);5-6(score=233306.509668,gain=233306.509668);1-3(score=224542.564917,gain=224542.564917);4-6(score=215942.176924,gain=215942.176924)","1-2(score=8544000,gain=8544000);4-5(score=8544000,gain=8544000);5-6(score=8544000,gain=8544000);2-3(score=6144000,gain=6144000);6-7(score=6144000,gain=6144000);0-3(score=4416000,gain=4416000);1-3(score=4320000,gain=4320000);4-6(score=4320000,gain=4320000)"
high-degree-aggregator-bias-replay,ocs-oracle,1401,0.5,7,0.035,0.04,10879908,64656000,4,4,16,27648000,0,1,1,1,1,0.427616926503,0.427616926503,0.427616926503,0.856305441477,1,4.94269049514,0,0,"1-2(score=2.69938e+06,gain=2.69938e+06);4-5(score=2.35251e+06,gain=2.35251e+06);6-7(score=1.14478e+06,gain=1.14478e+06);0-3(score=861040,gain=861040)","1-2(score=2.08039e+06,gain=2.08039e+06);4-5(score=1.8979e+06,gain=1.8979e+06);6-7(score=1.0144e+06,gain=1.0144e+06);0-3(score=628151,gain=628151)","1-2(score=8.544e+06,gain=8.544e+06);4-5(score=8.544e+06,gain=8.544e+06);6-7(score=6.144e+06,gain=6.144e+06);0-3(score=4.416e+06,gain=4.416e+06)","1-2(score=2699378,gain=2699378);4-5(score=2352510,gain=2352510);6-7(score=1144778,gain=1144778);0-3(score=861040,gain=861040);2-3(score=732086,gain=732086);1-3(score=605686,gain=605686);5-6(score=577408,gain=577408);4-6(score=463352,gain=463352)","1-2(score=2080390.41209,gain=2080390.41209);4-5(score=1897896.81658,gain=1897896.81658);6-7(score=1014399.30956,gain=1014399.30956);0-3(score=628150.898156,gain=628150.898156);2-3(score=354896.619503,gain=354896.619503);1-3(score=241063.502218,gain=241063.502218);5-6(score=105275.492367,gain=105275.492367);4-6(score=56795.6152254,gain=56795.6152254)","1-2(score=8544000,gain=8544000);4-5(score=8544000,gain=8544000);5-6(score=8544000,gain=8544000);2-3(score=6144000,gain=6144000);6-7(score=6144000,gain=6144000);0-3(score=4416000,gain=4416000);1-3(score=4320000,gain=4320000);4-6(score=4320000,gain=4320000)"
high-degree-aggregator-bias-replay,ocs-oracle,1401,0.5,8,0.04,0.045,10728026,64656000,4,4,16,27648000,0,1,1,1,1,0.427616926503,0.427616926503,0.427616926503,0.857646740543,1,5.02682400263,0,0,"1-2(score=2.69911e+06,gain=2.69911e+06);4-5(score=2.22469e+06,gain=2.22469e+06);6-7(score=1.09311e+06,gain=1.09311e+06);0-3(score=859270,gain=859270)","1-2(score=2.06546e+06,gain=2.06546e+06);4-5(score=1.79772e+06,gain=1.79772e+06);6-7(score=970007,gain=970007);0-3(score=621506,gain=621506)","1-2(score=8.544e+06,gain=8.544e+06);4-5(score=8.544e+06,gain=8.544e+06);6-7(score=6.144e+06,gain=6.144e+06);0-3(score=4.416e+06,gain=4.416e+06)","1-2(score=2699108,gain=2699108);4-5(score=2224686,gain=2224686);6-7(score=1093112,gain=1093112);0-3(score=859270,gain=859270);2-3(score=715232,gain=715232);1-3(score=659766,gain=659766);5-6(score=572796,gain=572796);4-6(score=480038,gain=480038)","1-2(score=2065457.85656,gain=2065457.85656);4-5(score=1797722.56022,gain=1797722.56022);6-7(score=970006.876742,gain=970006.876742);0-3(score=621505.973646,gain=621505.973646);2-3(score=329702.784982,gain=329702.784982);1-3(score=277370.334093,gain=277370.334093);5-6(score=225365.645112,gain=225365.645112);4-6(score=145615.358819,gain=145615.358819)","1-2(score=8544000,gain=8544000);4-5(score=8544000,gain=8544000);5-6(score=8544000,gain=8544000);2-3(score=6144000,gain=6144000);6-7(score=6144000,gain=6144000);0-3(score=4416000,gain=4416000);1-3(score=4320000,gain=4320000);4-6(score=4320000,gain=4320000)"
high-degree-aggregator-bias-replay,ocs-oracle,1401,0.5,9,0.045,0.05,10841912,64656000,4,4,16,27648000,0,1,1,1,1,0.427616926503,0.427616926503,0.427616926503,0.849900012307,1,4.96351690986,0,0,"1-2(score=2.68745e+06,gain=2.68745e+06);4-5(score=2.5044e+06,gain=2.5044e+06);6-7(score=1.05276e+06,gain=1.05276e+06);0-3(score=854550,gain=854550)","1-2(score=2.08038e+06,gain=2.08038e+06);4-5(score=1.99931e+06,gain=1.99931e+06);6-7(score=936858,gain=936858);0-3(score=634626,gain=634626)","1-2(score=8.544e+06,gain=8.544e+06);4-5(score=8.544e+06,gain=8.544e+06);6-7(score=6.144e+06,gain=6.144e+06);0-3(score=4.416e+06,gain=4.416e+06)","1-2(score=2687454,gain=2687454);4-5(score=2504396,gain=2504396);6-7(score=1052756,gain=1052756);0-3(score=854550,gain=854550);2-3(score=660736,gain=660736);1-3(score=648456,gain=648456);5-6(score=598386,gain=598386);4-6(score=485772,gain=485772)","1-2(score=2080382.67388,gain=2080382.67388);4-5(score=1999312.71555,gain=1999312.71555);6-7(score=936857.615398,gain=936857.615398);0-3(score=634626.052852,gain=634626.052852);2-3(score=297534.528407,gain=297534.528407);1-3(score=287572.357549,gain=287572.357549);5-6(score=227646.712639,gain=227646.712639);4-6(score=127733.627984,gain=127733.627984)","1-2(score=8544000,gain=8544000);4-5(score=8544000,gain=8544000);5-6(score=8544000,gain=8544000);2-3(score=6144000,gain=6144000);6-7(score=6144000,gain=6144000);0-3(score=4416000,gain=4416000);1-3(score=4320000,gain=4320000);4-6(score=4320000,gain=4320000)"
high-degree-aggregator-bias-replay,ocs-oracle,1401,0.7,1,0.005,0.01,1331292,96984000,4,4,24,41472000,0,0,1,0,1,0.269487750557,0.427616926503,0.427616926503,0.764884874634,0.230769230769,71.8487230969,41472000,0,"0-1(score=136458,gain=136458);2-3(score=100780,gain=100780);5-6(score=88124,gain=88124)","1-2(score=70330,gain=70330);6-7(score=68814.4,gain=68814.4);4-5(score=56216.6,gain=56216.6);0-3(score=34997.5,gain=34997.5)","1-2(score=1.2816e+07,gain=1.2816e+07);4-5(score=1.2816e+07,gain=1.2816e+07);6-7(score=9.216e+06,gain=9.216e+06);0-3(score=6.624e+06,gain=6.624e+06)","0-1(score=136458,gain=136458);0-2(score=121118,gain=121118);0-3(score=112858,gain=112858);0-4(score=112210,gain=112210);0-5(score=111400,gain=111400);0-6(score=111400,gain=111400);1-2(score=111400,gain=111400);2-3(score=100780,gain=100780)","1-2(score=70329.9690015,gain=70329.9690015);6-7(score=68814.44152,gain=68814.44152);2-3(score=63993.5737855,gain=63993.5737855);4-5(score=56216.6362331,gain=56216.6362331);5-6(score=49643.3671201,gain=49643.3671201);0-1(score=49530.9648912,gain=49530.9648912);1-3(score=44022.1650968,gain=44022.1650968);4-6(score=42286.9447424,gain=42286.9447424)","1-2(score=12816000,gain=12816000);4-5(score=12816000,gain=12816000);5-6(score=12816000,gain=12816000);2-3(score=9216000,gain=9216000);6-7(score=9216000,gain=9216000);0-3(score=6624000,gain=6624000);1-3(score=6480000,gain=6480000);4-6(score=6480000,gain=6480000)"
high-degree-aggregator-bias-replay,ocs-oracle,1401,0.7,2,0.01,0.015,13599272,96984000,4,4,24,41472000,0,1,1,1,1,0.427616926503,0.427616926503,0.427616926503,0.791804661272,1,6.1315514556,0,0,"1-2(score=3.73362e+06,gain=3.73362e+06);4-5(score=3.45524e+06,gain=3.45524e+06);0-3(score=1.75557e+06,gain=1.75557e+06);6-7(score=998172,gain=998172)","1-2(score=2.95425e+06,gain=2.95425e+06);4-5(score=2.78289e+06,gain=2.78289e+06);0-3(score=1.41493e+06,gain=1.41493e+06);6-7(score=912083,gain=912083)","1-2(score=1.2816e+07,gain=1.2816e+07);4-5(score=1.2816e+07,gain=1.2816e+07);6-7(score=9.216e+06,gain=9.216e+06);0-3(score=6.624e+06,gain=6.624e+06)","1-2(score=3733620,gain=3733620);4-5(score=3455236,gain=3455236);0-3(score=1755574,gain=1755574);6-7(score=998172,gain=998172);2-3(score=695386,gain=695386);5-6(score=603226,gain=603226);1-3(score=508046,gain=508046);4-6(score=474454,gain=474454)","1-2(score=2954248.22457,gain=2954248.22457);4-5(score=2782887.77174,gain=2782887.77174);0-3(score=1414929.35465,gain=1414929.35465);6-7(score=912082.763169,gain=912082.763169);5-6(score=229082.134643,gain=229082.134643);4-6(score=110883.831618,gain=110883.831618);2-3(score=91083.1840403,gain=91083.1840403);1-3(score=9591.34227678,gain=9591.34227678)","1-2(score=12816000,gain=12816000);4-5(score=12816000,gain=12816000);5-6(score=12816000,gain=12816000);2-3(score=9216000,gain=9216000);6-7(score=9216000,gain=9216000);0-3(score=6624000,gain=6624000);1-3(score=6480000,gain=6480000);4-6(score=6480000,gain=6480000)"
high-degree-aggregator-bias-replay,ocs-oracle,1401,0.7,3,0.015,0.02,14149614,96984000,4,4,24,41472000,0,1,1,1,1,0.427616926503,0.427616926503,0.427616926503,0.805816096791,1,5.85417370307,0,0,"1-2(score=3.6716e+06,gain=3.6716e+06);4-5(score=3.45089e+06,gain=3.45089e+06);0-3(score=1.71051e+06,gain=1.71051e+06);6-7(score=1.46028e+06,gain=1.46028e+06)","1-2(score=2.90998e+06,gain=2.90998e+06);4-5(score=2.80962e+06,gain=2.80962e+06);0-3(score=1.37111e+06,gain=1.37111e+06);6-7(score=1.31399e+06,gain=1.31399e+06)","1-2(score=1.2816e+07,gain=1.2816e+07);4-5(score=1.2816e+07,gain=1.2816e+07);6-7(score=9.216e+06,gain=9.216e+06);0-3(score=6.624e+06,gain=6.624e+06)","1-2(score=3671604,gain=3671604);4-5(score=3450894,gain=3450894);0-3(score=1710506,gain=1710506);6-7(score=1460282,gain=1460282);2-3(score=676942,gain=676942);1-3(score=673078,gain=673078);4-6(score=544638,gain=544638);5-6(score=533960,gain=533960)","1-2(score=2909975.68513,gain=2909975.68513);4-5(score=2809621.70633,gain=2809621.70633);0-3(score=1371111.87725,gain=1371111.87725);6-7(score=1313988.91929,gain=1313988.91929);2-3(score=87420.8835316,gain=87420.8835316);1-3(score=85500.5635961,gain=85500.5635961);4-6(score=59405.5954144,gain=59405.5954144);5-6(score=53120.682729,gain=53120.682729)","1-2(score=12816000,gain=12816000);4-5(score=12816000,gain=12816000);5-6(score=12816000,gain=12816000);2-3(score=9216000,gain=9216000);6-7(score=9216000,gain=9216000);0-3(score=6624000,gain=6624000);1-3(score=6480000,gain=6480000);4-6(score=6480000,gain=6480000)"
high-degree-aggregator-bias-replay,ocs-oracle,1401,0.7,4,0.02,0.025,14050562,96984000,4,4,24,41472000,0,1,1,1,1,0.427616926503,0.427616926503,0.427616926503,0.813184962171,1,5.90249339938,0,0,"1-2(score=3.64767e+06,gain=3.64767e+06);4-5(score=3.18997e+06,gain=3.18997e+06);0-3(score=1.68674e+06,gain=1.68674e+06);6-7(score=1.67873e+06,gain=1.67873e+06)","1-2(score=2.89219e+06,gain=2.89219e+06);4-5(score=2.62003e+06,gain=2.62003e+06);6-7(score=1.49685e+06,gain=1.49685e+06);0-3(score=1.34955e+06,gain=1.34955e+06)","1-2(score=1.2816e+07,gain=1.2816e+07);4-5(score=1.2816e+07,gain=1.2816e+07);6-7(score=9.216e+06,gain=9.216e+06);0-3(score=6.624e+06,gain=6.624e+06)","1-2(score=3647668,gain=3647668);4-5(score=3189968,gain=3189968);0-3(score=1686740,gain=1686740);6-7(score=1678728,gain=1678728);2-3(score=731380,gain=731380);1-3(score=595930,gain=595930);4-6(score=535892,gain=535892);5-6(score=527200,gain=527200)","1-2(score=2892190.09462,gain=2892190.09462);4-5(score=2620027.1156,gain=2620027.1156);6-7(score=1496850.7717,gain=1496850.7717);0-3(score=1349545.00617,gain=1349545.00617);2-3(score=115194.279711,gain=115194.279711);1-3(score=54218.3365178,gain=54218.3365178);4-6(score=51114.0834404,gain=51114.0834404);5-6(score=46846.4149128,gain=46846.4149128)","1-2(score=12816000,gain=12816000);4-5(score=12816000,gain=12816000);5-6(score=12816000,gain=12816000);2-3(score=9216000,gain=9216000);6-7(score=9216000,gain=9216000);0-3(score=6624000,gain=6624000);1-3(score=6480000,gain=6480000);4-6(score=6480000,gain=6480000)"
high-degree-aggregator-bias-replay,ocs-oracle,1401,0.7,5,0.025,0.03,13342152,96984000,4,4,24,41472000,0,1,1,1,1,0.427616926503,0.427616926503,0.427616926503,0.80715184607,1,6.26898524055,0,0,"4-5(score=3.39801e+06,gain=3.39801e+06);1-2(score=3.31729e+06,gain=3.31729e+06);0-3(score=1.67268e+06,gain=1.67268e+06);6-7(score=1.04286e+06,gain=1.04286e+06)","4-5(score=2.73223e+06,gain=2.73223e+06);1-2(score=2.62267e+06,gain=2.62267e+06);0-3(score=1.3153e+06,gain=1.3153e+06);6-7(score=948154,gain=948154)","1-2(score=1.2816e+07,gain=1.2816e+07);4-5(score=1.2816e+07,gain=1.2816e+07);6-7(score=9.216e+06,gain=9.216e+06);0-3(score=6.624e+06,gain=6.624e+06)","4-5(score=3398010,gain=3398010);1-2(score=3317292,gain=3317292);0-3(score=1672684,gain=1672684);6-7(score=1042858,gain=1042858);2-3(score=694912,gain=694912);1-3(score=668948,gain=668948);5-6(score=572578,gain=572578);4-6(score=506920,gain=506920)","4-5(score=2732227.89309,gain=2732227.89309);1-2(score=2622671.13993,gain=2622671.13993);0-3(score=1315295.12717,gain=1315295.12717);6-7(score=948154.097128,gain=948154.097128);2-3(score=101443.547451,gain=101443.547451);5-6(score=92944.77139,gain=92944.77139);1-3(score=90561.5228884,gain=90561.5228884);4-6(score=64015.4154423,gain=64015.4154423)","1-2(score=12816000,gain=12816000);4-5(score=12816000,gain=12816000);5-6(score=12816000,gain=12816000);2-3(score=9216000,gain=9216000);6-7(score=9216000,gain=9216000);0-3(score=6624000,gain=6624000);1-3(score=6480000,gain=6480000);4-6(score=6480000,gain=6480000)"
high-degree-aggregator-bias-replay,ocs-oracle,1401,0.7,6,0.03,0.035,14312824,96984000,4,4,24,41472000,0,1,1,1,1,0.427616926503,0.427616926503,0.427616926503,0.821204553589,1,5.77601522661,0,0,"1-2(score=3.33791e+06,gain=3.33791e+06);4-5(score=3.25832e+06,gain=3.25832e+06);6-7(score=2.13723e+06,gain=2.13723e+06);0-3(score=1.66592e+06,gain=1.66592e+06)","1-2(score=2.68102e+06,gain=2.68102e+06);4-5(score=2.67593e+06,gain=2.67593e+06);6-7(score=1.87811e+06,gain=1.87811e+06);0-3(score=1.33255e+06,gain=1.33255e+06)","1-2(score=1.2816e+07,gain=1.2816e+07);4-5(score=1.2816e+07,gain=1.2816e+07);6-7(score=9.216e+06,gain=9.216e+06);0-3(score=6.624e+06,gain=6.624e+06)","1-2(score=3337908,gain=3337908);4-5(score=3258320,gain=3258320);6-7(score=2137228,gain=2137228);0-3(score=1665924,gain=1665924);2-3(score=720870,gain=720870);1-3(score=662562,gain=662562);4-6(score=540720,gain=540720);5-6(score=525696,gain=525696)","1-2(score=2681022.36985,gain=2681022.36985);4-5(score=2675928.86403,gain=2675928.86403);6-7(score=1878106.41298,gain=1878106.41298);0-3(score=1332550.91482,gain=1332550.91482);2-3(score=256408.360853,gain=256408.360853);1-3(score=203151.577957,gain=203151.577957);4-6(score=23323.926982,gain=23323.926982);5-6(score=14845.9927514,gain=14845.9927514)","1-2(score=12816000,gain=12816000);4-5(score=12816000,gain=12816000);5-6(score=12816000,gain=12816000);2-3(score=9216000,gain=9216000);6-7(score=9216000,gain=9216000);0-3(score=6624000,gain=6624000);1-3(score=6480000,gain=6480000);4-6(score=6480000,gain=6480000)"
high-degree-aggregator-bias-replay,ocs-oracle,1401,0.7,7,0.035,0.04,14251794,96984000,4,4,22,35808000,0,1,1,1,1,0.427616926503,0.427616926503,0.427616926503,0.807724424583,1,5.80503190858,0,0,"1-2(score=3.68625e+06,gain=3.68625e+06);4-5(score=3.48796e+06,gain=3.48796e+06);0-3(score=1.66481e+06,gain=1.66481e+06);6-7(score=1.53639e+06,gain=1.53639e+06)","1-2(score=2.92079e+06,gain=2.92079e+06);4-5(score=2.83933e+06,gain=2.83933e+06);6-7(score=1.38127e+06,gain=1.38127e+06);0-3(score=1.33339e+06,gain=1.33339e+06)","1-2(score=1.2816e+07,gain=1.2816e+07);4-5(score=1.2816e+07,gain=1.2816e+07);6-7(score=9.216e+06,gain=9.216e+06);0-3(score=6.624e+06,gain=6.624e+06)","1-2(score=3686250,gain=3686250);4-5(score=3487956,gain=3487956);0-3(score=1664814,gain=1664814);6-7(score=1536394,gain=1536394);1-3(score=693126,gain=693126);2-3(score=688958,gain=688958);5-6(score=541202,gain=541202);4-6(score=517466,gain=517466)","1-2(score=2920789.20981,gain=2920789.20981);4-5(score=2839327.52862,gain=2839327.52862);6-7(score=1381271.15846,gain=1381271.15846);0-3(score=1333391.49526,gain=1333391.49526);1-3(score=97089.3825392,gain=97089.3825392);2-3(score=94643.2214518,gain=94643.2214518);5-6(score=51563.6432027,gain=51563.6432027);4-6(score=43621.4860839,gain=43621.4860839)","1-2(score=12816000,gain=12816000);4-5(score=12816000,gain=12816000);5-6(score=12816000,gain=12816000);2-3(score=9216000,gain=9216000);6-7(score=9216000,gain=9216000);0-3(score=6624000,gain=6624000);1-3(score=6480000,gain=6480000);4-6(score=6480000,gain=6480000)"
high-degree-aggregator-bias-replay,ocs-oracle,1401,0.7,8,0.04,0.045,13809498,96984000,4,4,22,35808000,0,1,1,1,1,0.427616926503,0.427616926503,0.427616926503,0.813348756355,1,6.02298589385,0,0,"1-2(score=3.62949e+06,gain=3.62949e+06);4-5(score=3.23257e+06,gain=3.23257e+06);0-3(score=1.64352e+06,gain=1.64352e+06);6-7(score=1.38528e+06,gain=1.38528e+06)","1-2(score=2.85531e+06,gain=2.85531e+06);4-5(score=2.63911e+06,gain=2.63911e+06);0-3(score=1.30568e+06,gain=1.30568e+06);6-7(score=1.2459e+06,gain=1.2459e+06)","1-2(score=1.2816e+07,gain=1.2816e+07);4-5(score=1.2816e+07,gain=1.2816e+07);6-7(score=9.216e+06,gain=9.216e+06);0-3(score=6.624e+06,gain=6.624e+06)","1-2(score=3629490,gain=3629490);4-5(score=3232566,gain=3232566);0-3(score=1643520,gain=1643520);6-7(score=1385278,gain=1385278);2-3(score=719636,gain=719636);1-3(score=682464,gain=682464);5-6(score=570440,gain=570440);4-6(score=525912,gain=525912)","1-2(score=2855307.62251,gain=2855307.62251);4-5(score=2639109.70686,gain=2639109.70686);0-3(score=1305676.34553,gain=1305676.34553);6-7(score=1245900.32463,gain=1245900.32463);2-3(score=103849.585948,gain=103849.585948);1-3(score=87286.537792,gain=87286.537792);5-6(score=80022.8811259,gain=80022.8811259);4-6(score=60804.0494768,gain=60804.0494768)","1-2(score=12816000,gain=12816000);4-5(score=12816000,gain=12816000);5-6(score=12816000,gain=12816000);2-3(score=9216000,gain=9216000);6-7(score=9216000,gain=9216000);0-3(score=6624000,gain=6624000);1-3(score=6480000,gain=6480000);4-6(score=6480000,gain=6480000)"
high-degree-aggregator-bias-replay,ocs-oracle,1401,0.7,9,0.045,0.05,13512554,96984000,4,4,23,38640000,0,1,1,1,1,0.427616926503,0.427616926503,0.427616926503,0.809714657434,1,6.17731876152,0,0,"1-2(score=3.54353e+06,gain=3.54353e+06);4-5(score=3.14932e+06,gain=3.14932e+06);0-3(score=1.64463e+06,gain=1.64463e+06);6-7(score=1.31929e+06,gain=1.31929e+06)","1-2(score=2.78676e+06,gain=2.78676e+06);4-5(score=2.56998e+06,gain=2.56998e+06);0-3(score=1.30082e+06,gain=1.30082e+06);6-7(score=1.18988e+06,gain=1.18988e+06)","1-2(score=1.2816e+07,gain=1.2816e+07);4-5(score=1.2816e+07,gain=1.2816e+07);6-7(score=9.216e+06,gain=9.216e+06);0-3(score=6.624e+06,gain=6.624e+06)","1-2(score=3543526,gain=3543526);4-5(score=3149318,gain=3149318);0-3(score=1644626,gain=1644626);6-7(score=1319292,gain=1319292);1-3(score=692636,gain=692636);2-3(score=689710,gain=689710);4-6(score=533528,gain=533528);5-6(score=514972,gain=514972)","1-2(score=2786762.49725,gain=2786762.49725);4-5(score=2569983.60668,gain=2569983.60668);0-3(score=1300815.77375,gain=1300815.77375);6-7(score=1189882.68891,gain=1189882.68891);1-3(score=92905.0611095,gain=92905.0611095);2-3(score=91738.3167597,gain=91738.3167597);4-6(score=72423.3474443,gain=72423.3474443);5-6(score=63700.0462178,gain=63700.0462178)","1-2(score=12816000,gain=12816000);4-5(score=12816000,gain=12816000);5-6(score=12816000,gain=12816000);2-3(score=9216000,gain=9216000);6-7(score=9216000,gain=9216000);0-3(score=6624000,gain=6624000);1-3(score=6480000,gain=6480000);4-6(score=6480000,gain=6480000)"
high-degree-aggregator-bias-replay,ocs-volume,1401,0.5,1,0.005,0.01,1195348,64656000,3,3,12,17424000,0,0.4,0,0,0.333333333333,0.269487750557,0.364513734224,0.427616926503,0.773750930049,0.230769230769,53.0890214939,27648000,12960000,"0-1(score=120246,gain=120246);2-3(score=94440,gain=94440);5-6(score=81784,gain=81784)","6-7(score=63489.3,gain=63489.3);2-3(score=60383.2,gain=60383.2);4-5(score=52713.3,gain=52713.3);0-1(score=44703,gain=44703)","1-2(score=8.544e+06,gain=8.544e+06);4-5(score=8.544e+06,gain=8.544e+06);6-7(score=6.144e+06,gain=6.144e+06);0-3(score=4.416e+06,gain=4.416e+06)","0-1(score=120246,gain=120246);0-2(score=116706,gain=116706);0-3(score=96646,gain=96646);0-4(score=96646,gain=96646);0-5(score=96484,gain=96484);0-6(score=95620,gain=95620);1-2(score=95620,gain=95620);2-3(score=94440,gain=94440)","6-7(score=63489.3178489,gain=63489.3178489);2-3(score=60383.2326017,gain=60383.2326017);1-2(score=58383.5470708,gain=58383.5470708);4-5(score=52713.2905346,gain=52713.2905346);5-6(score=46765.4442522,gain=46765.4442522);0-1(score=44702.9736947,gain=44702.9736947);1-3(score=42109.2567989,gain=42109.2567989);4-6(score=39737.8655722,gain=39737.8655722)","1-2(score=8544000,gain=8544000);4-5(score=8544000,gain=8544000);5-6(score=8544000,gain=8544000);2-3(score=6144000,gain=6144000);6-7(score=6144000,gain=6144000);0-3(score=4416000,gain=4416000);1-3(score=4320000,gain=4320000);4-6(score=4320000,gain=4320000)"
high-degree-aggregator-bias-replay,ocs-volume,1401,0.5,2,0.01,0.015,9704554,64656000,3,3,12,17424000,0,0.5,0,0,0,0.269487750557,0.269487750557,0.427616926503,0.757294553411,0.777777777778,5.66243034595,27648000,27648000,"2-3(score=2.52631e+06,gain=2.52631e+06);5-6(score=2.30619e+06,gain=2.30619e+06);0-4(score=267146,gain=267146)","2-3(score=1.9092e+06,gain=1.9092e+06);5-6(score=1.66277e+06,gain=1.66277e+06);0-1(score=120727,gain=120727)","1-2(score=8.544e+06,gain=8.544e+06);4-5(score=8.544e+06,gain=8.544e+06);6-7(score=6.144e+06,gain=6.144e+06);0-3(score=4.416e+06,gain=4.416e+06)","2-3(score=2526310,gain=2526310);5-6(score=2306192,gain=2306192);6-7(score=689020,gain=689020);1-2(score=683424,gain=683424);4-5(score=663738,gain=663738);1-3(score=645818,gain=645818);4-6(score=600862,gain=600862);0-2(score=284152,gain=284152)","2-3(score=1909196.93096,gain=1909196.93096);5-6(score=1662766.02335,gain=1662766.02335);6-7(score=551451.704659,gain=551451.704659);4-5(score=409410.5475,gain=409410.5475);1-2(score=399133.897935,gain=399133.897935);1-3(score=366875.557844,gain=366875.557844);4-6(score=295036.790115,gain=295036.790115);0-1(score=120726.97638,gain=120726.97638)","1-2(score=8544000,gain=8544000);4-5(score=8544000,gain=8544000);5-6(score=8544000,gain=8544000);2-3(score=6144000,gain=6144000);6-7(score=6144000,gain=6144000);0-3(score=4416000,gain=4416000);1-3(score=4320000,gain=4320000);4-6(score=4320000,gain=4320000)"
high-degree-aggregator-bias-replay,ocs-volume,1401,0.5,3,0.015,0.02,9634456,64656000,3,3,12,15024000,0,1,0.166666666667,0.166666666667,0.166666666667,0.232368225687,0.232368225687,0.427616926503,0.731701178175,0.777777777778,5.7109045219,21504000,21504000,"2-3(score=2.57041e+06,gain=2.57041e+06);6-7(score=1.28929e+06,gain=1.28929e+06);0-4(score=903150,gain=903150)","2-3(score=1.92782e+06,gain=1.92782e+06);6-7(score=1.08139e+06,gain=1.08139e+06);0-4(score=652321,gain=652321)","1-2(score=8.544e+06,gain=8.544e+06);4-5(score=8.544e+06,gain=8.544e+06);6-7(score=6.144e+06,gain=6.144e+06);0-3(score=4.416e+06,gain=4.416e+06)","2-3(score=2570406,gain=2570406);6-7(score=1289288,gain=1289288);5-6(score=936356,gain=936356);0-4(score=903150,gain=903150);4-5(score=735832,gain=735832);1-2(score=723664,gain=723664);1-3(score=620370,gain=620370);4-6(score=596554,gain=596554)","2-3(score=1927816.95776,gain=1927816.95776);6-7(score=1081390.98312,gain=1081390.98312);0-4(score=652321.228012,gain=652321.228012);5-6(score=625759.835631,gain=625759.835631);4-5(score=512360.44776,gain=512360.44776);1-2(score=442643.264911,gain=442643.264911);1-3(score=349814.736944,gain=349814.736944);4-6(score=236074.987139,gain=236074.987139)","1-2(score=8544000,gain=8544000);4-5(score=8544000,gain=8544000);5-6(score=8544000,gain=8544000);2-3(score=6144000,gain=6144000);6-7(score=6144000,gain=6144000);0-3(score=4416000,gain=4416000);1-3(score=4320000,gain=4320000);4-6(score=4320000,gain=4320000)"
high-degree-aggregator-bias-replay,ocs-volume,1401,0.5,4,0.02,0.025,10393790,64656000,3,3,12,15024000,0,0.4,0.166666666667,0.166666666667,0.333333333333,0.232368225687,0.364513734224,0.427616926503,0.625906002428,0.777777777778,5.22062998103,21504000,12960000,"6-7(score=2.99582e+06,gain=2.99582e+06);2-3(score=2.40393e+06,gain=2.40393e+06);0-4(score=793518,gain=793518)","6-7(score=2.39053e+06,gain=2.39053e+06);2-3(score=1.87848e+06,gain=1.87848e+06);4-5(score=617331,gain=617331);0-1(score=16410.3,gain=16410.3)","1-2(score=8.544e+06,gain=8.544e+06);4-5(score=8.544e+06,gain=8.544e+06);6-7(score=6.144e+06,gain=6.144e+06);0-3(score=4.416e+06,gain=4.416e+06)","6-7(score=2995816,gain=2995816);2-3(score=2403932,gain=2403932);0-4(score=793518,gain=793518);4-5(score=759774,gain=759774);1-2(score=702204,gain=702204);1-3(score=632732,gain=632732);4-6(score=528274,gain=528274);5-6(score=404972,gain=404972)","6-7(score=2390531.9193,gain=2390531.9193);2-3(score=1878476.92937,gain=1878476.92937);4-5(score=617331.246952,gain=617331.246952);0-4(score=596643.819808,gain=596643.819808);1-2(score=457791.332338,gain=457791.332338);1-3(score=396724.772554,gain=396724.772554);0-5(score=123219.609463,gain=123219.609463);5-6(score=58782.2083627,gain=58782.2083627)","1-2(score=8544000,gain=8544000);4-5(score=8544000,gain=8544000);5-6(score=8544000,gain=8544000);2-3(score=6144000,gain=6144000);6-7(score=6144000,gain=6144000);0-3(score=4416000,gain=4416000);1-3(score=4320000,gain=4320000);4-6(score=4320000,gain=4320000)"
high-degree-aggregator-bias-replay,ocs-volume,1401,0.5,5,0.025,0.03,8732024,64656000,4,4,16,23568000,0,1,0.333333333333,0.333333333333,0.333333333333,0.364513734224,0.364513734224,0.427616926503,0.701702726135,0.777777777778,6.40445788206,12960000,12960000,"2-3(score=2.48165e+06,gain=2.48165e+06);6-7(score=818628,gain=818628);4-5(score=785792,gain=785792);0-1(score=229856,gain=229856)","2-3(score=1.79807e+06,gain=1.79807e+06);6-7(score=714953,gain=714953);4-5(score=590083,gain=590083);0-1(score=14491.3,gain=14491.3)","1-2(score=8.544e+06,gain=8.544e+06);4-5(score=8.544e+06,gain=8.544e+06);6-7(score=6.144e+06,gain=6.144e+06);0-3(score=4.416e+06,gain=4.416e+06)","2-3(score=2481648,gain=2481648);6-7(score=818628,gain=818628);4-5(score=785792,gain=785792);1-2(score=772434,gain=772434);0-4(score=772312,gain=772312);1-3(score=623818,gain=623818);4-6(score=581754,gain=581754);5-6(score=510614,gain=510614)","2-3(score=1798070.28064,gain=1798070.28064);6-7(score=714953.248767,gain=714953.248767);4-5(score=590083.262145,gain=590083.262145);0-4(score=507975.077753,gain=507975.077753);1-2(score=441329.376425,gain=441329.376425);1-3(score=311226.971088,gain=311226.971088);4-6(score=310752.707808,gain=310752.707808);5-6(score=308332.3047,gain=308332.3047)","1-2(score=8544000,gain=8544000);4-5(score=8544000,gain=8544000);5-6(score=8544000,gain=8544000);2-3(score=6144000,gain=6144000);6-7(score=6144000,gain=6144000);0-3(score=4416000,gain=4416000);1-3(score=4320000,gain=4320000);4-6(score=4320000,gain=4320000)"
high-degree-aggregator-bias-replay,ocs-volume,1401,0.5,6,0.03,0.035,11106968,64656000,4,4,16,23568000,0,1,0.333333333333,0.333333333333,0.333333333333,0.364513734224,0.364513734224,0.427616926503,0.720524035048,0.777777777778,4.82120410196,12960000,12960000,"4-5(score=3.33108e+06,gain=3.33108e+06);2-3(score=2.48739e+06,gain=2.48739e+06);0-1(score=896444,gain=896444);6-7(score=762362,gain=762362)","4-5(score=2.58609e+06,gain=2.58609e+06);2-3(score=1.95994e+06,gain=1.95994e+06);6-7(score=689587,gain=689587);0-1(score=683929,gain=683929)","1-2(score=8.544e+06,gain=8.544e+06);4-5(score=8.544e+06,gain=8.544e+06);6-7(score=6.144e+06,gain=6.144e+06);0-3(score=4.416e+06,gain=4.416e+06)","4-5(score=3331078,gain=3331078);2-3(score=2487390,gain=2487390);0-1(score=896444,gain=896444);6-7(score=762362,gain=762362);1-2(score=728484,gain=728484);1-3(score=570598,gain=570598);4-6(score=562010,gain=562010);5-6(score=514860,gain=514860)","4-5(score=2586092.50223,gain=2586092.50223);2-3(score=1959940.58439,gain=1959940.58439);6-7(score=689586.934825,gain=689586.934825);0-1(score=683929.240444,gain=683929.240444);1-2(score=381973.967421,gain=381973.967421);1-3(score=240291.853875,gain=240291.853875);4-6(score=180576.90998,gain=180576.90998);5-6(score=119495.479751,gain=119495.479751)","1-2(score=8544000,gain=8544000);4-5(score=8544000,gain=8544000);5-6(score=8544000,gain=8544000);2-3(score=6144000,gain=6144000);6-7(score=6144000,gain=6144000);0-3(score=4416000,gain=4416000);1-3(score=4320000,gain=4320000);4-6(score=4320000,gain=4320000)"
high-degree-aggregator-bias-replay,ocs-volume,1401,0.5,7,0.035,0.04,11091522,64656000,4,4,16,23568000,0,1,0.333333333333,0.333333333333,0.333333333333,0.364513734224,0.364513734224,0.427616926503,0.736064046182,0.777777777778,4.82931067173,12960000,12960000,"4-5(score=3.14233e+06,gain=3.14233e+06);2-3(score=2.46517e+06,gain=2.46517e+06);6-7(score=931716,gain=931716);0-1(score=855668,gain=855668)","4-5(score=2.46057e+06,gain=2.46057e+06);2-3(score=1.93935e+06,gain=1.93935e+06);6-7(score=835261,gain=835261);0-1(score=643062,gain=643062)","1-2(score=8.544e+06,gain=8.544e+06);4-5(score=8.544e+06,gain=8.544e+06);6-7(score=6.144e+06,gain=6.144e+06);0-3(score=4.416e+06,gain=4.416e+06)","4-5(score=3142334,gain=3142334);2-3(score=2465170,gain=2465170);6-7(score=931716,gain=931716);0-1(score=855668,gain=855668);1-2(score=727794,gain=727794);1-3(score=592200,gain=592200);4-6(score=546828,gain=546828);5-6(score=517748,gain=517748)","4-5(score=2460574.81184,gain=2460574.81184);2-3(score=1939350.17305,gain=1939350.17305);6-7(score=835260.673581,gain=835260.673581);0-1(score=643061.824825,gain=643061.824825);1-2(score=385114.036684,gain=385114.036684);1-3(score=264776.415688,gain=264776.415688);4-6(score=75744.6417319,gain=75744.6417319);5-6(score=53881.4302216,gain=53881.4302216)","1-2(score=8544000,gain=8544000);4-5(score=8544000,gain=8544000);5-6(score=8544000,gain=8544000);2-3(score=6144000,gain=6144000);6-7(score=6144000,gain=6144000);0-3(score=4416000,gain=4416000);1-3(score=4320000,gain=4320000);4-6(score=4320000,gain=4320000)"
high-degree-aggregator-bias-replay,ocs-volume,1401,0.5,8,0.04,0.045,11179528,64656000,4,4,16,23568000,0,1,0.333333333333,0.333333333333,0.333333333333,0.364513734224,0.364513734224,0.427616926503,0.72973807049,0.777777777778,4.78342200571,12960000,12960000,"4-5(score=3.34242e+06,gain=3.34242e+06);2-3(score=2.3918e+06,gain=2.3918e+06);6-7(score=867916,gain=867916);0-1(score=866554,gain=866554)","4-5(score=2.59741e+06,gain=2.59741e+06);2-3(score=1.88316e+06,gain=1.88316e+06);6-7(score=783296,gain=783296);0-1(score=650003,gain=650003)","1-2(score=8.544e+06,gain=8.544e+06);4-5(score=8.544e+06,gain=8.544e+06);6-7(score=6.144e+06,gain=6.144e+06);0-3(score=4.416e+06,gain=4.416e+06)","4-5(score=3342420,gain=3342420);2-3(score=2391804,gain=2391804);6-7(score=867916,gain=867916);0-1(score=866554,gain=866554);1-2(score=717244,gain=717244);1-3(score=645760,gain=645760);5-6(score=525758,gain=525758);4-6(score=516946,gain=516946)","4-5(score=2597405.73778,gain=2597405.73778);2-3(score=1883160.81972,gain=1883160.81972);6-7(score=783296.051673,gain=783296.051673);0-1(score=650002.526743,gain=650002.526743);1-2(score=376378.651044,gain=376378.651044);1-3(score=314007.307115,gain=314007.307115);4-6(score=63660.390956,gain=63660.390956);5-6(score=59675.5305584,gain=59675.5305584)","1-2(score=8544000,gain=8544000);4-5(score=8544000,gain=8544000);5-6(score=8544000,gain=8544000);2-3(score=6144000,gain=6144000);6-7(score=6144000,gain=6144000);0-3(score=4416000,gain=4416000);1-3(score=4320000,gain=4320000);4-6(score=4320000,gain=4320000)"
high-degree-aggregator-bias-replay,ocs-volume,1401,0.5,9,0.045,0.05,10626444,64656000,4,4,16,23568000,0,1,0.333333333333,0.333333333333,0.333333333333,0.364513734224,0.364513734224,0.427616926503,0.706352661561,0.777777777778,5.0844364995,12960000,12960000,"4-5(score=3.30054e+06,gain=3.30054e+06);2-3(score=2.49163e+06,gain=2.49163e+06);0-1(score=820850,gain=820850);6-7(score=424138,gain=424138)","4-5(score=2.52827e+06,gain=2.52827e+06);2-3(score=1.94615e+06,gain=1.94615e+06);0-1(score=615930,gain=615930);6-7(score=389466,gain=389466)","1-2(score=8.544e+06,gain=8.544e+06);4-5(score=8.544e+06,gain=8.544e+06);6-7(score=6.144e+06,gain=6.144e+06);0-3(score=4.416e+06,gain=4.416e+06)","4-5(score=3300544,gain=3300544);2-3(score=2491632,gain=2491632);0-1(score=820850,gain=820850);1-2(score=744876,gain=744876);1-3(score=547654,gain=547654);5-6(score=546346,gain=546346);4-6(score=510510,gain=510510);6-7(score=424138,gain=424138)","4-5(score=2528265.92172,gain=2528265.92172);2-3(score=1946152.45197,gain=1946152.45197);0-1(score=615930.313098,gain=615930.313098);1-2(score=394625.445912,gain=394625.445912);6-7(score=389465.708234,gain=389465.708234);1-3(score=220360.881807,gain=220360.881807);5-6(score=209891.570219,gain=209891.570219);4-6(score=184511.096762,gain=184511.096762)","1-2(score=8544000,gain=8544000);4-5(score=8544000,gain=8544000);5-6(score=8544000,gain=8544000);2-3(score=6144000,gain=6144000);6-7(score=6144000,gain=6144000);0-3(score=4416000,gain=4416000);1-3(score=4320000,gain=4320000);4-6(score=4320000,gain=4320000)"
high-degree-aggregator-bias-replay,ocs-volume,1401,0.7,1,0.005,0.01,1331292,96984000,3,3,18,26136000,0,0,0,0,1,0.269487750557,0.427616926503,0.427616926503,0.764884874634,0.230769230769,71.8487230969,41472000,0,"0-1(score=136458,gain=136458);2-3(score=100780,gain=100780);5-6(score=88124,gain=88124)","1-2(score=70330,gain=70330);6-7(score=68814.4,gain=68814.4);4-5(score=56216.6,gain=56216.6);0-3(score=34997.5,gain=34997.5)","1-2(score=1.2816e+07,gain=1.2816e+07);4-5(score=1.2816e+07,gain=1.2816e+07);6-7(score=9.216e+06,gain=9.216e+06);0-3(score=6.624e+06,gain=6.624e+06)","0-1(score=136458,gain=136458);0-2(score=121118,gain=121118);0-3(score=112858,gain=112858);0-4(score=112210,gain=112210);0-5(score=111400,gain=111400);0-6(score=111400,gain=111400);1-2(score=111400,gain=111400);2-3(score=100780,gain=100780)","1-2(score=70329.9690015,gain=70329.9690015);6-7(score=68814.44152,gain=68814.44152);2-3(score=63993.5737855,gain=63993.5737855);4-5(score=56216.6362331,gain=56216.6362331);5-6(score=49643.3671201,gain=49643.3671201);0-1(score=49530.9648912,gain=49530.9648912);1-3(score=44022.1650968,gain=44022.1650968);4-6(score=42286.9447424,gain=42286.9447424)","1-2(score=12816000,gain=12816000);4-5(score=12816000,gain=12816000);5-6(score=12816000,gain=12816000);2-3(score=9216000,gain=9216000);6-7(score=9216000,gain=9216000);0-3(score=6624000,gain=6624000);1-3(score=6480000,gain=6480000);4-6(score=6480000,gain=6480000)"
high-degree-aggregator-bias-replay,ocs-volume,1401,0.7,2,0.01,0.015,11983244,96984000,3,3,18,26136000,0,1,0,0,0,0.269487750557,0.269487750557,0.427616926503,0.710185602062,0.777777777778,7.09329206687,41472000,41472000,"2-3(score=3.37841e+06,gain=3.37841e+06);5-6(score=3.07627e+06,gain=3.07627e+06);0-1(score=714206,gain=714206)","2-3(score=2.61582e+06,gain=2.61582e+06);5-6(score=2.25799e+06,gain=2.25799e+06);0-1(score=543176,gain=543176)","1-2(score=1.2816e+07,gain=1.2816e+07);4-5(score=1.2816e+07,gain=1.2816e+07);6-7(score=9.216e+06,gain=9.216e+06);0-3(score=6.624e+06,gain=6.624e+06)","2-3(score=3378414,gain=3378414);5-6(score=3076270,gain=3076270);6-7(score=862806,gain=862806);4-5(score=720720,gain=720720);0-1(score=714206,gain=714206);1-2(score=706076,gain=706076);4-6(score=608100,gain=608100);1-3(score=542486,gain=542486)","2-3(score=2615823.9707,gain=2615823.9707);5-6(score=2257993.2962,gain=2257993.2962);6-7(score=689014.503873,gain=689014.503873);0-1(score=543175.946131,gain=543175.946131);4-5(score=447768.08997,gain=447768.08997);1-2(score=348066.740994,gain=348066.740994);4-6(score=283744.639644,gain=283744.639644);1-3(score=200088.643073,gain=200088.643073)","1-2(score=12816000,gain=12816000);4-5(score=12816000,gain=12816000);5-6(score=12816000,gain=12816000);2-3(score=9216000,gain=9216000);6-7(score=9216000,gain=9216000);0-3(score=6624000,gain=6624000);1-3(score=6480000,gain=6480000);4-6(score=6480000,gain=6480000)"
high-degree-aggregator-bias-replay,ocs-volume,1401,0.7,3,0.015,0.02,11383472,96984000,4,4,24,35352000,0,1,0.333333333333,0.333333333333,0.333333333333,0.364513734224,0.364513734224,0.427616926503,0.667855842056,0.777777777778,7.5197106124,19440000,19440000,"2-3(score=3.48531e+06,gain=3.48531e+06);6-7(score=1.28353e+06,gain=1.28353e+06);0-1(score=1.1617e+06,gain=1.1617e+06);4-5(score=711170,gain=711170)","2-3(score=2.61524e+06,gain=2.61524e+06);6-7(score=1.08288e+06,gain=1.08288e+06);0-1(score=877131,gain=877131);4-5(score=545308,gain=545308)","1-2(score=1.2816e+07,gain=1.2816e+07);4-5(score=1.2816e+07,gain=1.2816e+07);6-7(score=9.216e+06,gain=9.216e+06);0-3(score=6.624e+06,gain=6.624e+06)","2-3(score=3485314,gain=3485314);6-7(score=1283526,gain=1283526);5-6(score=1280812,gain=1280812);0-1(score=1161704,gain=1161704);4-5(score=711170,gain=711170);4-6(score=693520,gain=693520);1-2(score=691642,gain=691642);1-3(score=675330,gain=675330)","2-3(score=2615240.12024,gain=2615240.12024);6-7(score=1082879.84219,gain=1082879.84219);5-6(score=926849.645684,gain=926849.645684);0-1(score=877130.565691,gain=877130.565691);4-5(score=545308.07889,gain=545308.07889);4-6(score=432816.590924,gain=432816.590924);1-2(score=97353.8424096,gain=97353.8424096);1-3(score=91793.165352,gain=91793.165352)","1-2(score=12816000,gain=12816000);4-5(score=12816000,gain=12816000);5-6(score=12816000,gain=12816000);2-3(score=9216000,gain=9216000);6-7(score=9216000,gain=9216000);0-3(score=6624000,gain=6624000);1-3(score=6480000,gain=6480000);4-6(score=6480000,gain=6480000)"
high-degree-aggregator-bias-replay,ocs-volume,1401,0.7,4,0.02,0.025,15862006,96984000,4,4,24,35352000,0,1,0.333333333333,0.333333333333,0.333333333333,0.364513734224,0.364513734224,0.427616926503,0.680293335601,0.6,5.1142281302,19440000,19440000,"4-5(score=4.04738e+06,gain=4.04738e+06);6-7(score=3.53481e+06,gain=3.53481e+06);2-3(score=3.43099e+06,gain=3.43099e+06);0-1(score=1.14419e+06,gain=1.14419e+06)","4-5(score=3.31973e+06,gain=3.31973e+06);6-7(score=2.99886e+06,gain=2.99886e+06);2-3(score=2.83038e+06,gain=2.83038e+06);0-1(score=945252,gain=945252)","1-2(score=1.2816e+07,gain=1.2816e+07);4-5(score=1.2816e+07,gain=1.2816e+07);6-7(score=9.216e+06,gain=9.216e+06);0-3(score=6.624e+06,gain=6.624e+06)","4-5(score=4047384,gain=4047384);6-7(score=3534810,gain=3534810);2-3(score=3430988,gain=3430988);0-1(score=1144192,gain=1144192);4-6(score=719700,gain=719700);1-2(score=712008,gain=712008);1-3(score=581176,gain=581176);0-6(score=308944,gain=308944)","4-5(score=3319731.23991,gain=3319731.23991);6-7(score=2998855.05461,gain=2998855.05461);2-3(score=2830381.20845,gain=2830381.20845);0-1(score=945251.669807,gain=945251.669807);1-2(score=370762.274206,gain=370762.274206);1-3(score=251581.486406,gain=251581.486406)","1-2(score=12816000,gain=12816000);4-5(score=12816000,gain=12816000);5-6(score=12816000,gain=12816000);2-3(score=9216000,gain=9216000);6-7(score=9216000,gain=9216000);0-3(score=6624000,gain=6624000);1-3(score=6480000,gain=6480000);4-6(score=6480000,gain=6480000)"
high-degree-aggregator-bias-replay,ocs-volume,1401,0.7,5,0.025,0.03,15322188,96984000,4,4,24,35352000,0,1,0.333333333333,0.333333333333,0.333333333333,0.364513734224,0.364513734224,0.427616926503,0.695721948107,0.777777777778,5.32963908649,19440000,19440000,"4-5(score=4.07752e+06,gain=4.07752e+06);2-3(score=3.36164e+06,gain=3.36164e+06);6-7(score=2.96364e+06,gain=2.96364e+06);0-1(score=1.09397e+06,gain=1.09397e+06)","4-5(score=3.30793e+06,gain=3.30793e+06);2-3(score=2.74655e+06,gain=2.74655e+06);6-7(score=2.55156e+06,gain=2.55156e+06);0-1(score=888371,gain=888371)","1-2(score=1.2816e+07,gain=1.2816e+07);4-5(score=1.2816e+07,gain=1.2816e+07);6-7(score=9.216e+06,gain=9.216e+06);0-3(score=6.624e+06,gain=6.624e+06)","4-5(score=4077516,gain=4077516);2-3(score=3361636,gain=3361636);6-7(score=2963636,gain=2963636);0-1(score=1093972,gain=1093972);1-3(score=684990,gain=684990);1-2(score=684612,gain=684612);4-6(score=644754,gain=644754);5-6(score=347576,gain=347576)","4-5(score=3307931.00459,gain=3307931.00459);2-3(score=2746546.96522,gain=2746546.96522);6-7(score=2551558.12801,gain=2551558.12801);0-1(score=888371.087433,gain=888371.087433);1-3(score=337078.032503,gain=337078.032503);1-2(score=334466.089338,gain=334466.089338)","1-2(score=12816000,gain=12816000);4-5(score=12816000,gain=12816000);5-6(score=12816000,gain=12816000);2-3(score=9216000,gain=9216000);6-7(score=9216000,gain=9216000);0-3(score=6624000,gain=6624000);1-3(score=6480000,gain=6480000);4-6(score=6480000,gain=6480000)"
high-degree-aggregator-bias-replay,ocs-volume,1401,0.7,6,0.03,0.035,13713418,96984000,4,4,24,35352000,0,1,0.333333333333,0.333333333333,0.333333333333,0.364513734224,0.364513734224,0.427616926503,0.679526668002,0.777777777778,6.07219082195,19440000,19440000,"4-5(score=4.14176e+06,gain=4.14176e+06);2-3(score=3.49502e+06,gain=3.49502e+06);0-1(score=1.12466e+06,gain=1.12466e+06);6-7(score=1.09211e+06,gain=1.09211e+06)","4-5(score=3.23683e+06,gain=3.23683e+06);2-3(score=2.77415e+06,gain=2.77415e+06);6-7(score=994043,gain=994043);0-1(score=895730,gain=895730)","1-2(score=1.2816e+07,gain=1.2816e+07);4-5(score=1.2816e+07,gain=1.2816e+07);6-7(score=9.216e+06,gain=9.216e+06);0-3(score=6.624e+06,gain=6.624e+06)","4-5(score=4141760,gain=4141760);2-3(score=3495024,gain=3495024);0-1(score=1124664,gain=1124664);6-7(score=1092114,gain=1092114);1-2(score=675156,gain=675156);1-3(score=635044,gain=635044);4-6(score=627960,gain=627960);5-6(score=467594,gain=467594)","4-5(score=3236825.06275,gain=3236825.06275);2-3(score=2774147.88466,gain=2774147.88466);6-7(score=994042.715203,gain=994042.715203);0-1(score=895729.663651,gain=895729.663651);1-2(score=276890.050801,gain=276890.050801);1-3(score=243787.859058,gain=243787.859058);4-6(score=87112.8028687,gain=87112.8028687);0-6(score=21838.0587843,gain=21838.0587843)","1-2(score=12816000,gain=12816000);4-5(score=12816000,gain=12816000);5-6(score=12816000,gain=12816000);2-3(score=9216000,gain=9216000);6-7(score=9216000,gain=9216000);0-3(score=6624000,gain=6624000);1-3(score=6480000,gain=6480000);4-6(score=6480000,gain=6480000)"
high-degree-aggregator-bias-replay,ocs-volume,1401,0.7,7,0.035,0.04,13368742,96984000,4,4,23,32520000,0,1,0.333333333333,0.333333333333,0.333333333333,0.364513734224,0.364513734224,0.427616926503,0.676909037924,0.777777777778,6.25452747776,19440000,19440000,"4-5(score=4.12284e+06,gain=4.12284e+06);2-3(score=3.41078e+06,gain=3.41078e+06);0-1(score=1.09624e+06,gain=1.09624e+06);6-7(score=863382,gain=863382)","4-5(score=3.20989e+06,gain=3.20989e+06);2-3(score=2.69126e+06,gain=2.69126e+06);0-1(score=865671,gain=865671);6-7(score=790605,gain=790605)","1-2(score=1.2816e+07,gain=1.2816e+07);4-5(score=1.2816e+07,gain=1.2816e+07);6-7(score=9.216e+06,gain=9.216e+06);0-3(score=6.624e+06,gain=6.624e+06)","4-5(score=4122838,gain=4122838);2-3(score=3410776,gain=3410776);0-1(score=1096236,gain=1096236);6-7(score=863382,gain=863382);1-2(score=676988,gain=676988);1-3(score=671624,gain=671624);4-6(score=607950,gain=607950);5-6(score=493666,gain=493666)","4-5(score=3209889.75503,gain=3209889.75503);2-3(score=2691255.70546,gain=2691255.70546);0-1(score=865670.990994,gain=865670.990994);6-7(score=790604.835767,gain=790604.835767);1-2(score=275109.520222,gain=275109.520222);1-3(score=271373.865402,gain=271373.865402);4-6(score=93902.8002703,gain=93902.8002703);5-6(score=40426.9610242,gain=40426.9610242)","1-2(score=12816000,gain=12816000);4-5(score=12816000,gain=12816000);5-6(score=12816000,gain=12816000);2-3(score=9216000,gain=9216000);6-7(score=9216000,gain=9216000);0-3(score=6624000,gain=6624000);1-3(score=6480000,gain=6480000);4-6(score=6480000,gain=6480000)"
high-degree-aggregator-bias-replay,ocs-volume,1401,0.7,8,0.04,0.045,13889286,96984000,4,4,21,26856000,0,1,0.333333333333,0.333333333333,0.333333333333,0.364513734224,0.364513734224,0.427616926503,0.692822188832,0.777777777778,5.98264189105,19440000,19440000,"4-5(score=4.07555e+06,gain=4.07555e+06);2-3(score=3.46203e+06,gain=3.46203e+06);6-7(score=1.54349e+06,gain=1.54349e+06);0-1(score=1.02898e+06,gain=1.02898e+06)","4-5(score=3.22507e+06,gain=3.22507e+06);2-3(score=2.76155e+06,gain=2.76155e+06);6-7(score=1.3839e+06,gain=1.3839e+06);0-1(score=820087,gain=820087)","1-2(score=1.2816e+07,gain=1.2816e+07);4-5(score=1.2816e+07,gain=1.2816e+07);6-7(score=9.216e+06,gain=9.216e+06);0-3(score=6.624e+06,gain=6.624e+06)","4-5(score=4075548,gain=4075548);2-3(score=3462026,gain=3462026);6-7(score=1543492,gain=1543492);0-1(score=1028976,gain=1028976);1-3(score=668304,gain=668304);1-2(score=650598,gain=650598);4-6(score=527590,gain=527590);5-6(score=490288,gain=490288)","4-5(score=3225071.76555,gain=3225071.76555);2-3(score=2761545.92381,gain=2761545.92381);6-7(score=1383901.16954,gain=1383901.16954);0-1(score=820086.9468,gain=820086.9468);1-3(score=295063.828266,gain=295063.828266);1-2(score=278164.667559,gain=278164.667559);0-6(score=27642.5496189,gain=27642.5496189);4-6(score=11212.1216922,gain=11212.1216922)","1-2(score=12816000,gain=12816000);4-5(score=12816000,gain=12816000);5-6(score=12816000,gain=12816000);2-3(score=9216000,gain=9216000);6-7(score=9216000,gain=9216000);0-3(score=6624000,gain=6624000);1-3(score=6480000,gain=6480000);4-6(score=6480000,gain=6480000)"
high-degree-aggregator-bias-replay,ocs-volume,1401,0.7,9,0.045,0.05,13788978,96984000,4,4,23,32520000,0,1,0.333333333333,0.333333333333,0.333333333333,0.364513734224,0.364513734224,0.427616926503,0.685809974358,0.777777777778,6.03343710451,19440000,19440000,"4-5(score=4.10478e+06,gain=4.10478e+06);2-3(score=3.55438e+06,gain=3.55438e+06);6-7(score=1.28928e+06,gain=1.28928e+06);0-1(score=1.01487e+06,gain=1.01487e+06)","4-5(score=3.22954e+06,gain=3.22954e+06);2-3(score=2.81832e+06,gain=2.81832e+06);6-7(score=1.16537e+06,gain=1.16537e+06);0-1(score=806009,gain=806009)","1-2(score=1.2816e+07,gain=1.2816e+07);4-5(score=1.2816e+07,gain=1.2816e+07);6-7(score=9.216e+06,gain=9.216e+06);0-3(score=6.624e+06,gain=6.624e+06)","4-5(score=4104784,gain=4104784);2-3(score=3554382,gain=3554382);6-7(score=1289276,gain=1289276);0-1(score=1014870,gain=1014870);1-3(score=669834,gain=669834);1-2(score=661166,gain=661166);4-6(score=555470,gain=555470);5-6(score=498710,gain=498710)","4-5(score=3229535.26678,gain=3229535.26678);2-3(score=2818324.87998,gain=2818324.87998);6-7(score=1165365.99082,gain=1165365.99082);0-1(score=806009.489101,gain=806009.489101);1-3(score=286199.855774,gain=286199.855774);1-2(score=278305.931162,gain=278305.931162);4-6(score=40527.5385633,gain=40527.5385633);0-6(score=35516.0643679,gain=35516.0643679)","1-2(score=12816000,gain=12816000);4-5(score=12816000,gain=12816000);5-6(score=12816000,gain=12816000);2-3(score=9216000,gain=9216000);6-7(score=9216000,gain=9216000);0-3(score=6624000,gain=6624000);1-3(score=6480000,gain=6480000);4-6(score=6480000,gain=6480000)"
high-degree-aggregator-bias-replay,tl-ocs,1401,0.5,1,0.005,0.01,1195348,64656000,4,4,16,23568000,0,0.4,0.333333333333,0,0.333333333333,0.269487750557,0.364513734224,0.427616926503,0.773750930049,0.230769230769,53.0890214939,27648000,12960000,"0-1(score=120246,gain=120246);2-3(score=94440,gain=94440);5-6(score=81784,gain=81784)","6-7(score=63489.3,gain=63489.3);2-3(score=60383.2,gain=60383.2);4-5(score=52713.3,gain=52713.3);0-1(score=44703,gain=44703)","1-2(score=8.544e+06,gain=8.544e+06);4-5(score=8.544e+06,gain=8.544e+06);6-7(score=6.144e+06,gain=6.144e+06);0-3(score=4.416e+06,gain=4.416e+06)","0-1(score=120246,gain=120246);0-2(score=116706,gain=116706);0-3(score=96646,gain=96646);0-4(score=96646,gain=96646);0-5(score=96484,gain=96484);0-6(score=95620,gain=95620);1-2(score=95620,gain=95620);2-3(score=94440,gain=94440)","6-7(score=63489.3178489,gain=63489.3178489);2-3(score=60383.2326017,gain=60383.2326017);1-2(score=58383.5470708,gain=58383.5470708);4-5(score=52713.2905346,gain=52713.2905346);5-6(score=46765.4442522,gain=46765.4442522);0-1(score=44702.9736947,gain=44702.9736947);1-3(score=42109.2567989,gain=42109.2567989);4-6(score=39737.8655722,gain=39737.8655722)","1-2(score=8544000,gain=8544000);4-5(score=8544000,gain=8544000);5-6(score=8544000,gain=8544000);2-3(score=6144000,gain=6144000);6-7(score=6144000,gain=6144000);0-3(score=4416000,gain=4416000);1-3(score=4320000,gain=4320000);4-6(score=4320000,gain=4320000)"
high-degree-aggregator-bias-replay,tl-ocs,1401,0.5,2,0.01,0.015,10298448,64656000,4,4,16,23568000,0,1,0.333333333333,0.333333333333,0.333333333333,0.364513734224,0.364513734224,0.427616926503,0.758388627592,0.777777777778,5.2782198664,12960000,12960000,"2-3(score=2.54616e+06,gain=2.54616e+06);4-5(score=2.47757e+06,gain=2.47757e+06);6-7(score=1.26848e+06,gain=1.26848e+06);0-1(score=256904,gain=256904)","2-3(score=1.95818e+06,gain=1.95818e+06);4-5(score=1.95416e+06,gain=1.95416e+06);6-7(score=1.10756e+06,gain=1.10756e+06);0-1(score=133523,gain=133523)","1-2(score=8.544e+06,gain=8.544e+06);4-5(score=8.544e+06,gain=8.544e+06);6-7(score=6.144e+06,gain=6.144e+06);0-3(score=4.416e+06,gain=4.416e+06)","2-3(score=2546162,gain=2546162);4-5(score=2477568,gain=2477568);6-7(score=1268476,gain=1268476);1-2(score=684604,gain=684604);1-3(score=644530,gain=644530);5-6(score=545008,gain=545008);4-6(score=529822,gain=529822);0-2(score=285386,gain=285386)","2-3(score=1958183.03038,gain=1958183.03038);4-5(score=1954160.43662,gain=1954160.43662);6-7(score=1107557.51811,gain=1107557.51811);1-2(score=413847.149755,gain=413847.149755);1-3(score=379309.102546,gain=379309.102546);0-1(score=133522.603378,gain=133522.603378);5-6(score=64752.9772292,gain=64752.9772292);4-6(score=56132.4136779,gain=56132.4136779)","1-2(score=8544000,gain=8544000);4-5(score=8544000,gain=8544000);5-6(score=8544000,gain=8544000);2-3(score=6144000,gain=6144000);6-7(score=6144000,gain=6144000);0-3(score=4416000,gain=4416000);1-3(score=4320000,gain=4320000);4-6(score=4320000,gain=4320000)"
high-degree-aggregator-bias-replay,tl-ocs,1401,0.5,3,0.015,0.02,10548204,64656000,4,4,16,23568000,0,1,0.333333333333,0.333333333333,0.333333333333,0.364513734224,0.364513734224,0.427616926503,0.743833753757,0.777777777778,5.12956699136,12960000,12960000,"2-3(score=2.62179e+06,gain=2.62179e+06);4-5(score=2.49989e+06,gain=2.49989e+06);6-7(score=833070,gain=833070);0-1(score=776372,gain=776372)","2-3(score=2.02086e+06,gain=2.02086e+06);4-5(score=1.9738e+06,gain=1.9738e+06);6-7(score=745352,gain=745352);0-1(score=561676,gain=561676)","1-2(score=8.544e+06,gain=8.544e+06);4-5(score=8.544e+06,gain=8.544e+06);6-7(score=6.144e+06,gain=6.144e+06);0-3(score=4.416e+06,gain=4.416e+06)","2-3(score=2621794,gain=2621794);4-5(score=2499892,gain=2499892);6-7(score=833070,gain=833070);0-1(score=776372,gain=776372);1-2(score=699898,gain=699898);1-3(score=617308,gain=617308);5-6(score=557826,gain=557826);4-6(score=554984,gain=554984)","2-3(score=2020864.30631,gain=2020864.30631);4-5(score=1973800.40952,gain=1973800.40952);6-7(score=745352.142353,gain=745352.142353);0-1(score=561676.036607,gain=561676.036607);1-2(score=340967.662633,gain=340967.662633);1-3(score=269464.996006,gain=269464.996006);5-6(score=208984.440684,gain=208984.440684);4-6(score=202244.009626,gain=202244.009626)","1-2(score=8544000,gain=8544000);4-5(score=8544000,gain=8544000);5-6(score=8544000,gain=8544000);2-3(score=6144000,gain=6144000);6-7(score=6144000,gain=6144000);0-3(score=4416000,gain=4416000);1-3(score=4320000,gain=4320000);4-6(score=4320000,gain=4320000)"
high-degree-aggregator-bias-replay,tl-ocs,1401,0.5,4,0.02,0.025,10283290,64656000,4,4,16,23568000,0,1,0.333333333333,0.333333333333,0.333333333333,0.364513734224,0.364513734224,0.427616926503,0.735179720218,0.777777777778,5.28747421184,12960000,12960000,"2-3(score=2.60168e+06,gain=2.60168e+06);4-5(score=2.50717e+06,gain=2.50717e+06);6-7(score=741620,gain=741620);0-1(score=738114,gain=738114)","2-3(score=2.00204e+06,gain=2.00204e+06);4-5(score=1.9753e+06,gain=1.9753e+06);6-7(score=666070,gain=666070);0-1(score=534698,gain=534698)","1-2(score=8.544e+06,gain=8.544e+06);4-5(score=8.544e+06,gain=8.544e+06);6-7(score=6.144e+06,gain=6.144e+06);0-3(score=4.416e+06,gain=4.416e+06)","2-3(score=2601680,gain=2601680);4-5(score=2507168,gain=2507168);6-7(score=741620,gain=741620);0-1(score=738114,gain=738114);1-2(score=688148,gain=688148);1-3(score=641898,gain=641898);4-6(score=549674,gain=549674);5-6(score=530254,gain=530254)","2-3(score=2002041.57513,gain=2002041.57513);4-5(score=1975296.65458,gain=1975296.65458);6-7(score=666069.854595,gain=666069.854595);0-1(score=534697.908473,gain=534697.908473);1-2(score=330903.396547,gain=330903.396547);1-3(score=292813.981356,gain=292813.981356);4-6(score=211723.149068,gain=211723.149068);5-6(score=194344.048199,gain=194344.048199)","1-2(score=8544000,gain=8544000);4-5(score=8544000,gain=8544000);5-6(score=8544000,gain=8544000);2-3(score=6144000,gain=6144000);6-7(score=6144000,gain=6144000);0-3(score=4416000,gain=4416000);1-3(score=4320000,gain=4320000);4-6(score=4320000,gain=4320000)"
high-degree-aggregator-bias-replay,tl-ocs,1401,0.5,5,0.025,0.03,10196804,64656000,4,4,16,23568000,0,1,0.333333333333,0.333333333333,0.333333333333,0.364513734224,0.364513734224,0.427616926503,0.759653210271,0.777777777778,5.34080246006,12960000,12960000,"2-3(score=2.46749e+06,gain=2.46749e+06);4-5(score=2.37901e+06,gain=2.37901e+06);6-7(score=779692,gain=779692);0-1(score=691438,gain=691438)","2-3(score=1.88392e+06,gain=1.88392e+06);4-5(score=1.88029e+06,gain=1.88029e+06);6-7(score=698755,gain=698755);0-1(score=473695,gain=473695)","1-2(score=8.544e+06,gain=8.544e+06);4-5(score=8.544e+06,gain=8.544e+06);6-7(score=6.144e+06,gain=6.144e+06);0-3(score=4.416e+06,gain=4.416e+06)","2-3(score=2467494,gain=2467494);4-5(score=2379006,gain=2379006);6-7(score=779692,gain=779692);1-2(score=759558,gain=759558);0-1(score=691438,gain=691438);1-3(score=607992,gain=607992);5-6(score=554930,gain=554930);4-6(score=491460,gain=491460)","2-3(score=1883919.64792,gain=1883919.64792);4-5(score=1880288.63152,gain=1880288.63152);6-7(score=698754.713873,gain=698754.713873);0-1(score=473695.177448,gain=473695.177448);1-2(score=400768.65857,gain=400768.65857);1-3(score=269872.492729,gain=269872.492729);5-6(score=220564.54001,gain=220564.54001);4-6(score=163683.153912,gain=163683.153912)","1-2(score=8544000,gain=8544000);4-5(score=8544000,gain=8544000);5-6(score=8544000,gain=8544000);2-3(score=6144000,gain=6144000);6-7(score=6144000,gain=6144000);0-3(score=4416000,gain=4416000);1-3(score=4320000,gain=4320000);4-6(score=4320000,gain=4320000)"
high-degree-aggregator-bias-replay,tl-ocs,1401,0.5,6,0.03,0.035,10247126,64656000,4,4,16,23568000,0,1,0.333333333333,0.333333333333,0.333333333333,0.364513734224,0.364513734224,0.427616926503,0.752622647939,0.777777777778,5.30966383697,12960000,12960000,"2-3(score=2.49587e+06,gain=2.49587e+06);4-5(score=2.47844e+06,gain=2.47844e+06);6-7(score=707260,gain=707260);0-1(score=691600,gain=691600)","4-5(score=1.9436e+06,gain=1.9436e+06);2-3(score=1.91391e+06,gain=1.91391e+06);6-7(score=634947,gain=634947);0-1(score=480745,gain=480745)","1-2(score=8.544e+06,gain=8.544e+06);4-5(score=8.544e+06,gain=8.544e+06);6-7(score=6.144e+06,gain=6.144e+06);0-3(score=4.416e+06,gain=4.416e+06)","2-3(score=2495870,gain=2495870);4-5(score=2478440,gain=2478440);1-2(score=746454,gain=746454);6-7(score=707260,gain=707260);0-1(score=691600,gain=691600);1-3(score=572850,gain=572850);5-6(score=562442,gain=562442);4-6(score=534866,gain=534866)","4-5(score=1943596.62473,gain=1943596.62473);2-3(score=1913905.79276,gain=1913905.79276);6-7(score=634946.504842,gain=634946.504842);0-1(score=480744.776527,gain=480744.776527);1-2(score=397344.988299,gain=397344.988299);1-3(score=243933.379608,gain=243933.379608);5-6(score=222864.877526,gain=222864.877526);4-6(score=197422.721719,gain=197422.721719)","1-2(score=8544000,gain=8544000);4-5(score=8544000,gain=8544000);5-6(score=8544000,gain=8544000);2-3(score=6144000,gain=6144000);6-7(score=6144000,gain=6144000);0-3(score=4416000,gain=4416000);1-3(score=4320000,gain=4320000);4-6(score=4320000,gain=4320000)"
high-degree-aggregator-bias-replay,tl-ocs,1401,0.5,7,0.035,0.04,10819040,64656000,4,4,16,23568000,0,1,0.333333333333,0.333333333333,0.333333333333,0.364513734224,0.364513734224,0.427616926503,0.763544631194,0.777777777778,4.97612406999,12960000,12960000,"2-3(score=2.56407e+06,gain=2.56407e+06);4-5(score=2.50744e+06,gain=2.50744e+06);6-7(score=1.24372e+06,gain=1.24372e+06);0-1(score=691600,gain=691600)","4-5(score=2.00056e+06,gain=2.00056e+06);2-3(score=1.99331e+06,gain=1.99331e+06);6-7(score=1.09595e+06,gain=1.09595e+06);0-1(score=491114,gain=491114)","1-2(score=8.544e+06,gain=8.544e+06);4-5(score=8.544e+06,gain=8.544e+06);6-7(score=6.144e+06,gain=6.144e+06);0-3(score=4.416e+06,gain=4.416e+06)","2-3(score=2564074,gain=2564074);4-5(score=2507438,gain=2507438);6-7(score=1243722,gain=1243722);1-2(score=733536,gain=733536);0-1(score=691600,gain=691600);1-3(score=590268,gain=590268);5-6(score=573548,gain=573548);4-6(score=453966,gain=453966)","4-5(score=2000563.10169,gain=2000563.10169);2-3(score=1993305.81755,gain=1993305.81755);6-7(score=1095951.38206,gain=1095951.38206);0-1(score=491113.962184,gain=491113.962184);1-2(score=398086.20046,gain=398086.20046);1-3(score=270865.928206,gain=270865.928206);5-6(score=86059.3787023,gain=86059.3787023);4-6(score=34137.2595739,gain=34137.2595739)","1-2(score=8544000,gain=8544000);4-5(score=8544000,gain=8544000);5-6(score=8544000,gain=8544000);2-3(score=6144000,gain=6144000);6-7(score=6144000,gain=6144000);0-3(score=4416000,gain=4416000);1-3(score=4320000,gain=4320000);4-6(score=4320000,gain=4320000)"
high-degree-aggregator-bias-replay,tl-ocs,1401,0.5,8,0.04,0.045,10377850,64656000,4,4,16,23568000,0,1,0.333333333333,0.333333333333,0.333333333333,0.364513734224,0.364513734224,0.427616926503,0.763014326642,0.777777777778,5.23018462853,12960000,12960000,"2-3(score=2.46212e+06,gain=2.46212e+06);4-5(score=2.45688e+06,gain=2.45688e+06);6-7(score=919528,gain=919528);0-1(score=691600,gain=691600)","4-5(score=1.94527e+06,gain=1.94527e+06);2-3(score=1.8879e+06,gain=1.8879e+06);6-7(score=820733,gain=820733);0-1(score=480893,gain=480893)","1-2(score=8.544e+06,gain=8.544e+06);4-5(score=8.544e+06,gain=8.544e+06);6-7(score=6.144e+06,gain=6.144e+06);0-3(score=4.416e+06,gain=4.416e+06)","2-3(score=2462124,gain=2462124);4-5(score=2456876,gain=2456876);6-7(score=919528,gain=919528);1-2(score=723868,gain=723868);0-1(score=691600,gain=691600);1-3(score=649246,gain=649246);5-6(score=567166,gain=567166);4-6(score=480898,gain=480898)","4-5(score=1945270.76879,gain=1945270.76879);2-3(score=1887900.08124,gain=1887900.08124);6-7(score=820733.132312,gain=820733.132312);0-1(score=480893.467779,gain=480893.467779);1-2(score=375903.95011,gain=375903.95011);1-3(score=310300.929479,gain=310300.929479);5-6(score=211460.296645,gain=211460.296645);4-6(score=136293.944543,gain=136293.944543)","1-2(score=8544000,gain=8544000);4-5(score=8544000,gain=8544000);5-6(score=8544000,gain=8544000);2-3(score=6144000,gain=6144000);6-7(score=6144000,gain=6144000);0-3(score=4416000,gain=4416000);1-3(score=4320000,gain=4320000);4-6(score=4320000,gain=4320000)"
high-degree-aggregator-bias-replay,tl-ocs,1401,0.5,9,0.045,0.05,10256206,64656000,4,4,16,23568000,0,1,0.333333333333,0.333333333333,0.333333333333,0.364513734224,0.364513734224,0.427616926503,0.769023004365,0.777777777778,5.3040777885,12960000,12960000,"4-5(score=2.52558e+06,gain=2.52558e+06);2-3(score=2.37616e+06,gain=2.37616e+06);6-7(score=997792,gain=997792);0-1(score=691600,gain=691600)","4-5(score=1.99139e+06,gain=1.99139e+06);2-3(score=1.84463e+06,gain=1.84463e+06);6-7(score=885335,gain=885335);0-1(score=499109,gain=499109)","1-2(score=8.544e+06,gain=8.544e+06);4-5(score=8.544e+06,gain=8.544e+06);6-7(score=6.144e+06,gain=6.144e+06);0-3(score=4.416e+06,gain=4.416e+06)","4-5(score=2525578,gain=2525578);2-3(score=2376160,gain=2376160);6-7(score=997792,gain=997792);1-2(score=743160,gain=743160);0-1(score=691600,gain=691600);5-6(score=591418,gain=591418);1-3(score=552964,gain=552964);4-6(score=482714,gain=482714)","4-5(score=1991385.22178,gain=1991385.22178);2-3(score=1844630.36488,gain=1844630.36488);6-7(score=885334.655745,gain=885334.655745);0-1(score=499108.999523,gain=499108.999523);1-2(score=412846.481986,gain=412846.481986);1-3(score=243010.48347,gain=243010.48347);5-6(score=212180.798588,gain=212180.798588);4-6(score=115685.81036,gain=115685.81036)","1-2(score=8544000,gain=8544000);4-5(score=8544000,gain=8544000);5-6(score=8544000,gain=8544000);2-3(score=6144000,gain=6144000);6-7(score=6144000,gain=6144000);0-3(score=4416000,gain=4416000);1-3(score=4320000,gain=4320000);4-6(score=4320000,gain=4320000)"
high-degree-aggregator-bias-replay,tl-ocs,1401,0.7,1,0.005,0.01,1331292,96984000,4,4,24,41472000,0,0,1,0,1,0.269487750557,0.427616926503,0.427616926503,0.764884874634,0.230769230769,71.8487230969,41472000,0,"0-1(score=136458,gain=136458);2-3(score=100780,gain=100780);5-6(score=88124,gain=88124)","1-2(score=70330,gain=70330);6-7(score=68814.4,gain=68814.4);4-5(score=56216.6,gain=56216.6);0-3(score=34997.5,gain=34997.5)","1-2(score=1.2816e+07,gain=1.2816e+07);4-5(score=1.2816e+07,gain=1.2816e+07);6-7(score=9.216e+06,gain=9.216e+06);0-3(score=6.624e+06,gain=6.624e+06)","0-1(score=136458,gain=136458);0-2(score=121118,gain=121118);0-3(score=112858,gain=112858);0-4(score=112210,gain=112210);0-5(score=111400,gain=111400);0-6(score=111400,gain=111400);1-2(score=111400,gain=111400);2-3(score=100780,gain=100780)","1-2(score=70329.9690015,gain=70329.9690015);6-7(score=68814.44152,gain=68814.44152);2-3(score=63993.5737855,gain=63993.5737855);4-5(score=56216.6362331,gain=56216.6362331);5-6(score=49643.3671201,gain=49643.3671201);0-1(score=49530.9648912,gain=49530.9648912);1-3(score=44022.1650968,gain=44022.1650968);4-6(score=42286.9447424,gain=42286.9447424)","1-2(score=12816000,gain=12816000);4-5(score=12816000,gain=12816000);5-6(score=12816000,gain=12816000);2-3(score=9216000,gain=9216000);6-7(score=9216000,gain=9216000);0-3(score=6624000,gain=6624000);1-3(score=6480000,gain=6480000);4-6(score=6480000,gain=6480000)"
high-degree-aggregator-bias-replay,tl-ocs,1401,0.7,2,0.01,0.015,13599272,96984000,4,4,24,41472000,0,1,1,1,1,0.427616926503,0.427616926503,0.427616926503,0.791804661272,1,6.1315514556,0,0,"1-2(score=3.73362e+06,gain=3.73362e+06);4-5(score=3.45524e+06,gain=3.45524e+06);0-3(score=1.75557e+06,gain=1.75557e+06);6-7(score=998172,gain=998172)","1-2(score=2.95425e+06,gain=2.95425e+06);4-5(score=2.78289e+06,gain=2.78289e+06);0-3(score=1.41493e+06,gain=1.41493e+06);6-7(score=912083,gain=912083)","1-2(score=1.2816e+07,gain=1.2816e+07);4-5(score=1.2816e+07,gain=1.2816e+07);6-7(score=9.216e+06,gain=9.216e+06);0-3(score=6.624e+06,gain=6.624e+06)","1-2(score=3733620,gain=3733620);4-5(score=3455236,gain=3455236);0-3(score=1755574,gain=1755574);6-7(score=998172,gain=998172);2-3(score=695386,gain=695386);5-6(score=603226,gain=603226);1-3(score=508046,gain=508046);4-6(score=474454,gain=474454)","1-2(score=2954248.22457,gain=2954248.22457);4-5(score=2782887.77174,gain=2782887.77174);0-3(score=1414929.35465,gain=1414929.35465);6-7(score=912082.763169,gain=912082.763169);5-6(score=229082.134643,gain=229082.134643);4-6(score=110883.831618,gain=110883.831618);2-3(score=91083.1840403,gain=91083.1840403);1-3(score=9591.34227678,gain=9591.34227678)","1-2(score=12816000,gain=12816000);4-5(score=12816000,gain=12816000);5-6(score=12816000,gain=12816000);2-3(score=9216000,gain=9216000);6-7(score=9216000,gain=9216000);0-3(score=6624000,gain=6624000);1-3(score=6480000,gain=6480000);4-6(score=6480000,gain=6480000)"
high-degree-aggregator-bias-replay,tl-ocs,1401,0.7,3,0.015,0.02,14149614,96984000,4,4,24,41472000,0,1,1,1,1,0.427616926503,0.427616926503,0.427616926503,0.805816096791,1,5.85417370307,0,0,"1-2(score=3.6716e+06,gain=3.6716e+06);4-5(score=3.45089e+06,gain=3.45089e+06);0-3(score=1.71051e+06,gain=1.71051e+06);6-7(score=1.46028e+06,gain=1.46028e+06)","1-2(score=2.90998e+06,gain=2.90998e+06);4-5(score=2.80962e+06,gain=2.80962e+06);0-3(score=1.37111e+06,gain=1.37111e+06);6-7(score=1.31399e+06,gain=1.31399e+06)","1-2(score=1.2816e+07,gain=1.2816e+07);4-5(score=1.2816e+07,gain=1.2816e+07);6-7(score=9.216e+06,gain=9.216e+06);0-3(score=6.624e+06,gain=6.624e+06)","1-2(score=3671604,gain=3671604);4-5(score=3450894,gain=3450894);0-3(score=1710506,gain=1710506);6-7(score=1460282,gain=1460282);2-3(score=676942,gain=676942);1-3(score=673078,gain=673078);4-6(score=544638,gain=544638);5-6(score=533960,gain=533960)","1-2(score=2909975.68513,gain=2909975.68513);4-5(score=2809621.70633,gain=2809621.70633);0-3(score=1371111.87725,gain=1371111.87725);6-7(score=1313988.91929,gain=1313988.91929);2-3(score=87420.8835316,gain=87420.8835316);1-3(score=85500.5635961,gain=85500.5635961);4-6(score=59405.5954144,gain=59405.5954144);5-6(score=53120.682729,gain=53120.682729)","1-2(score=12816000,gain=12816000);4-5(score=12816000,gain=12816000);5-6(score=12816000,gain=12816000);2-3(score=9216000,gain=9216000);6-7(score=9216000,gain=9216000);0-3(score=6624000,gain=6624000);1-3(score=6480000,gain=6480000);4-6(score=6480000,gain=6480000)"
high-degree-aggregator-bias-replay,tl-ocs,1401,0.7,4,0.02,0.025,14050562,96984000,4,4,24,41472000,0,1,1,1,1,0.427616926503,0.427616926503,0.427616926503,0.813184962171,1,5.90249339938,0,0,"1-2(score=3.64767e+06,gain=3.64767e+06);4-5(score=3.18997e+06,gain=3.18997e+06);0-3(score=1.68674e+06,gain=1.68674e+06);6-7(score=1.67873e+06,gain=1.67873e+06)","1-2(score=2.89219e+06,gain=2.89219e+06);4-5(score=2.62003e+06,gain=2.62003e+06);6-7(score=1.49685e+06,gain=1.49685e+06);0-3(score=1.34955e+06,gain=1.34955e+06)","1-2(score=1.2816e+07,gain=1.2816e+07);4-5(score=1.2816e+07,gain=1.2816e+07);6-7(score=9.216e+06,gain=9.216e+06);0-3(score=6.624e+06,gain=6.624e+06)","1-2(score=3647668,gain=3647668);4-5(score=3189968,gain=3189968);0-3(score=1686740,gain=1686740);6-7(score=1678728,gain=1678728);2-3(score=731380,gain=731380);1-3(score=595930,gain=595930);4-6(score=535892,gain=535892);5-6(score=527200,gain=527200)","1-2(score=2892190.09462,gain=2892190.09462);4-5(score=2620027.1156,gain=2620027.1156);6-7(score=1496850.7717,gain=1496850.7717);0-3(score=1349545.00617,gain=1349545.00617);2-3(score=115194.279711,gain=115194.279711);1-3(score=54218.3365178,gain=54218.3365178);4-6(score=51114.0834404,gain=51114.0834404);5-6(score=46846.4149128,gain=46846.4149128)","1-2(score=12816000,gain=12816000);4-5(score=12816000,gain=12816000);5-6(score=12816000,gain=12816000);2-3(score=9216000,gain=9216000);6-7(score=9216000,gain=9216000);0-3(score=6624000,gain=6624000);1-3(score=6480000,gain=6480000);4-6(score=6480000,gain=6480000)"
high-degree-aggregator-bias-replay,tl-ocs,1401,0.7,5,0.025,0.03,13342152,96984000,4,4,24,41472000,0,1,1,1,1,0.427616926503,0.427616926503,0.427616926503,0.80715184607,1,6.26898524055,0,0,"4-5(score=3.39801e+06,gain=3.39801e+06);1-2(score=3.31729e+06,gain=3.31729e+06);0-3(score=1.67268e+06,gain=1.67268e+06);6-7(score=1.04286e+06,gain=1.04286e+06)","4-5(score=2.73223e+06,gain=2.73223e+06);1-2(score=2.62267e+06,gain=2.62267e+06);0-3(score=1.3153e+06,gain=1.3153e+06);6-7(score=948154,gain=948154)","1-2(score=1.2816e+07,gain=1.2816e+07);4-5(score=1.2816e+07,gain=1.2816e+07);6-7(score=9.216e+06,gain=9.216e+06);0-3(score=6.624e+06,gain=6.624e+06)","4-5(score=3398010,gain=3398010);1-2(score=3317292,gain=3317292);0-3(score=1672684,gain=1672684);6-7(score=1042858,gain=1042858);2-3(score=694912,gain=694912);1-3(score=668948,gain=668948);5-6(score=572578,gain=572578);4-6(score=506920,gain=506920)","4-5(score=2732227.89309,gain=2732227.89309);1-2(score=2622671.13993,gain=2622671.13993);0-3(score=1315295.12717,gain=1315295.12717);6-7(score=948154.097128,gain=948154.097128);2-3(score=101443.547451,gain=101443.547451);5-6(score=92944.77139,gain=92944.77139);1-3(score=90561.5228884,gain=90561.5228884);4-6(score=64015.4154423,gain=64015.4154423)","1-2(score=12816000,gain=12816000);4-5(score=12816000,gain=12816000);5-6(score=12816000,gain=12816000);2-3(score=9216000,gain=9216000);6-7(score=9216000,gain=9216000);0-3(score=6624000,gain=6624000);1-3(score=6480000,gain=6480000);4-6(score=6480000,gain=6480000)"
high-degree-aggregator-bias-replay,tl-ocs,1401,0.7,6,0.03,0.035,14312824,96984000,4,4,24,41472000,0,1,1,1,1,0.427616926503,0.427616926503,0.427616926503,0.821204553589,1,5.77601522661,0,0,"1-2(score=3.33791e+06,gain=3.33791e+06);4-5(score=3.25832e+06,gain=3.25832e+06);6-7(score=2.13723e+06,gain=2.13723e+06);0-3(score=1.66592e+06,gain=1.66592e+06)","1-2(score=2.68102e+06,gain=2.68102e+06);4-5(score=2.67593e+06,gain=2.67593e+06);6-7(score=1.87811e+06,gain=1.87811e+06);0-3(score=1.33255e+06,gain=1.33255e+06)","1-2(score=1.2816e+07,gain=1.2816e+07);4-5(score=1.2816e+07,gain=1.2816e+07);6-7(score=9.216e+06,gain=9.216e+06);0-3(score=6.624e+06,gain=6.624e+06)","1-2(score=3337908,gain=3337908);4-5(score=3258320,gain=3258320);6-7(score=2137228,gain=2137228);0-3(score=1665924,gain=1665924);2-3(score=720870,gain=720870);1-3(score=662562,gain=662562);4-6(score=540720,gain=540720);5-6(score=525696,gain=525696)","1-2(score=2681022.36985,gain=2681022.36985);4-5(score=2675928.86403,gain=2675928.86403);6-7(score=1878106.41298,gain=1878106.41298);0-3(score=1332550.91482,gain=1332550.91482);2-3(score=256408.360853,gain=256408.360853);1-3(score=203151.577957,gain=203151.577957);4-6(score=23323.926982,gain=23323.926982);5-6(score=14845.9927514,gain=14845.9927514)","1-2(score=12816000,gain=12816000);4-5(score=12816000,gain=12816000);5-6(score=12816000,gain=12816000);2-3(score=9216000,gain=9216000);6-7(score=9216000,gain=9216000);0-3(score=6624000,gain=6624000);1-3(score=6480000,gain=6480000);4-6(score=6480000,gain=6480000)"
high-degree-aggregator-bias-replay,tl-ocs,1401,0.7,7,0.035,0.04,14251794,96984000,4,4,22,35808000,0,1,1,1,1,0.427616926503,0.427616926503,0.427616926503,0.807724424583,1,5.80503190858,0,0,"1-2(score=3.68625e+06,gain=3.68625e+06);4-5(score=3.48796e+06,gain=3.48796e+06);0-3(score=1.66481e+06,gain=1.66481e+06);6-7(score=1.53639e+06,gain=1.53639e+06)","1-2(score=2.92079e+06,gain=2.92079e+06);4-5(score=2.83933e+06,gain=2.83933e+06);6-7(score=1.38127e+06,gain=1.38127e+06);0-3(score=1.33339e+06,gain=1.33339e+06)","1-2(score=1.2816e+07,gain=1.2816e+07);4-5(score=1.2816e+07,gain=1.2816e+07);6-7(score=9.216e+06,gain=9.216e+06);0-3(score=6.624e+06,gain=6.624e+06)","1-2(score=3686250,gain=3686250);4-5(score=3487956,gain=3487956);0-3(score=1664814,gain=1664814);6-7(score=1536394,gain=1536394);1-3(score=693126,gain=693126);2-3(score=688958,gain=688958);5-6(score=541202,gain=541202);4-6(score=517466,gain=517466)","1-2(score=2920789.20981,gain=2920789.20981);4-5(score=2839327.52862,gain=2839327.52862);6-7(score=1381271.15846,gain=1381271.15846);0-3(score=1333391.49526,gain=1333391.49526);1-3(score=97089.3825392,gain=97089.3825392);2-3(score=94643.2214518,gain=94643.2214518);5-6(score=51563.6432027,gain=51563.6432027);4-6(score=43621.4860839,gain=43621.4860839)","1-2(score=12816000,gain=12816000);4-5(score=12816000,gain=12816000);5-6(score=12816000,gain=12816000);2-3(score=9216000,gain=9216000);6-7(score=9216000,gain=9216000);0-3(score=6624000,gain=6624000);1-3(score=6480000,gain=6480000);4-6(score=6480000,gain=6480000)"
high-degree-aggregator-bias-replay,tl-ocs,1401,0.7,8,0.04,0.045,13809498,96984000,4,4,22,35808000,0,1,1,1,1,0.427616926503,0.427616926503,0.427616926503,0.813348756355,1,6.02298589385,0,0,"1-2(score=3.62949e+06,gain=3.62949e+06);4-5(score=3.23257e+06,gain=3.23257e+06);0-3(score=1.64352e+06,gain=1.64352e+06);6-7(score=1.38528e+06,gain=1.38528e+06)","1-2(score=2.85531e+06,gain=2.85531e+06);4-5(score=2.63911e+06,gain=2.63911e+06);0-3(score=1.30568e+06,gain=1.30568e+06);6-7(score=1.2459e+06,gain=1.2459e+06)","1-2(score=1.2816e+07,gain=1.2816e+07);4-5(score=1.2816e+07,gain=1.2816e+07);6-7(score=9.216e+06,gain=9.216e+06);0-3(score=6.624e+06,gain=6.624e+06)","1-2(score=3629490,gain=3629490);4-5(score=3232566,gain=3232566);0-3(score=1643520,gain=1643520);6-7(score=1385278,gain=1385278);2-3(score=719636,gain=719636);1-3(score=682464,gain=682464);5-6(score=570440,gain=570440);4-6(score=525912,gain=525912)","1-2(score=2855307.62251,gain=2855307.62251);4-5(score=2639109.70686,gain=2639109.70686);0-3(score=1305676.34553,gain=1305676.34553);6-7(score=1245900.32463,gain=1245900.32463);2-3(score=103849.585948,gain=103849.585948);1-3(score=87286.537792,gain=87286.537792);5-6(score=80022.8811259,gain=80022.8811259);4-6(score=60804.0494768,gain=60804.0494768)","1-2(score=12816000,gain=12816000);4-5(score=12816000,gain=12816000);5-6(score=12816000,gain=12816000);2-3(score=9216000,gain=9216000);6-7(score=9216000,gain=9216000);0-3(score=6624000,gain=6624000);1-3(score=6480000,gain=6480000);4-6(score=6480000,gain=6480000)"
high-degree-aggregator-bias-replay,tl-ocs,1401,0.7,9,0.045,0.05,13512554,96984000,4,4,23,38640000,0,1,1,1,1,0.427616926503,0.427616926503,0.427616926503,0.809714657434,1,6.17731876152,0,0,"1-2(score=3.54353e+06,gain=3.54353e+06);4-5(score=3.14932e+06,gain=3.14932e+06);0-3(score=1.64463e+06,gain=1.64463e+06);6-7(score=1.31929e+06,gain=1.31929e+06)","1-2(score=2.78676e+06,gain=2.78676e+06);4-5(score=2.56998e+06,gain=2.56998e+06);0-3(score=1.30082e+06,gain=1.30082e+06);6-7(score=1.18988e+06,gain=1.18988e+06)","1-2(score=1.2816e+07,gain=1.2816e+07);4-5(score=1.2816e+07,gain=1.2816e+07);6-7(score=9.216e+06,gain=9.216e+06);0-3(score=6.624e+06,gain=6.624e+06)","1-2(score=3543526,gain=3543526);4-5(score=3149318,gain=3149318);0-3(score=1644626,gain=1644626);6-7(score=1319292,gain=1319292);1-3(score=692636,gain=692636);2-3(score=689710,gain=689710);4-6(score=533528,gain=533528);5-6(score=514972,gain=514972)","1-2(score=2786762.49725,gain=2786762.49725);4-5(score=2569983.60668,gain=2569983.60668);0-3(score=1300815.77375,gain=1300815.77375);6-7(score=1189882.68891,gain=1189882.68891);1-3(score=92905.0611095,gain=92905.0611095);2-3(score=91738.3167597,gain=91738.3167597);4-6(score=72423.3474443,gain=72423.3474443);5-6(score=63700.0462178,gain=63700.0462178)","1-2(score=12816000,gain=12816000);4-5(score=12816000,gain=12816000);5-6(score=12816000,gain=12816000);2-3(score=9216000,gain=9216000);6-7(score=9216000,gain=9216000);0-3(score=6624000,gain=6624000);1-3(score=6480000,gain=6480000);4-6(score=6480000,gain=6480000)"
