scenario,scheme,seed,offered_load_factor,drain_label,flow_id,start_time_s,round_index,src_tor,dst_tor,edge_pair,size_bytes,path_type,completed,fct_s,is_on_tl_selected_edge,is_on_volume_selected_edge,is_on_fct_oracle_edge,is_common_tl_volume_edge,is_tl_only_edge,is_volume_only_edge,is_fct_oracle_only_edge,is_selected_but_eps_fallback,is_selected_and_ocs_admitted,size_bucket,time_bucket
cross-community-distractor-replay,eps-ecmp,1401,0.5,D3,0,0.0041,0,0,1,0-1,630000,eps,true,0.004308366,false,false,true,false,false,false,true,false,false,small,before-first-schedule
cross-community-distractor-replay,eps-ecmp,1401,0.5,D3,1,0.00412,0,1,2,1-2,630000,eps,true,0.004044918,false,false,false,false,false,false,false,false,false,small,before-first-schedule
cross-community-distractor-replay,eps-ecmp,1401,0.5,D3,2,0.00414,0,4,5,4-5,630000,eps,true,0.004318788,false,false,true,false,false,false,true,false,false,small,before-first-schedule
cross-community-distractor-replay,eps-ecmp,1401,0.5,D3,3,0.00416,0,5,6,5-6,630000,eps,true,0.004306995,false,false,false,false,false,false,false,false,false,small,before-first-schedule
cross-community-distractor-replay,eps-ecmp,1401,0.5,D3,4,0.00418,0,2,3,2-3,630000,eps,true,0.004206321,false,false,true,false,false,false,true,false,false,small,before-first-schedule
cross-community-distractor-replay,eps-ecmp,1401,0.5,D3,5,0.0042,0,6,7,6-7,630000,eps,true,0.004218062,false,false,true,false,false,false,true,false,false,small,before-first-schedule
cross-community-distractor-replay,eps-ecmp,1401,0.5,D3,6,0.00422,0,3,4,3-4,792000,eps,true,0.004923694,false,false,false,false,false,false,false,false,false,large,before-first-schedule
cross-community-distractor-replay,eps-ecmp,1401,0.5,D3,7,0.00424,0,0,4,0-4,348000,eps,true,0.003104354,false,false,false,false,false,false,false,false,false,small,before-first-schedule
cross-community-distractor-replay,eps-ecmp,1401,0.5,D3,8,0.00426,0,1,5,1-5,312000,eps,true,0.002951188,false,false,false,false,false,false,false,false,false,small,before-first-schedule
cross-community-distractor-replay,eps-ecmp,1401,0.5,D3,9,0.00428,0,2,6,2-6,300000,eps,true,0.002811942,false,false,false,false,false,false,false,false,false,small,before-first-schedule
cross-community-distractor-replay,eps-ecmp,1401,0.5,D3,10,0.0043,0,0,1,0-1,630000,eps,true,0.004297129,false,false,true,false,false,false,true,false,false,small,before-first-schedule
cross-community-distractor-replay,eps-ecmp,1401,0.5,D3,11,0.00432,0,1,2,1-2,630000,eps,true,0.00405986,false,false,false,false,false,false,false,false,false,small,before-first-schedule
cross-community-distractor-replay,eps-ecmp,1401,0.5,D3,12,0.00434,0,4,5,4-5,630000,eps,true,0.004362653,false,false,true,false,false,false,true,false,false,small,before-first-schedule
cross-community-distractor-replay,eps-ecmp,1401,0.5,D3,13,0.00436,0,5,6,5-6,630000,eps,true,0.004318908,false,false,false,false,false,false,false,false,false,small,before-first-schedule
cross-community-distractor-replay,eps-ecmp,1401,0.5,D3,14,0.00438,0,2,3,2-3,630000,eps,true,0.004199669,false,false,true,false,false,false,true,false,false,small,before-first-schedule
cross-community-distractor-replay,eps-ecmp,1401,0.5,D3,15,0.0044,0,6,7,6-7,630000,eps,true,0.004215009,false,false,true,false,false,false,true,false,false,small,before-first-schedule
cross-community-distractor-replay,eps-ecmp,1401,0.5,D3,16,0.00442,0,3,4,3-4,792000,eps,true,0.004943969,false,false,false,false,false,false,false,false,false,large,before-first-schedule
cross-community-distractor-replay,eps-ecmp,1401,0.5,D3,17,0.00444,0,0,4,0-4,348000,eps,true,0.003103872,false,false,false,false,false,false,false,false,false,small,before-first-schedule
cross-community-distractor-replay,eps-ecmp,1401,0.5,D3,18,0.00446,0,1,5,1-5,312000,eps,true,0.002957034,false,false,false,false,false,false,false,false,false,small,before-first-schedule
cross-community-distractor-replay,eps-ecmp,1401,0.5,D3,19,0.00448,0,2,6,2-6,300000,eps,true,0.002799251,false,false,false,false,false,false,false,false,false,small,before-first-schedule
cross-community-distractor-replay,eps-ecmp,1401,0.5,D3,20,0.0051,1,0,1,0-1,3480000,eps,true,0.052705385,true,false,true,false,true,false,false,false,false,large,early-period
cross-community-distractor-replay,eps-ecmp,1401,0.5,D3,21,0.00512,1,1,2,1-2,3480000,eps,true,0.051618008,false,true,false,false,false,true,false,false,false,large,early-period
cross-community-distractor-replay,eps-ecmp,1401,0.5,D3,22,0.00514,1,4,5,4-5,2520000,eps,true,0.024317987,true,true,true,true,false,false,false,false,false,large,early-period
cross-community-distractor-replay,eps-ecmp,1401,0.5,D3,23,0.00516,1,5,6,5-6,1386000,eps,true,0.008152484,false,false,false,false,false,false,false,false,false,large,early-period
cross-community-distractor-replay,eps-ecmp,1401,0.5,D3,24,0.00518,1,2,3,2-3,2520000,eps,true,0.025467029,true,false,true,false,true,false,false,false,false,large,early-period
cross-community-distractor-replay,eps-ecmp,1401,0.5,D3,25,0.0052,1,6,7,6-7,4320000,eps,true,0.023916284,true,true,true,true,false,false,false,false,false,large,early-period
cross-community-distractor-replay,eps-ecmp,1401,0.5,D3,26,0.00522,1,3,4,3-4,1425600,eps,true,0.010260727,false,false,false,false,false,false,false,false,false,large,early-period
cross-community-distractor-replay,eps-ecmp,1401,0.5,D3,27,0.00524,1,0,4,0-4,1392000,eps,true,0.010618425,false,false,false,false,false,false,false,false,false,large,early-period
cross-community-distractor-replay,eps-ecmp,1401,0.5,D3,28,0.00526,1,1,5,1-5,1248000,eps,true,0.008157991,false,false,false,false,false,false,false,false,false,large,early-period
cross-community-distractor-replay,eps-ecmp,1401,0.5,D3,29,0.00528,1,2,6,2-6,1200000,eps,true,0.008201177,false,false,false,false,false,false,false,false,false,large,early-period
cross-community-distractor-replay,eps-ecmp,1401,0.5,D3,30,0.0053,1,0,1,0-1,3480000,eps,true,0.055238218,true,false,true,false,true,false,false,false,false,large,early-period
cross-community-distractor-replay,eps-ecmp,1401,0.5,D3,31,0.00532,1,1,2,1-2,3480000,eps,true,0.056499984,false,true,false,false,false,true,false,false,false,large,early-period
cross-community-distractor-replay,eps-ecmp,1401,0.5,D3,32,0.00534,1,4,5,4-5,2520000,eps,true,0.02569246,true,true,true,true,false,false,false,false,false,large,early-period
cross-community-distractor-replay,eps-ecmp,1401,0.5,D3,33,0.00536,1,5,6,5-6,1386000,eps,true,0.008223234,false,false,false,false,false,false,false,false,false,large,early-period
cross-community-distractor-replay,eps-ecmp,1401,0.5,D3,34,0.00538,1,2,3,2-3,2520000,eps,true,0.027026209,true,false,true,false,true,false,false,false,false,large,early-period
cross-community-distractor-replay,eps-ecmp,1401,0.5,D3,35,0.0054,1,6,7,6-7,4320000,eps,true,0.025029232,true,true,true,true,false,false,false,false,false,large,early-period
cross-community-distractor-replay,eps-ecmp,1401,0.5,D3,36,0.00542,1,3,4,3-4,1425600,eps,true,0.010817067,false,false,false,false,false,false,false,false,false,large,early-period
cross-community-distractor-replay,eps-ecmp,1401,0.5,D3,37,0.00544,1,0,4,0-4,1392000,eps,true,0.011202089,false,false,false,false,false,false,false,false,false,large,early-period
cross-community-distractor-replay,eps-ecmp,1401,0.5,D3,38,0.00546,1,1,5,1-5,1248000,eps,true,0.008476249,false,false,false,false,false,false,false,false,false,large,early-period
cross-community-distractor-replay,eps-ecmp,1401,0.5,D3,39,0.00548,1,2,6,2-6,1200000,eps,true,0.008568677,false,false,false,false,false,false,false,false,false,large,early-period
cross-community-distractor-replay,eps-ecmp,1401,0.5,D3,40,0.0091,1,0,1,0-1,630000,eps,true,0.007537598,true,false,true,false,true,false,false,false,false,small,early-period
cross-community-distractor-replay,eps-ecmp,1401,0.5,D3,41,0.00912,1,1,2,1-2,630000,eps,true,0.007229833,false,true,false,false,false,true,false,false,false,small,early-period
cross-community-distractor-replay,eps-ecmp,1401,0.5,D3,42,0.00914,1,4,5,4-5,630000,eps,true,0.007107296,true,true,true,true,false,false,false,false,false,small,early-period
cross-community-distractor-replay,eps-ecmp,1401,0.5,D3,43,0.00916,1,5,6,5-6,630000,eps,true,0.006789126,false,false,false,false,false,false,false,false,false,small,early-period
cross-community-distractor-replay,eps-ecmp,1401,0.5,D3,44,0.00918,1,2,3,2-3,630000,eps,true,0.006563731,true,false,true,false,true,false,false,false,false,small,early-period
cross-community-distractor-replay,eps-ecmp,1401,0.5,D3,45,0.0092,1,6,7,6-7,630000,eps,true,0.005720099,true,true,true,true,false,false,false,false,false,small,early-period
cross-community-distractor-replay,eps-ecmp,1401,0.5,D3,46,0.00922,1,3,4,3-4,792000,eps,true,0.009006714,false,false,false,false,false,false,false,false,false,large,early-period
cross-community-distractor-replay,eps-ecmp,1401,0.5,D3,47,0.00924,1,0,4,0-4,348000,eps,true,0.006076989,false,false,false,false,false,false,false,false,false,small,early-period
cross-community-distractor-replay,eps-ecmp,1401,0.5,D3,48,0.00926,1,1,5,1-5,312000,eps,true,0.004520876,false,false,false,false,false,false,false,false,false,small,early-period
cross-community-distractor-replay,eps-ecmp,1401,0.5,D3,49,0.00928,1,2,6,2-6,300000,eps,true,0.004709852,false,false,false,false,false,false,false,false,false,small,early-period
cross-community-distractor-replay,eps-ecmp,1401,0.5,D3,50,0.0093,1,0,1,0-1,630000,eps,true,0.007737757,true,false,true,false,true,false,false,false,false,small,early-period
cross-community-distractor-replay,eps-ecmp,1401,0.5,D3,51,0.00932,1,1,2,1-2,630000,eps,true,0.007461698,false,true,false,false,false,true,false,false,false,small,early-period
cross-community-distractor-replay,eps-ecmp,1401,0.5,D3,52,0.00934,1,4,5,4-5,630000,eps,true,0.007350558,true,true,true,true,false,false,false,false,false,small,early-period
cross-community-distractor-replay,eps-ecmp,1401,0.5,D3,53,0.00936,1,5,6,5-6,630000,eps,true,0.006861056,false,false,false,false,false,false,false,false,false,small,early-period
cross-community-distractor-replay,eps-ecmp,1401,0.5,D3,54,0.00938,1,2,3,2-3,630000,eps,true,0.006684743,true,false,true,false,true,false,false,false,false,small,early-period
cross-community-distractor-replay,eps-ecmp,1401,0.5,D3,55,0.0094,1,6,7,6-7,630000,eps,true,0.005794254,true,true,true,true,false,false,false,false,false,small,early-period
cross-community-distractor-replay,eps-ecmp,1401,0.5,D3,56,0.00942,1,3,4,3-4,792000,eps,true,0.009090665,false,false,false,false,false,false,false,false,false,large,early-period
cross-community-distractor-replay,eps-ecmp,1401,0.5,D3,57,0.00944,1,0,4,0-4,348000,eps,true,0.005150248,false,false,false,false,false,false,false,false,false,small,early-period
cross-community-distractor-replay,eps-ecmp,1401,0.5,D3,58,0.00946,1,1,5,1-5,312000,eps,true,0.004598743,false,false,false,false,false,false,false,false,false,small,early-period
cross-community-distractor-replay,eps-ecmp,1401,0.5,D3,59,0.00948,1,2,6,2-6,300000,eps,true,0.004803852,false,false,false,false,false,false,false,false,false,small,early-period
cross-community-distractor-replay,eps-ecmp,1401,0.5,D3,60,0.0101,2,0,1,0-1,3480000,eps,true,0.074542955,true,false,true,false,true,false,false,false,false,large,early-period
cross-community-distractor-replay,eps-ecmp,1401,0.5,D3,61,0.01012,2,1,2,1-2,3480000,eps,true,0.073616919,false,true,false,false,false,true,false,false,false,large,early-period
cross-community-distractor-replay,eps-ecmp,1401,0.5,D3,62,0.01014,2,4,5,4-5,2520000,eps,true,0.050768847,true,true,true,true,false,false,false,false,false,large,early-period
cross-community-distractor-replay,eps-ecmp,1401,0.5,D3,63,0.01016,2,5,6,5-6,1386000,eps,true,0.01336316,false,false,false,false,false,false,false,false,false,large,early-period
cross-community-distractor-replay,eps-ecmp,1401,0.5,D3,64,0.01018,2,2,3,2-3,2520000,eps,true,0.0518819,true,false,true,false,true,false,false,false,false,large,early-period
cross-community-distractor-replay,eps-ecmp,1401,0.5,D3,65,0.0102,2,6,7,6-7,4320000,eps,true,0.04980241,true,true,true,true,false,false,false,false,false,large,early-period
cross-community-distractor-replay,eps-ecmp,1401,0.5,D3,66,0.01022,2,3,4,3-4,1425600,eps,true,0.019155056,false,false,false,false,false,false,false,false,false,large,early-period
cross-community-distractor-replay,eps-ecmp,1401,0.5,D3,67,0.01024,2,0,4,0-4,1392000,eps,true,0.02528435,false,false,false,false,false,false,false,false,false,large,early-period
cross-community-distractor-replay,eps-ecmp,1401,0.5,D3,68,0.01026,2,1,5,1-5,1248000,eps,true,0.018817262,false,false,false,false,false,false,false,false,false,large,early-period
cross-community-distractor-replay,eps-ecmp,1401,0.5,D3,69,0.01028,2,2,6,2-6,1200000,eps,true,0.018169631,false,false,false,false,false,false,false,false,false,large,early-period
cross-community-distractor-replay,eps-ecmp,1401,0.5,D3,70,0.0103,2,0,1,0-1,3480000,eps,true,0.07466908,true,false,true,false,true,false,false,false,false,large,early-period
cross-community-distractor-replay,eps-ecmp,1401,0.5,D3,71,0.01032,2,1,2,1-2,3480000,eps,true,0.073774925,false,true,false,false,false,true,false,false,false,large,early-period
cross-community-distractor-replay,eps-ecmp,1401,0.5,D3,72,0.01034,2,4,5,4-5,2520000,eps,true,0.051185146,true,true,true,true,false,false,false,false,false,large,early-period
cross-community-distractor-replay,eps-ecmp,1401,0.5,D3,73,0.01036,2,5,6,5-6,1386000,eps,true,0.013696664,false,false,false,false,false,false,false,false,false,large,early-period
cross-community-distractor-replay,eps-ecmp,1401,0.5,D3,74,0.01038,2,2,3,2-3,2520000,eps,true,0.052261722,true,false,true,false,true,false,false,false,false,large,early-period
cross-community-distractor-replay,eps-ecmp,1401,0.5,D3,75,0.0104,2,6,7,6-7,4320000,eps,true,0.050424067,true,true,true,true,false,false,false,false,false,large,early-period
cross-community-distractor-replay,eps-ecmp,1401,0.5,D3,76,0.01042,2,3,4,3-4,1425600,eps,true,0.019384701,false,false,false,false,false,false,false,false,false,large,early-period
cross-community-distractor-replay,eps-ecmp,1401,0.5,D3,77,0.01044,2,0,4,0-4,1392000,eps,true,0.022834962,false,false,false,false,false,false,false,false,false,large,early-period
cross-community-distractor-replay,eps-ecmp,1401,0.5,D3,78,0.01046,2,1,5,1-5,1248000,eps,true,0.019103656,false,false,false,false,false,false,false,false,false,large,early-period
cross-community-distractor-replay,eps-ecmp,1401,0.5,D3,79,0.01048,2,2,6,2-6,1200000,eps,true,0.018432354,false,false,false,false,false,false,false,false,false,large,early-period
cross-community-distractor-replay,eps-ecmp,1401,0.5,D3,80,0.0141,2,0,1,0-1,630000,eps,true,0.010007262,true,false,true,false,true,false,false,false,false,small,early-period
cross-community-distractor-replay,eps-ecmp,1401,0.5,D3,81,0.01412,2,1,2,1-2,630000,eps,true,0.009970589,false,true,false,false,false,true,false,false,false,small,early-period
cross-community-distractor-replay,eps-ecmp,1401,0.5,D3,82,0.01414,2,4,5,4-5,630000,eps,true,0.010109731,true,true,true,true,false,false,false,false,false,small,early-period
cross-community-distractor-replay,eps-ecmp,1401,0.5,D3,83,0.01416,2,5,6,5-6,630000,eps,true,0.008331812,false,false,false,false,false,false,false,false,false,small,early-period
cross-community-distractor-replay,eps-ecmp,1401,0.5,D3,84,0.01418,2,2,3,2-3,630000,eps,true,0.008978177,true,false,true,false,true,false,false,false,false,small,early-period
cross-community-distractor-replay,eps-ecmp,1401,0.5,D3,85,0.0142,2,6,7,6-7,630000,eps,true,0.006263372,true,true,true,true,false,false,false,false,false,small,early-period
cross-community-distractor-replay,eps-ecmp,1401,0.5,D3,86,0.01422,2,3,4,3-4,792000,eps,true,0.010827058,false,false,false,false,false,false,false,false,false,large,early-period
cross-community-distractor-replay,eps-ecmp,1401,0.5,D3,87,0.01424,2,0,4,0-4,348000,eps,true,0.005774525,false,false,false,false,false,false,false,false,false,small,early-period
cross-community-distractor-replay,eps-ecmp,1401,0.5,D3,88,0.01426,2,1,5,1-5,312000,eps,true,0.005131688,false,false,false,false,false,false,false,false,false,small,early-period
cross-community-distractor-replay,eps-ecmp,1401,0.5,D3,89,0.01428,2,2,6,2-6,300000,eps,true,0.004950576,false,false,false,false,false,false,false,false,false,small,early-period
cross-community-distractor-replay,eps-ecmp,1401,0.5,D3,90,0.0143,2,0,1,0-1,630000,eps,true,0.010085951,true,false,true,false,true,false,false,false,false,small,early-period
cross-community-distractor-replay,eps-ecmp,1401,0.5,D3,91,0.01432,2,1,2,1-2,630000,eps,true,0.010065463,false,true,false,false,false,true,false,false,false,small,early-period
cross-community-distractor-replay,eps-ecmp,1401,0.5,D3,92,0.01434,2,4,5,4-5,630000,eps,true,0.010286413,true,true,true,true,false,false,false,false,false,small,early-period
cross-community-distractor-replay,eps-ecmp,1401,0.5,D3,93,0.01436,2,5,6,5-6,630000,eps,true,0.008477809,false,false,false,false,false,false,false,false,false,small,early-period
cross-community-distractor-replay,eps-ecmp,1401,0.5,D3,94,0.01438,2,2,3,2-3,630000,eps,true,0.009164498,true,false,true,false,true,false,false,false,false,small,early-period
cross-community-distractor-replay,eps-ecmp,1401,0.5,D3,95,0.0144,2,6,7,6-7,630000,eps,true,0.006359107,true,true,true,true,false,false,false,false,false,small,early-period
cross-community-distractor-replay,eps-ecmp,1401,0.5,D3,96,0.01442,2,3,4,3-4,792000,eps,true,0.010906977,false,false,false,false,false,false,false,false,false,large,early-period
cross-community-distractor-replay,eps-ecmp,1401,0.5,D3,97,0.01444,2,0,4,0-4,348000,eps,true,0.005761214,false,false,false,false,false,false,false,false,false,small,early-period
cross-community-distractor-replay,eps-ecmp,1401,0.5,D3,98,0.01446,2,1,5,1-5,312000,eps,true,0.005136854,false,false,false,false,false,false,false,false,false,small,early-period
cross-community-distractor-replay,eps-ecmp,1401,0.5,D3,99,0.01448,2,2,6,2-6,300000,eps,true,0.004967211,false,false,false,false,false,false,false,false,false,small,early-period
cross-community-distractor-replay,eps-ecmp,1401,0.5,D3,100,0.0151,3,0,1,0-1,3480000,eps,true,0.075818929,true,true,true,true,false,false,false,false,false,large,early-period
cross-community-distractor-replay,eps-ecmp,1401,0.5,D3,101,0.01512,3,1,2,1-2,3480000,eps,true,0.074960833,false,false,false,false,false,false,false,false,false,large,early-period
cross-community-distractor-replay,eps-ecmp,1401,0.5,D3,102,0.01514,3,4,5,4-5,2520000,eps,true,0.055725289,true,true,true,true,false,false,false,false,false,large,early-period
cross-community-distractor-replay,eps-ecmp,1401,0.5,D3,103,0.01516,3,5,6,5-6,1386000,eps,true,0.0189662,false,false,false,false,false,false,false,false,false,large,early-period
cross-community-distractor-replay,eps-ecmp,1401,0.5,D3,104,0.01518,3,2,3,2-3,2520000,eps,true,0.057070886,true,true,true,true,false,false,false,false,false,large,early-period
cross-community-distractor-replay,eps-ecmp,1401,0.5,D3,105,0.0152,3,6,7,6-7,4320000,eps,true,0.056038416,true,true,true,true,false,false,false,false,false,large,early-period
cross-community-distractor-replay,eps-ecmp,1401,0.5,D3,106,0.01522,3,3,4,3-4,1425600,eps,true,0.024584108,false,false,false,false,false,false,false,false,false,large,early-period
cross-community-distractor-replay,eps-ecmp,1401,0.5,D3,107,0.01524,3,0,4,0-4,1392000,eps,true,0.033907493,false,false,false,false,false,false,false,false,false,large,early-period
cross-community-distractor-replay,eps-ecmp,1401,0.5,D3,108,0.01526,3,1,5,1-5,1248000,eps,true,0.026753576,false,false,false,false,false,false,false,false,false,large,early-period
cross-community-distractor-replay,eps-ecmp,1401,0.5,D3,109,0.01528,3,2,6,2-6,1200000,eps,true,0.024449878,false,false,false,false,false,false,false,false,false,large,early-period
cross-community-distractor-replay,eps-ecmp,1401,0.5,D3,110,0.0153,3,0,1,0-1,3480000,eps,true,0.075821055,true,true,true,true,false,false,false,false,false,large,early-period
cross-community-distractor-replay,eps-ecmp,1401,0.5,D3,111,0.01532,3,1,2,1-2,3480000,eps,true,0.074927158,false,false,false,false,false,false,false,false,false,large,early-period
cross-community-distractor-replay,eps-ecmp,1401,0.5,D3,112,0.01534,3,4,5,4-5,2520000,eps,true,0.055988618,true,true,true,true,false,false,false,false,false,large,early-period
cross-community-distractor-replay,eps-ecmp,1401,0.5,D3,113,0.01536,3,5,6,5-6,1386000,eps,true,0.019094678,false,false,false,false,false,false,false,false,false,large,early-period
cross-community-distractor-replay,eps-ecmp,1401,0.5,D3,114,0.01538,3,2,3,2-3,2520000,eps,true,0.057131234,true,true,true,true,false,false,false,false,false,large,early-period
cross-community-distractor-replay,eps-ecmp,1401,0.5,D3,115,0.0154,3,6,7,6-7,4320000,eps,true,0.056218547,true,true,true,true,false,false,false,false,false,large,early-period
cross-community-distractor-replay,eps-ecmp,1401,0.5,D3,116,0.01542,3,3,4,3-4,1425600,eps,true,0.024870684,false,false,false,false,false,false,false,false,false,large,early-period
cross-community-distractor-replay,eps-ecmp,1401,0.5,D3,117,0.01544,3,0,4,0-4,1392000,eps,true,0.03186283,false,false,false,false,false,false,false,false,false,large,early-period
cross-community-distractor-replay,eps-ecmp,1401,0.5,D3,118,0.01546,3,1,5,1-5,1248000,eps,true,0.0270721,false,false,false,false,false,false,false,false,false,large,early-period
cross-community-distractor-replay,eps-ecmp,1401,0.5,D3,119,0.01548,3,2,6,2-6,1200000,eps,true,0.02474351,false,false,false,false,false,false,false,false,false,large,early-period
cross-community-distractor-replay,eps-ecmp,1401,0.5,D3,120,0.0191,3,0,1,0-1,630000,eps,true,0.013015972,true,true,true,true,false,false,false,false,false,small,early-period
cross-community-distractor-replay,eps-ecmp,1401,0.5,D3,121,0.01912,3,1,2,1-2,630000,eps,true,0.013343797,false,false,false,false,false,false,false,false,false,small,early-period
cross-community-distractor-replay,eps-ecmp,1401,0.5,D3,122,0.01914,3,4,5,4-5,630000,eps,true,0.012531051,true,true,true,true,false,false,false,false,false,small,early-period
cross-community-distractor-replay,eps-ecmp,1401,0.5,D3,123,0.01916,3,5,6,5-6,630000,eps,true,0.009652817,false,false,false,false,false,false,false,false,false,small,early-period
cross-community-distractor-replay,eps-ecmp,1401,0.5,D3,124,0.01918,3,2,3,2-3,630000,eps,true,0.013197615,true,true,true,true,false,false,false,false,false,small,early-period
cross-community-distractor-replay,eps-ecmp,1401,0.5,D3,125,0.0192,3,6,7,6-7,630000,eps,true,0.00778632,true,true,true,true,false,false,false,false,false,small,early-period
cross-community-distractor-replay,eps-ecmp,1401,0.5,D3,126,0.01922,3,3,4,3-4,792000,eps,true,0.014367948,false,false,false,false,false,false,false,false,false,large,early-period
cross-community-distractor-replay,eps-ecmp,1401,0.5,D3,127,0.01924,3,0,4,0-4,348000,eps,true,0.006889014,false,false,false,false,false,false,false,false,false,small,early-period
cross-community-distractor-replay,eps-ecmp,1401,0.5,D3,128,0.01926,3,1,5,1-5,312000,eps,true,0.006239097,false,false,false,false,false,false,false,false,false,small,early-period
cross-community-distractor-replay,eps-ecmp,1401,0.5,D3,129,0.01928,3,2,6,2-6,300000,eps,true,0.006214407,false,false,false,false,false,false,false,false,false,small,early-period
cross-community-distractor-replay,eps-ecmp,1401,0.5,D3,130,0.0193,3,0,1,0-1,630000,eps,true,0.013167499,true,true,true,true,false,false,false,false,false,small,early-period
cross-community-distractor-replay,eps-ecmp,1401,0.5,D3,131,0.01932,3,1,2,1-2,630000,eps,true,0.013459629,false,false,false,false,false,false,false,false,false,small,early-period
cross-community-distractor-replay,eps-ecmp,1401,0.5,D3,132,0.01934,3,4,5,4-5,630000,eps,true,0.012580223,true,true,true,true,false,false,false,false,false,small,early-period
cross-community-distractor-replay,eps-ecmp,1401,0.5,D3,133,0.01936,3,5,6,5-6,630000,eps,true,0.009723933,false,false,false,false,false,false,false,false,false,small,early-period
cross-community-distractor-replay,eps-ecmp,1401,0.5,D3,134,0.01938,3,2,3,2-3,630000,eps,true,0.012610317,true,true,true,true,false,false,false,false,false,small,early-period
cross-community-distractor-replay,eps-ecmp,1401,0.5,D3,135,0.0194,3,6,7,6-7,630000,eps,true,0.007820176,true,true,true,true,false,false,false,false,false,small,early-period
cross-community-distractor-replay,eps-ecmp,1401,0.5,D3,136,0.01942,3,3,4,3-4,792000,eps,true,0.014414738,false,false,false,false,false,false,false,false,false,large,early-period
cross-community-distractor-replay,eps-ecmp,1401,0.5,D3,137,0.01944,3,0,4,0-4,348000,eps,true,0.006911662,false,false,false,false,false,false,false,false,false,small,early-period
cross-community-distractor-replay,eps-ecmp,1401,0.5,D3,138,0.01946,3,1,5,1-5,312000,eps,true,0.006510224,false,false,false,false,false,false,false,false,false,small,early-period
cross-community-distractor-replay,eps-ecmp,1401,0.5,D3,139,0.01948,3,2,6,2-6,300000,eps,true,0.006238678,false,false,false,false,false,false,false,false,false,small,early-period
cross-community-distractor-replay,eps-ecmp,1401,0.5,D3,140,0.0201,4,0,1,0-1,3480000,eps,true,0.074736725,true,true,true,true,false,false,false,false,false,large,early-period
cross-community-distractor-replay,eps-ecmp,1401,0.5,D3,141,0.02012,4,1,2,1-2,3480000,eps,true,0.07390794,false,false,false,false,false,false,false,false,false,large,early-period
cross-community-distractor-replay,eps-ecmp,1401,0.5,D3,142,0.02014,4,4,5,4-5,2520000,eps,true,0.055725162,true,true,true,true,false,false,false,false,false,large,early-period
cross-community-distractor-replay,eps-ecmp,1401,0.5,D3,143,0.02016,4,5,6,5-6,1386000,eps,true,0.023989462,false,false,false,false,false,false,false,false,false,large,early-period
cross-community-distractor-replay,eps-ecmp,1401,0.5,D3,144,0.02018,4,2,3,2-3,2520000,eps,true,0.056621345,true,true,true,true,false,false,false,false,false,large,early-period
cross-community-distractor-replay,eps-ecmp,1401,0.5,D3,145,0.0202,4,6,7,6-7,4320000,eps,true,0.058317227,true,true,true,true,false,false,false,false,false,large,early-period
cross-community-distractor-replay,eps-ecmp,1401,0.5,D3,146,0.02022,4,3,4,3-4,1425600,eps,true,0.030621605,false,false,false,false,false,false,false,false,false,large,early-period
cross-community-distractor-replay,eps-ecmp,1401,0.5,D3,147,0.02024,4,0,4,0-4,1392000,eps,true,0.039211421,false,false,false,false,false,false,false,false,false,large,early-period
cross-community-distractor-replay,eps-ecmp,1401,0.5,D3,148,0.02026,4,1,5,1-5,1248000,eps,true,0.03690869,false,false,false,false,false,false,false,false,false,large,early-period
cross-community-distractor-replay,eps-ecmp,1401,0.5,D3,149,0.02028,4,2,6,2-6,1200000,eps,true,0.03088704,false,false,false,false,false,false,false,false,false,large,early-period
cross-community-distractor-replay,eps-ecmp,1401,0.5,D3,150,0.0203,4,0,1,0-1,3480000,eps,true,0.074639971,true,true,true,true,false,false,false,false,false,large,early-period
cross-community-distractor-replay,eps-ecmp,1401,0.5,D3,151,0.02032,4,1,2,1-2,3480000,eps,true,0.073805698,false,false,false,false,false,false,false,false,false,large,early-period
cross-community-distractor-replay,eps-ecmp,1401,0.5,D3,152,0.02034,4,4,5,4-5,2520000,eps,true,0.060834431,true,true,true,true,false,false,false,false,false,large,early-period
cross-community-distractor-replay,eps-ecmp,1401,0.5,D3,153,0.02036,4,5,6,5-6,1386000,eps,true,0.024156476,false,false,false,false,false,false,false,false,false,large,early-period
cross-community-distractor-replay,eps-ecmp,1401,0.5,D3,154,0.02038,4,2,3,2-3,2520000,eps,true,0.056524074,true,true,true,true,false,false,false,false,false,large,early-period
cross-community-distractor-replay,eps-ecmp,1401,0.5,D3,155,0.0204,4,6,7,6-7,4320000,eps,true,0.058309199,true,true,true,true,false,false,false,false,false,large,early-period
cross-community-distractor-replay,eps-ecmp,1401,0.5,D3,156,0.02042,4,3,4,3-4,1425600,eps,true,0.030818838,false,false,false,false,false,false,false,false,false,large,early-period
cross-community-distractor-replay,eps-ecmp,1401,0.5,D3,157,0.02044,4,0,4,0-4,1392000,eps,true,0.03931778,false,false,false,false,false,false,false,false,false,large,early-period
cross-community-distractor-replay,eps-ecmp,1401,0.5,D3,158,0.02046,4,1,5,1-5,1248000,eps,true,0.033873373,false,false,false,false,false,false,false,false,false,large,early-period
cross-community-distractor-replay,eps-ecmp,1401,0.5,D3,159,0.02048,4,2,6,2-6,1200000,eps,true,0.03112643,false,false,false,false,false,false,false,false,false,large,early-period
cross-community-distractor-replay,eps-ecmp,1401,0.5,D3,160,0.0241,4,0,1,0-1,630000,eps,true,0.01568811,true,true,true,true,false,false,false,false,false,small,early-period
cross-community-distractor-replay,eps-ecmp,1401,0.5,D3,161,0.02412,4,1,2,1-2,630000,eps,true,0.015908918,false,false,false,false,false,false,false,false,false,small,early-period
cross-community-distractor-replay,eps-ecmp,1401,0.5,D3,162,0.02414,4,4,5,4-5,630000,eps,true,0.057662091,true,true,true,true,false,false,false,false,false,small,early-period
cross-community-distractor-replay,eps-ecmp,1401,0.5,D3,163,0.02416,4,5,6,5-6,630000,eps,true,0.011107515,false,false,false,false,false,false,false,false,false,small,early-period
cross-community-distractor-replay,eps-ecmp,1401,0.5,D3,164,0.02418,4,2,3,2-3,630000,eps,true,0.014929667,true,true,true,true,false,false,false,false,false,small,early-period
cross-community-distractor-replay,eps-ecmp,1401,0.5,D3,165,0.0242,4,6,7,6-7,630000,eps,true,0.008259447,true,true,true,true,false,false,false,false,false,small,early-period
cross-community-distractor-replay,eps-ecmp,1401,0.5,D3,166,0.02422,4,3,4,3-4,792000,eps,true,0.037539516,false,false,false,false,false,false,false,false,false,large,early-period
cross-community-distractor-replay,eps-ecmp,1401,0.5,D3,167,0.02424,4,0,4,0-4,348000,eps,true,0.008260301,false,false,false,false,false,false,false,false,false,small,early-period
cross-community-distractor-replay,eps-ecmp,1401,0.5,D3,168,0.02426,4,1,5,1-5,312000,eps,true,0.007458967,false,false,false,false,false,false,false,false,false,small,early-period
cross-community-distractor-replay,eps-ecmp,1401,0.5,D3,169,0.02428,4,2,6,2-6,300000,eps,true,0.007251145,false,false,false,false,false,false,false,false,false,small,early-period
cross-community-distractor-replay,eps-ecmp,1401,0.5,D3,170,0.0243,4,0,1,0-1,630000,eps,true,0.037654246,true,true,true,true,false,false,false,false,false,small,early-period
cross-community-distractor-replay,eps-ecmp,1401,0.5,D3,171,0.02432,4,1,2,1-2,630000,eps,true,0.016055706,false,false,false,false,false,false,false,false,false,small,early-period
cross-community-distractor-replay,eps-ecmp,1401,0.5,D3,172,0.02434,4,4,5,4-5,630000,eps,true,0.013504719,true,true,true,true,false,false,false,false,false,small,early-period
cross-community-distractor-replay,eps-ecmp,1401,0.5,D3,173,0.02436,4,5,6,5-6,630000,eps,true,0.011234514,false,false,false,false,false,false,false,false,false,small,early-period
cross-community-distractor-replay,eps-ecmp,1401,0.5,D3,174,0.02438,4,2,3,2-3,630000,eps,true,0.014992539,true,true,true,true,false,false,false,false,false,small,early-period
cross-community-distractor-replay,eps-ecmp,1401,0.5,D3,175,0.0244,4,6,7,6-7,630000,eps,true,0.008304184,true,true,true,true,false,false,false,false,false,small,early-period
cross-community-distractor-replay,eps-ecmp,1401,0.5,D3,176,0.02442,4,3,4,3-4,792000,eps,true,0.016740526,false,false,false,false,false,false,false,false,false,large,early-period
cross-community-distractor-replay,eps-ecmp,1401,0.5,D3,177,0.02444,4,0,4,0-4,348000,eps,true,0.008285396,false,false,false,false,false,false,false,false,false,small,early-period
cross-community-distractor-replay,eps-ecmp,1401,0.5,D3,178,0.02446,4,1,5,1-5,312000,eps,true,0.007495137,false,false,false,false,false,false,false,false,false,small,early-period
cross-community-distractor-replay,eps-ecmp,1401,0.5,D3,179,0.02448,4,2,6,2-6,300000,eps,true,0.007250649,false,false,false,false,false,false,false,false,false,small,early-period
cross-community-distractor-replay,eps-ecmp,1401,0.5,D3,180,0.0251,5,0,1,0-1,3480000,eps,true,0.0722782,true,true,true,true,false,false,false,false,false,large,late-period
cross-community-distractor-replay,eps-ecmp,1401,0.5,D3,181,0.02512,5,1,2,1-2,3480000,eps,true,0.071388853,false,false,false,false,false,false,false,false,false,large,late-period
cross-community-distractor-replay,eps-ecmp,1401,0.5,D3,182,0.02514,5,4,5,4-5,2520000,eps,true,0.05378476,true,true,true,true,false,false,false,false,false,large,late-period
cross-community-distractor-replay,eps-ecmp,1401,0.5,D3,183,0.02516,5,5,6,5-6,1386000,eps,true,0.0276765,false,false,false,false,false,false,false,false,false,large,late-period
cross-community-distractor-replay,eps-ecmp,1401,0.5,D3,184,0.02518,5,2,3,2-3,2520000,eps,true,0.054220987,true,true,true,true,false,false,false,false,false,large,late-period
cross-community-distractor-replay,eps-ecmp,1401,0.5,D3,185,0.0252,5,6,7,6-7,4320000,eps,true,0.057522359,true,true,true,true,false,false,false,false,false,large,late-period
cross-community-distractor-replay,eps-ecmp,1401,0.5,D3,186,0.02522,5,3,4,3-4,1425600,eps,true,0.03340977,false,false,false,false,false,false,false,false,false,large,late-period
cross-community-distractor-replay,eps-ecmp,1401,0.5,D3,187,0.02524,5,0,4,0-4,1392000,eps,true,0.041904294,false,false,false,false,false,false,false,false,false,large,late-period
cross-community-distractor-replay,eps-ecmp,1401,0.5,D3,188,0.02526,5,1,5,1-5,1248000,eps,true,0.037003937,false,false,false,false,false,false,false,false,false,large,late-period
cross-community-distractor-replay,eps-ecmp,1401,0.5,D3,189,0.02528,5,2,6,2-6,1200000,eps,true,0.034435896,false,false,false,false,false,false,false,false,false,large,late-period
cross-community-distractor-replay,eps-ecmp,1401,0.5,D3,190,0.0253,5,0,1,0-1,3480000,eps,true,0.072166383,true,true,true,true,false,false,false,false,false,large,late-period
cross-community-distractor-replay,eps-ecmp,1401,0.5,D3,191,0.02532,5,1,2,1-2,3480000,eps,true,0.071281962,false,false,false,false,false,false,false,false,false,large,late-period
cross-community-distractor-replay,eps-ecmp,1401,0.5,D3,192,0.02534,5,4,5,4-5,2520000,eps,true,0.053681774,true,true,true,true,false,false,false,false,false,large,late-period
cross-community-distractor-replay,eps-ecmp,1401,0.5,D3,193,0.02536,5,5,6,5-6,1386000,eps,true,0.027782093,false,false,false,false,false,false,false,false,false,large,late-period
cross-community-distractor-replay,eps-ecmp,1401,0.5,D3,194,0.02538,5,2,3,2-3,2520000,eps,true,0.05410299,true,true,true,true,false,false,false,false,false,large,late-period
cross-community-distractor-replay,eps-ecmp,1401,0.5,D3,195,0.0254,5,6,7,6-7,4320000,eps,true,0.057472942,true,true,true,true,false,false,false,false,false,large,late-period
cross-community-distractor-replay,eps-ecmp,1401,0.5,D3,196,0.02542,5,3,4,3-4,1425600,eps,true,0.03644903,false,false,false,false,false,false,false,false,false,large,late-period
cross-community-distractor-replay,eps-ecmp,1401,0.5,D3,197,0.02544,5,0,4,0-4,1392000,eps,true,0.041965893,false,false,false,false,false,false,false,false,false,large,late-period
cross-community-distractor-replay,eps-ecmp,1401,0.5,D3,198,0.02546,5,1,5,1-5,1248000,eps,true,0.037114942,false,false,false,false,false,false,false,false,false,large,late-period
cross-community-distractor-replay,eps-ecmp,1401,0.5,D3,199,0.02548,5,2,6,2-6,1200000,eps,true,0.034494439,false,false,false,false,false,false,false,false,false,large,late-period
cross-community-distractor-replay,eps-ecmp,1401,0.5,D3,200,0.0291,5,0,1,0-1,630000,eps,true,0.019173431,true,true,true,true,false,false,false,false,false,small,late-period
cross-community-distractor-replay,eps-ecmp,1401,0.5,D3,201,0.02912,5,1,2,1-2,630000,eps,true,0.018635397,false,false,false,false,false,false,false,false,false,small,late-period
cross-community-distractor-replay,eps-ecmp,1401,0.5,D3,202,0.02914,5,4,5,4-5,630000,eps,true,0.01520278,true,true,true,true,false,false,false,false,false,small,late-period
cross-community-distractor-replay,eps-ecmp,1401,0.5,D3,203,0.02916,5,5,6,5-6,630000,eps,true,0.012905928,false,false,false,false,false,false,false,false,false,small,late-period
cross-community-distractor-replay,eps-ecmp,1401,0.5,D3,204,0.02918,5,2,3,2-3,630000,eps,true,0.017271477,true,true,true,true,false,false,false,false,false,small,late-period
cross-community-distractor-replay,eps-ecmp,1401,0.5,D3,205,0.0292,5,6,7,6-7,630000,eps,true,0.008853448,true,true,true,true,false,false,false,false,false,small,late-period
cross-community-distractor-replay,eps-ecmp,1401,0.5,D3,206,0.02922,5,3,4,3-4,792000,eps,true,0.018762411,false,false,false,false,false,false,false,false,false,large,late-period
cross-community-distractor-replay,eps-ecmp,1401,0.5,D3,207,0.02924,5,0,4,0-4,348000,eps,true,0.009630849,false,false,false,false,false,false,false,false,false,small,late-period
cross-community-distractor-replay,eps-ecmp,1401,0.5,D3,208,0.02926,5,1,5,1-5,312000,eps,true,0.009133966,false,false,false,false,false,false,false,false,false,small,late-period
cross-community-distractor-replay,eps-ecmp,1401,0.5,D3,209,0.02928,5,2,6,2-6,300000,eps,true,0.007835671,false,false,false,false,false,false,false,false,false,small,late-period
cross-community-distractor-replay,eps-ecmp,1401,0.5,D3,210,0.0293,5,0,1,0-1,630000,eps,true,0.019324676,true,true,true,true,false,false,false,false,false,small,late-period
cross-community-distractor-replay,eps-ecmp,1401,0.5,D3,211,0.02932,5,1,2,1-2,630000,eps,true,0.018739933,false,false,false,false,false,false,false,false,false,small,late-period
cross-community-distractor-replay,eps-ecmp,1401,0.5,D3,212,0.02934,5,4,5,4-5,630000,eps,true,0.015181801,true,true,true,true,false,false,false,false,false,small,late-period
cross-community-distractor-replay,eps-ecmp,1401,0.5,D3,213,0.02936,5,5,6,5-6,630000,eps,true,0.012931682,false,false,false,false,false,false,false,false,false,small,late-period
cross-community-distractor-replay,eps-ecmp,1401,0.5,D3,214,0.02938,5,2,3,2-3,630000,eps,true,0.017380215,true,true,true,true,false,false,false,false,false,small,late-period
cross-community-distractor-replay,eps-ecmp,1401,0.5,D3,215,0.0294,5,6,7,6-7,630000,eps,true,0.008913328,true,true,true,true,false,false,false,false,false,small,late-period
cross-community-distractor-replay,eps-ecmp,1401,0.5,D3,216,0.02942,5,3,4,3-4,792000,eps,true,0.01888966,false,false,false,false,false,false,false,false,false,large,late-period
cross-community-distractor-replay,eps-ecmp,1401,0.5,D3,217,0.02944,5,0,4,0-4,348000,eps,true,0.009687827,false,false,false,false,false,false,false,false,false,small,late-period
cross-community-distractor-replay,eps-ecmp,1401,0.5,D3,218,0.02946,5,1,5,1-5,312000,eps,true,0.008581495,false,false,false,false,false,false,false,false,false,small,late-period
cross-community-distractor-replay,eps-ecmp,1401,0.5,D3,219,0.02948,5,2,6,2-6,300000,eps,true,0.007887186,false,false,false,false,false,false,false,false,false,small,late-period
cross-community-distractor-replay,eps-ecmp,1401,0.5,D3,220,0.0301,6,0,1,0-1,3480000,eps,true,0.069014848,true,true,true,true,false,false,false,false,false,large,late-period
cross-community-distractor-replay,eps-ecmp,1401,0.5,D3,221,0.03012,6,1,2,1-2,3480000,eps,true,0.068071344,false,false,false,false,false,false,false,false,false,large,late-period
cross-community-distractor-replay,eps-ecmp,1401,0.5,D3,222,0.03014,6,4,5,4-5,2520000,eps,true,0.050902707,true,true,true,true,false,false,false,false,false,large,late-period
cross-community-distractor-replay,eps-ecmp,1401,0.5,D3,223,0.03016,6,5,6,5-6,1386000,eps,true,0.028068773,false,false,false,false,false,false,false,false,false,large,late-period
cross-community-distractor-replay,eps-ecmp,1401,0.5,D3,224,0.03018,6,2,3,2-3,2520000,eps,true,0.050956162,true,true,true,true,false,false,false,false,false,large,late-period
cross-community-distractor-replay,eps-ecmp,1401,0.5,D3,225,0.0302,6,6,7,6-7,4320000,eps,true,0.055739922,true,true,true,true,false,false,false,false,false,large,late-period
cross-community-distractor-replay,eps-ecmp,1401,0.5,D3,226,0.03022,6,3,4,3-4,1425600,eps,true,0.03377297,false,false,false,false,false,false,false,false,false,large,late-period
cross-community-distractor-replay,eps-ecmp,1401,0.5,D3,227,0.03024,6,0,4,0-4,1392000,eps,true,0.041956879,false,false,false,false,false,false,false,false,false,large,late-period
cross-community-distractor-replay,eps-ecmp,1401,0.5,D3,228,0.03026,6,1,5,1-5,1248000,eps,true,0.037661009,false,false,false,false,false,false,false,false,false,large,late-period
cross-community-distractor-replay,eps-ecmp,1401,0.5,D3,229,0.03028,6,2,6,2-6,1200000,eps,true,0.034855503,false,false,false,false,false,false,false,false,false,large,late-period
cross-community-distractor-replay,eps-ecmp,1401,0.5,D3,230,0.0303,6,0,1,0-1,3480000,eps,true,0.068865762,true,true,true,true,false,false,false,false,false,large,late-period
cross-community-distractor-replay,eps-ecmp,1401,0.5,D3,231,0.03032,6,1,2,1-2,3480000,eps,true,0.067923024,false,false,false,false,false,false,false,false,false,large,late-period
cross-community-distractor-replay,eps-ecmp,1401,0.5,D3,232,0.03034,6,4,5,4-5,2520000,eps,true,0.050769041,true,true,true,true,false,false,false,false,false,large,late-period
cross-community-distractor-replay,eps-ecmp,1401,0.5,D3,233,0.03036,6,5,6,5-6,1386000,eps,true,0.028016789,false,false,false,false,false,false,false,false,false,large,late-period
cross-community-distractor-replay,eps-ecmp,1401,0.5,D3,234,0.03038,6,2,3,2-3,2520000,eps,true,0.050800616,true,true,true,true,false,false,false,false,false,large,late-period
cross-community-distractor-replay,eps-ecmp,1401,0.5,D3,235,0.0304,6,6,7,6-7,4320000,eps,true,0.055767128,true,true,true,true,false,false,false,false,false,large,late-period
cross-community-distractor-replay,eps-ecmp,1401,0.5,D3,236,0.03042,6,3,4,3-4,1425600,eps,true,0.033724536,false,false,false,false,false,false,false,false,false,large,late-period
cross-community-distractor-replay,eps-ecmp,1401,0.5,D3,237,0.03044,6,0,4,0-4,1392000,eps,true,0.041910653,false,false,false,false,false,false,false,false,false,large,late-period
cross-community-distractor-replay,eps-ecmp,1401,0.5,D3,238,0.03046,6,1,5,1-5,1248000,eps,true,0.037635374,false,false,false,false,false,false,false,false,false,large,late-period
cross-community-distractor-replay,eps-ecmp,1401,0.5,D3,239,0.03048,6,2,6,2-6,1200000,eps,true,0.034806896,false,false,false,false,false,false,false,false,false,large,late-period
cross-community-distractor-replay,eps-ecmp,1401,0.5,D3,240,0.0341,6,0,1,0-1,630000,eps,true,0.021711131,true,true,true,true,false,false,false,false,false,small,late-period
cross-community-distractor-replay,eps-ecmp,1401,0.5,D3,241,0.03412,6,1,2,1-2,630000,eps,true,0.021613623,false,false,false,false,false,false,false,false,false,small,late-period
cross-community-distractor-replay,eps-ecmp,1401,0.5,D3,242,0.03414,6,4,5,4-5,630000,eps,true,0.01764806,true,true,true,true,false,false,false,false,false,small,late-period
cross-community-distractor-replay,eps-ecmp,1401,0.5,D3,243,0.03416,6,5,6,5-6,630000,eps,true,0.013987817,false,false,false,false,false,false,false,false,false,small,late-period
cross-community-distractor-replay,eps-ecmp,1401,0.5,D3,244,0.03418,6,2,3,2-3,630000,eps,true,0.019736168,true,true,true,true,false,false,false,false,false,small,late-period
cross-community-distractor-replay,eps-ecmp,1401,0.5,D3,245,0.0342,6,6,7,6-7,630000,eps,true,0.010204259,true,true,true,true,false,false,false,false,false,small,late-period
cross-community-distractor-replay,eps-ecmp,1401,0.5,D3,246,0.03422,6,3,4,3-4,792000,eps,true,0.021207026,false,false,false,false,false,false,false,false,false,large,late-period
cross-community-distractor-replay,eps-ecmp,1401,0.5,D3,247,0.03424,6,0,4,0-4,348000,eps,true,0.011239695,false,false,false,false,false,false,false,false,false,small,late-period
cross-community-distractor-replay,eps-ecmp,1401,0.5,D3,248,0.03426,6,1,5,1-5,312000,eps,true,0.009781194,false,false,false,false,false,false,false,false,false,small,late-period
cross-community-distractor-replay,eps-ecmp,1401,0.5,D3,249,0.03428,6,2,6,2-6,300000,eps,true,0.008972091,false,false,false,false,false,false,false,false,false,small,late-period
cross-community-distractor-replay,eps-ecmp,1401,0.5,D3,250,0.0343,6,0,1,0-1,630000,eps,true,0.021760622,true,true,true,true,false,false,false,false,false,small,late-period
cross-community-distractor-replay,eps-ecmp,1401,0.5,D3,251,0.03432,6,1,2,1-2,630000,eps,true,0.020853225,false,false,false,false,false,false,false,false,false,small,late-period
cross-community-distractor-replay,eps-ecmp,1401,0.5,D3,252,0.03434,6,4,5,4-5,630000,eps,true,0.017753879,true,true,true,true,false,false,false,false,false,small,late-period
cross-community-distractor-replay,eps-ecmp,1401,0.5,D3,253,0.03436,6,5,6,5-6,630000,eps,true,0.013995891,false,false,false,false,false,false,false,false,false,small,late-period
cross-community-distractor-replay,eps-ecmp,1401,0.5,D3,254,0.03438,6,2,3,2-3,630000,eps,true,0.019819331,true,true,true,true,false,false,false,false,false,small,late-period
cross-community-distractor-replay,eps-ecmp,1401,0.5,D3,255,0.0344,6,6,7,6-7,630000,eps,true,0.01012403,true,true,true,true,false,false,false,false,false,small,late-period
cross-community-distractor-replay,eps-ecmp,1401,0.5,D3,256,0.03442,6,3,4,3-4,792000,eps,true,0.020469895,false,false,false,false,false,false,false,false,false,large,late-period
cross-community-distractor-replay,eps-ecmp,1401,0.5,D3,257,0.03444,6,0,4,0-4,348000,eps,true,0.011376327,false,false,false,false,false,false,false,false,false,small,late-period
cross-community-distractor-replay,eps-ecmp,1401,0.5,D3,258,0.03446,6,1,5,1-5,312000,eps,true,0.009884309,false,false,false,false,false,false,false,false,false,small,late-period
cross-community-distractor-replay,eps-ecmp,1401,0.5,D3,259,0.03448,6,2,6,2-6,300000,eps,true,0.009022189,false,false,false,false,false,false,false,false,false,small,late-period
cross-community-distractor-replay,eps-ecmp,1401,0.5,D3,260,0.0351,7,0,1,0-1,3480000,eps,true,0.065124948,true,true,true,true,false,false,false,false,false,large,late-period
cross-community-distractor-replay,eps-ecmp,1401,0.5,D3,261,0.03512,7,1,2,1-2,3480000,eps,true,0.064179937,false,false,false,false,false,false,false,false,false,large,late-period
cross-community-distractor-replay,eps-ecmp,1401,0.5,D3,262,0.03514,7,4,5,4-5,2520000,eps,true,0.047337593,true,true,true,true,false,false,false,false,false,large,late-period
cross-community-distractor-replay,eps-ecmp,1401,0.5,D3,263,0.03516,7,5,6,5-6,1386000,eps,true,0.025741189,false,false,false,false,false,false,false,false,false,large,late-period
cross-community-distractor-replay,eps-ecmp,1401,0.5,D3,264,0.03518,7,2,3,2-3,2520000,eps,true,0.0471333,true,true,true,true,false,false,false,false,false,large,late-period
cross-community-distractor-replay,eps-ecmp,1401,0.5,D3,265,0.0352,7,6,7,6-7,4320000,eps,true,0.052863416,true,true,true,true,false,false,false,false,false,large,late-period
cross-community-distractor-replay,eps-ecmp,1401,0.5,D3,266,0.03522,7,3,4,3-4,1425600,eps,true,0.031697396,false,false,false,false,false,false,false,false,false,large,late-period
cross-community-distractor-replay,eps-ecmp,1401,0.5,D3,267,0.03524,7,0,4,0-4,1392000,eps,true,0.040792067,false,false,false,false,false,false,false,false,false,large,late-period
cross-community-distractor-replay,eps-ecmp,1401,0.5,D3,268,0.03526,7,1,5,1-5,1248000,eps,true,0.04654984,false,false,false,false,false,false,false,false,false,large,late-period
cross-community-distractor-replay,eps-ecmp,1401,0.5,D3,269,0.03528,7,2,6,2-6,1200000,eps,true,0.033836298,false,false,false,false,false,false,false,false,false,large,late-period
cross-community-distractor-replay,eps-ecmp,1401,0.5,D3,270,0.0353,7,0,1,0-1,3480000,eps,true,0.064949686,true,true,true,true,false,false,false,false,false,large,late-period
cross-community-distractor-replay,eps-ecmp,1401,0.5,D3,271,0.03532,7,1,2,1-2,3480000,eps,true,0.064017382,false,false,false,false,false,false,false,false,false,large,late-period
cross-community-distractor-replay,eps-ecmp,1401,0.5,D3,272,0.03534,7,4,5,4-5,2520000,eps,true,0.047475628,true,true,true,true,false,false,false,false,false,large,late-period
cross-community-distractor-replay,eps-ecmp,1401,0.5,D3,273,0.03536,7,5,6,5-6,1386000,eps,true,0.025612648,false,false,false,false,false,false,false,false,false,large,late-period
cross-community-distractor-replay,eps-ecmp,1401,0.5,D3,274,0.03538,7,2,3,2-3,2520000,eps,true,0.046965696,true,true,true,true,false,false,false,false,false,large,late-period
cross-community-distractor-replay,eps-ecmp,1401,0.5,D3,275,0.0354,7,6,7,6-7,4320000,eps,true,0.052727141,true,true,true,true,false,false,false,false,false,large,late-period
cross-community-distractor-replay,eps-ecmp,1401,0.5,D3,276,0.03542,7,3,4,3-4,1425600,eps,true,0.031571935,false,false,false,false,false,false,false,false,false,large,late-period
cross-community-distractor-replay,eps-ecmp,1401,0.5,D3,277,0.03544,7,0,4,0-4,1392000,eps,true,0.040723273,false,false,false,false,false,false,false,false,false,large,late-period
cross-community-distractor-replay,eps-ecmp,1401,0.5,D3,278,0.03546,7,1,5,1-5,1248000,eps,true,0.036908413,false,false,false,false,false,false,false,false,false,large,late-period
cross-community-distractor-replay,eps-ecmp,1401,0.5,D3,279,0.03548,7,2,6,2-6,1200000,eps,true,0.033765469,false,false,false,false,false,false,false,false,false,large,late-period
cross-community-distractor-replay,eps-ecmp,1401,0.5,D3,280,0.0391,7,0,1,0-1,630000,eps,true,0.022616947,true,true,true,true,false,false,false,false,false,small,late-period
cross-community-distractor-replay,eps-ecmp,1401,0.5,D3,281,0.03912,7,1,2,1-2,630000,eps,true,0.02138621,false,false,false,false,false,false,false,false,false,small,late-period
cross-community-distractor-replay,eps-ecmp,1401,0.5,D3,282,0.03914,7,4,5,4-5,630000,eps,true,0.019037231,true,true,true,true,false,false,false,false,false,small,late-period
cross-community-distractor-replay,eps-ecmp,1401,0.5,D3,283,0.03916,7,5,6,5-6,630000,eps,true,0.014463289,false,false,false,false,false,false,false,false,false,small,late-period
cross-community-distractor-replay,eps-ecmp,1401,0.5,D3,284,0.03918,7,2,3,2-3,630000,eps,true,0.020480991,true,true,true,true,false,false,false,false,false,small,late-period
cross-community-distractor-replay,eps-ecmp,1401,0.5,D3,285,0.0392,7,6,7,6-7,630000,eps,true,0.011532537,true,true,true,true,false,false,false,false,false,small,late-period
cross-community-distractor-replay,eps-ecmp,1401,0.5,D3,286,0.03922,7,3,4,3-4,792000,eps,true,0.020429618,false,false,false,false,false,false,false,false,false,large,late-period
cross-community-distractor-replay,eps-ecmp,1401,0.5,D3,287,0.03924,7,0,4,0-4,348000,eps,true,0.012792236,false,false,false,false,false,false,false,false,false,small,late-period
cross-community-distractor-replay,eps-ecmp,1401,0.5,D3,288,0.03926,7,1,5,1-5,312000,eps,true,0.010781564,false,false,false,false,false,false,false,false,false,small,late-period
cross-community-distractor-replay,eps-ecmp,1401,0.5,D3,289,0.03928,7,2,6,2-6,300000,eps,true,0.009942364,false,false,false,false,false,false,false,false,false,small,late-period
cross-community-distractor-replay,eps-ecmp,1401,0.5,D3,290,0.0393,7,0,1,0-1,630000,eps,true,0.022632798,true,true,true,true,false,false,false,false,false,small,late-period
cross-community-distractor-replay,eps-ecmp,1401,0.5,D3,291,0.03932,7,1,2,1-2,630000,eps,true,0.021377009,false,false,false,false,false,false,false,false,false,small,late-period
cross-community-distractor-replay,eps-ecmp,1401,0.5,D3,292,0.03934,7,4,5,4-5,630000,eps,true,0.019143866,true,true,true,true,false,false,false,false,false,small,late-period
cross-community-distractor-replay,eps-ecmp,1401,0.5,D3,293,0.03936,7,5,6,5-6,630000,eps,true,0.020606993,false,false,false,false,false,false,false,false,false,small,late-period
cross-community-distractor-replay,eps-ecmp,1401,0.5,D3,294,0.03938,7,2,3,2-3,630000,eps,true,0.020484685,true,true,true,true,false,false,false,false,false,small,late-period
cross-community-distractor-replay,eps-ecmp,1401,0.5,D3,295,0.0394,7,6,7,6-7,630000,eps,true,0.011547254,true,true,true,true,false,false,false,false,false,small,late-period
cross-community-distractor-replay,eps-ecmp,1401,0.5,D3,296,0.03942,7,3,4,3-4,792000,eps,true,0.029377548,false,false,false,false,false,false,false,false,false,large,late-period
cross-community-distractor-replay,eps-ecmp,1401,0.5,D3,297,0.03944,7,0,4,0-4,348000,eps,true,0.012843592,false,false,false,false,false,false,false,false,false,small,late-period
cross-community-distractor-replay,eps-ecmp,1401,0.5,D3,298,0.03946,7,1,5,1-5,312000,eps,true,0.010807575,false,false,false,false,false,false,false,false,false,small,late-period
cross-community-distractor-replay,eps-ecmp,1401,0.5,D3,299,0.03948,7,2,6,2-6,300000,eps,true,0.010035688,false,false,false,false,false,false,false,false,false,small,late-period
cross-community-distractor-replay,eps-ecmp,1401,0.5,D3,300,0.0401,8,0,1,0-1,3480000,eps,true,0.060887528,true,true,true,true,false,false,false,false,false,large,late-period
cross-community-distractor-replay,eps-ecmp,1401,0.5,D3,301,0.04012,8,1,2,1-2,3480000,eps,true,0.059813284,false,false,false,false,false,false,false,false,false,large,late-period
cross-community-distractor-replay,eps-ecmp,1401,0.5,D3,302,0.04014,8,4,5,4-5,2520000,eps,true,0.043210313,true,true,true,true,false,false,false,false,false,large,late-period
cross-community-distractor-replay,eps-ecmp,1401,0.5,D3,303,0.04016,8,5,6,5-6,1386000,eps,true,0.022035423,false,false,false,false,false,false,false,false,false,large,late-period
cross-community-distractor-replay,eps-ecmp,1401,0.5,D3,304,0.04018,8,2,3,2-3,2520000,eps,true,0.042807844,true,true,true,true,false,false,false,false,false,large,late-period
cross-community-distractor-replay,eps-ecmp,1401,0.5,D3,305,0.0402,8,6,7,6-7,4320000,eps,true,0.049104746,true,true,true,true,false,false,false,false,false,large,late-period
cross-community-distractor-replay,eps-ecmp,1401,0.5,D3,306,0.04022,8,3,4,3-4,1425600,eps,true,0.028167346,false,false,false,false,false,false,false,false,false,large,late-period
cross-community-distractor-replay,eps-ecmp,1401,0.5,D3,307,0.04024,8,0,4,0-4,1392000,eps,true,0.038795159,false,false,false,false,false,false,false,false,false,large,late-period
cross-community-distractor-replay,eps-ecmp,1401,0.5,D3,308,0.04026,8,1,5,1-5,1248000,eps,true,0.035174628,false,false,false,false,false,false,false,false,false,large,late-period
cross-community-distractor-replay,eps-ecmp,1401,0.5,D3,309,0.04028,8,2,6,2-6,1200000,eps,true,0.031791417,false,false,false,false,false,false,false,false,false,large,late-period
cross-community-distractor-replay,eps-ecmp,1401,0.5,D3,310,0.0403,8,0,1,0-1,3480000,eps,true,0.060550754,true,true,true,true,false,false,false,false,false,large,late-period
cross-community-distractor-replay,eps-ecmp,1401,0.5,D3,311,0.04032,8,1,2,1-2,3480000,eps,true,0.059627449,false,false,false,false,false,false,false,false,false,large,late-period
cross-community-distractor-replay,eps-ecmp,1401,0.5,D3,312,0.04034,8,4,5,4-5,2520000,eps,true,0.042966163,true,true,true,true,false,false,false,false,false,large,late-period
cross-community-distractor-replay,eps-ecmp,1401,0.5,D3,313,0.04036,8,5,6,5-6,1386000,eps,true,0.021866115,false,false,false,false,false,false,false,false,false,large,late-period
cross-community-distractor-replay,eps-ecmp,1401,0.5,D3,314,0.04038,8,2,3,2-3,2520000,eps,true,0.042627066,true,true,true,true,false,false,false,false,false,large,late-period
cross-community-distractor-replay,eps-ecmp,1401,0.5,D3,315,0.0404,8,6,7,6-7,4320000,eps,true,0.048934911,true,true,true,true,false,false,false,false,false,large,late-period
cross-community-distractor-replay,eps-ecmp,1401,0.5,D3,316,0.04042,8,3,4,3-4,1425600,eps,true,0.028009186,false,false,false,false,false,false,false,false,false,large,late-period
cross-community-distractor-replay,eps-ecmp,1401,0.5,D3,317,0.04044,8,0,4,0-4,1392000,eps,true,0.038730399,false,false,false,false,false,false,false,false,false,large,late-period
cross-community-distractor-replay,eps-ecmp,1401,0.5,D3,318,0.04046,8,1,5,1-5,1248000,eps,true,0.035087161,false,false,false,false,false,false,false,false,false,large,late-period
cross-community-distractor-replay,eps-ecmp,1401,0.5,D3,319,0.04048,8,2,6,2-6,1200000,eps,true,0.031698257,false,false,false,false,false,false,false,false,false,large,late-period
cross-community-distractor-replay,eps-ecmp,1401,0.5,D3,320,0.0441,8,0,1,0-1,630000,eps,true,0.021769577,true,true,true,true,false,false,false,false,false,small,late-period
cross-community-distractor-replay,eps-ecmp,1401,0.5,D3,321,0.04412,8,1,2,1-2,630000,eps,true,0.020545345,false,false,false,false,false,false,false,false,false,small,late-period
cross-community-distractor-replay,eps-ecmp,1401,0.5,D3,322,0.04414,8,4,5,4-5,630000,eps,true,0.028391928,true,true,true,true,false,false,false,false,false,small,late-period
cross-community-distractor-replay,eps-ecmp,1401,0.5,D3,323,0.04416,8,5,6,5-6,630000,eps,true,0.013442482,false,false,false,false,false,false,false,false,false,small,late-period
cross-community-distractor-replay,eps-ecmp,1401,0.5,D3,324,0.04418,8,2,3,2-3,630000,eps,true,0.019697825,true,true,true,true,false,false,false,false,false,small,late-period
cross-community-distractor-replay,eps-ecmp,1401,0.5,D3,325,0.0442,8,6,7,6-7,630000,eps,true,0.012195126,true,true,true,true,false,false,false,false,false,small,late-period
cross-community-distractor-replay,eps-ecmp,1401,0.5,D3,326,0.04422,8,3,4,3-4,792000,eps,true,0.019484292,false,false,false,false,false,false,false,false,false,large,late-period
cross-community-distractor-replay,eps-ecmp,1401,0.5,D3,327,0.04424,8,0,4,0-4,348000,eps,true,0.023490513,false,false,false,false,false,false,false,false,false,small,late-period
cross-community-distractor-replay,eps-ecmp,1401,0.5,D3,328,0.04426,8,1,5,1-5,312000,eps,true,0.020335752,false,false,false,false,false,false,false,false,false,small,late-period
cross-community-distractor-replay,eps-ecmp,1401,0.5,D3,329,0.04428,8,2,6,2-6,300000,eps,true,0.010757032,false,false,false,false,false,false,false,false,false,small,late-period
cross-community-distractor-replay,eps-ecmp,1401,0.5,D3,330,0.0443,8,0,1,0-1,630000,eps,true,0.021711337,true,true,true,true,false,false,false,false,false,small,late-period
cross-community-distractor-replay,eps-ecmp,1401,0.5,D3,331,0.04432,8,1,2,1-2,630000,eps,true,0.027556036,false,false,false,false,false,false,false,false,false,small,late-period
cross-community-distractor-replay,eps-ecmp,1401,0.5,D3,332,0.04434,8,4,5,4-5,630000,eps,true,0.018569598,true,true,true,true,false,false,false,false,false,small,late-period
cross-community-distractor-replay,eps-ecmp,1401,0.5,D3,333,0.04436,8,5,6,5-6,630000,eps,true,0.013385886,false,false,false,false,false,false,false,false,false,small,late-period
cross-community-distractor-replay,eps-ecmp,1401,0.5,D3,334,0.04438,8,2,3,2-3,630000,eps,true,0.020239632,true,true,true,true,false,false,false,false,false,small,late-period
cross-community-distractor-replay,eps-ecmp,1401,0.5,D3,335,0.0444,8,6,7,6-7,630000,eps,true,0.012299483,true,true,true,true,false,false,false,false,false,small,late-period
cross-community-distractor-replay,eps-ecmp,1401,0.5,D3,336,0.04442,8,3,4,3-4,792000,eps,true,0.019392908,false,false,false,false,false,false,false,false,false,large,late-period
cross-community-distractor-replay,eps-ecmp,1401,0.5,D3,337,0.04444,8,0,4,0-4,348000,eps,true,0.013248654,false,false,false,false,false,false,false,false,false,small,late-period
cross-community-distractor-replay,eps-ecmp,1401,0.5,D3,338,0.04446,8,1,5,1-5,312000,eps,true,0.011281284,false,false,false,false,false,false,false,false,false,small,late-period
cross-community-distractor-replay,eps-ecmp,1401,0.5,D3,339,0.04448,8,2,6,2-6,300000,eps,true,0.010750356,false,false,false,false,false,false,false,false,false,small,late-period
cross-community-distractor-replay,eps-ecmp,1401,0.5,D3,340,0.0451,9,0,1,0-1,3480000,eps,true,0.056043767,true,true,true,true,false,false,false,false,false,large,late-period
cross-community-distractor-replay,eps-ecmp,1401,0.5,D3,341,0.04512,9,1,2,1-2,3480000,eps,true,0.055104627,false,false,false,false,false,false,false,false,false,large,late-period
cross-community-distractor-replay,eps-ecmp,1401,0.5,D3,342,0.04514,9,4,5,4-5,2520000,eps,true,0.038476389,true,true,true,true,false,false,false,false,false,large,late-period
cross-community-distractor-replay,eps-ecmp,1401,0.5,D3,343,0.04516,9,5,6,5-6,1386000,eps,true,0.017850662,false,false,false,false,false,false,false,false,false,large,late-period
cross-community-distractor-replay,eps-ecmp,1401,0.5,D3,344,0.04518,9,2,3,2-3,2520000,eps,true,0.038119301,true,true,true,true,false,false,false,false,false,large,late-period
cross-community-distractor-replay,eps-ecmp,1401,0.5,D3,345,0.0452,9,6,7,6-7,4320000,eps,true,0.04464168,true,true,true,true,false,false,false,false,false,large,late-period
cross-community-distractor-replay,eps-ecmp,1401,0.5,D3,346,0.04522,9,3,4,3-4,1425600,eps,true,0.023856224,false,false,false,false,false,false,false,false,false,large,late-period
cross-community-distractor-replay,eps-ecmp,1401,0.5,D3,347,0.04524,9,0,4,0-4,1392000,eps,true,0.036085905,false,false,false,false,false,false,false,false,false,large,late-period
cross-community-distractor-replay,eps-ecmp,1401,0.5,D3,348,0.04526,9,1,5,1-5,1248000,eps,true,0.03286937,false,false,false,false,false,false,false,false,false,large,late-period
cross-community-distractor-replay,eps-ecmp,1401,0.5,D3,349,0.04528,9,2,6,2-6,1200000,eps,true,0.028906973,false,false,false,false,false,false,false,false,false,large,late-period
cross-community-distractor-replay,eps-ecmp,1401,0.5,D3,350,0.0453,9,0,1,0-1,3480000,eps,true,0.055847793,true,true,true,true,false,false,false,false,false,large,late-period
cross-community-distractor-replay,eps-ecmp,1401,0.5,D3,351,0.04532,9,1,2,1-2,3480000,eps,true,0.054910723,false,false,false,false,false,false,false,false,false,large,late-period
cross-community-distractor-replay,eps-ecmp,1401,0.5,D3,352,0.04534,9,4,5,4-5,2520000,eps,true,0.038282307,true,true,true,true,false,false,false,false,false,large,late-period
cross-community-distractor-replay,eps-ecmp,1401,0.5,D3,353,0.04536,9,5,6,5-6,1386000,eps,true,0.017612567,false,false,false,false,false,false,false,false,false,large,late-period
cross-community-distractor-replay,eps-ecmp,1401,0.5,D3,354,0.04538,9,2,3,2-3,2520000,eps,true,0.037944788,true,true,true,true,false,false,false,false,false,large,late-period
cross-community-distractor-replay,eps-ecmp,1401,0.5,D3,355,0.0454,9,6,7,6-7,4320000,eps,true,0.044456877,true,true,true,true,false,false,false,false,false,large,late-period
cross-community-distractor-replay,eps-ecmp,1401,0.5,D3,356,0.04542,9,3,4,3-4,1425600,eps,true,0.023663949,false,false,false,false,false,false,false,false,false,large,late-period
cross-community-distractor-replay,eps-ecmp,1401,0.5,D3,357,0.04544,9,0,4,0-4,1392000,eps,true,0.035981765,false,false,false,false,false,false,false,false,false,large,late-period
cross-community-distractor-replay,eps-ecmp,1401,0.5,D3,358,0.04546,9,1,5,1-5,1248000,eps,true,0.032758775,false,false,false,false,false,false,false,false,false,large,late-period
cross-community-distractor-replay,eps-ecmp,1401,0.5,D3,359,0.04548,9,2,6,2-6,1200000,eps,true,0.02877482,false,false,false,false,false,false,false,false,false,large,late-period
cross-community-distractor-replay,eps-ecmp,1401,0.5,D3,360,0.0491,9,0,1,0-1,630000,eps,true,0.020011133,true,true,true,true,false,false,false,false,false,small,late-period
cross-community-distractor-replay,eps-ecmp,1401,0.5,D3,361,0.04912,9,1,2,1-2,630000,eps,true,0.022435412,false,false,false,false,false,false,false,false,false,small,late-period
cross-community-distractor-replay,eps-ecmp,1401,0.5,D3,362,0.04914,9,4,5,4-5,630000,eps,true,0.017210049,true,true,true,true,false,false,false,false,false,small,late-period
cross-community-distractor-replay,eps-ecmp,1401,0.5,D3,363,0.04916,9,5,6,5-6,630000,eps,true,0.037774179,false,false,false,false,false,false,false,false,false,small,late-period
cross-community-distractor-replay,eps-ecmp,1401,0.5,D3,364,0.04918,9,2,3,2-3,630000,eps,true,0.017738163,true,true,true,true,false,false,false,false,false,small,late-period
cross-community-distractor-replay,eps-ecmp,1401,0.5,D3,365,0.0492,9,6,7,6-7,630000,eps,true,0.011601533,true,true,true,true,false,false,false,false,false,small,late-period
cross-community-distractor-replay,eps-ecmp,1401,0.5,D3,366,0.04922,9,3,4,3-4,792000,eps,true,0.016900252,false,false,false,false,false,false,false,false,false,large,late-period
cross-community-distractor-replay,eps-ecmp,1401,0.5,D3,367,0.04924,9,0,4,0-4,348000,eps,true,0.012748329,false,false,false,false,false,false,false,false,false,small,late-period
cross-community-distractor-replay,eps-ecmp,1401,0.5,D3,368,0.04926,9,1,5,1-5,312000,eps,true,0.010856124,false,false,false,false,false,false,false,false,false,small,late-period
cross-community-distractor-replay,eps-ecmp,1401,0.5,D3,369,0.04928,9,2,6,2-6,300000,eps,true,0.010223339,false,false,false,false,false,false,false,false,false,small,late-period
cross-community-distractor-replay,eps-ecmp,1401,0.5,D3,370,0.0493,9,0,1,0-1,630000,eps,true,0.019927366,true,true,true,true,false,false,false,false,false,small,late-period
cross-community-distractor-replay,eps-ecmp,1401,0.5,D3,371,0.04932,9,1,2,1-2,630000,eps,true,0.018967851,false,false,false,false,false,false,false,false,false,small,late-period
cross-community-distractor-replay,eps-ecmp,1401,0.5,D3,372,0.04934,9,4,5,4-5,630000,eps,true,0.017124004,true,true,true,true,false,false,false,false,false,small,late-period
cross-community-distractor-replay,eps-ecmp,1401,0.5,D3,373,0.04936,9,5,6,5-6,630000,eps,true,0.010814255,false,false,false,false,false,false,false,false,false,small,late-period
cross-community-distractor-replay,eps-ecmp,1401,0.5,D3,374,0.04938,9,2,3,2-3,630000,eps,true,0.017675555,true,true,true,true,false,false,false,false,false,small,late-period
cross-community-distractor-replay,eps-ecmp,1401,0.5,D3,375,0.0494,9,6,7,6-7,630000,eps,true,0.011555681,true,true,true,true,false,false,false,false,false,small,late-period
cross-community-distractor-replay,eps-ecmp,1401,0.5,D3,376,0.04942,9,3,4,3-4,792000,eps,true,0.016779602,false,false,false,false,false,false,false,false,false,large,late-period
cross-community-distractor-replay,eps-ecmp,1401,0.5,D3,377,0.04944,9,0,4,0-4,348000,eps,true,0.012657048,false,false,false,false,false,false,false,false,false,small,late-period
cross-community-distractor-replay,eps-ecmp,1401,0.5,D3,378,0.04946,9,1,5,1-5,312000,eps,true,0.010815624,false,false,false,false,false,false,false,false,false,small,late-period
cross-community-distractor-replay,eps-ecmp,1401,0.5,D3,379,0.04948,9,2,6,2-6,300000,eps,true,0.010196966,false,false,false,false,false,false,false,false,false,small,late-period
cross-community-distractor-replay,ocs-volume,1401,0.5,D3,0,0.0041,0,0,1,0-1,630000,eps,true,0.004247449,false,false,true,false,false,false,true,false,false,small,before-first-schedule
cross-community-distractor-replay,ocs-volume,1401,0.5,D3,1,0.00412,0,1,2,1-2,630000,eps,true,0.003971822,false,false,false,false,false,false,false,false,false,small,before-first-schedule
cross-community-distractor-replay,ocs-volume,1401,0.5,D3,2,0.00414,0,4,5,4-5,630000,eps,true,0.004293649,false,false,true,false,false,false,true,false,false,small,before-first-schedule
cross-community-distractor-replay,ocs-volume,1401,0.5,D3,3,0.00416,0,5,6,5-6,630000,eps,true,0.004257703,false,false,false,false,false,false,false,false,false,small,before-first-schedule
cross-community-distractor-replay,ocs-volume,1401,0.5,D3,4,0.00418,0,2,3,2-3,630000,eps,true,0.004231802,false,false,true,false,false,false,true,false,false,small,before-first-schedule
cross-community-distractor-replay,ocs-volume,1401,0.5,D3,5,0.0042,0,6,7,6-7,630000,eps,true,0.004178754,false,false,true,false,false,false,true,false,false,small,before-first-schedule
cross-community-distractor-replay,ocs-volume,1401,0.5,D3,6,0.00422,0,3,4,3-4,792000,eps,true,0.004942437,false,false,false,false,false,false,false,false,false,large,before-first-schedule
cross-community-distractor-replay,ocs-volume,1401,0.5,D3,7,0.00424,0,0,4,0-4,348000,eps,true,0.003099959,false,false,false,false,false,false,false,false,false,small,before-first-schedule
cross-community-distractor-replay,ocs-volume,1401,0.5,D3,8,0.00426,0,1,5,1-5,312000,eps,true,0.002907235,false,false,false,false,false,false,false,false,false,small,before-first-schedule
cross-community-distractor-replay,ocs-volume,1401,0.5,D3,9,0.00428,0,2,6,2-6,300000,eps,true,0.002801986,false,false,false,false,false,false,false,false,false,small,before-first-schedule
cross-community-distractor-replay,ocs-volume,1401,0.5,D3,10,0.0043,0,0,1,0-1,630000,eps,true,0.004231408,false,false,true,false,false,false,true,false,false,small,before-first-schedule
cross-community-distractor-replay,ocs-volume,1401,0.5,D3,11,0.00432,0,1,2,1-2,630000,eps,true,0.003985084,false,false,false,false,false,false,false,false,false,small,before-first-schedule
cross-community-distractor-replay,ocs-volume,1401,0.5,D3,12,0.00434,0,4,5,4-5,630000,eps,true,0.004315079,false,false,true,false,false,false,true,false,false,small,before-first-schedule
cross-community-distractor-replay,ocs-volume,1401,0.5,D3,13,0.00436,0,5,6,5-6,630000,eps,true,0.004246556,false,false,false,false,false,false,false,false,false,small,before-first-schedule
cross-community-distractor-replay,ocs-volume,1401,0.5,D3,14,0.00438,0,2,3,2-3,630000,eps,true,0.004220285,false,false,true,false,false,false,true,false,false,small,before-first-schedule
cross-community-distractor-replay,ocs-volume,1401,0.5,D3,15,0.0044,0,6,7,6-7,630000,eps,true,0.004213351,false,false,true,false,false,false,true,false,false,small,before-first-schedule
cross-community-distractor-replay,ocs-volume,1401,0.5,D3,16,0.00442,0,3,4,3-4,792000,eps,true,0.004971564,false,false,false,false,false,false,false,false,false,large,before-first-schedule
cross-community-distractor-replay,ocs-volume,1401,0.5,D3,17,0.00444,0,0,4,0-4,348000,eps,true,0.00310815,false,false,false,false,false,false,false,false,false,small,before-first-schedule
cross-community-distractor-replay,ocs-volume,1401,0.5,D3,18,0.00446,0,1,5,1-5,312000,eps,true,0.002904798,false,false,false,false,false,false,false,false,false,small,before-first-schedule
cross-community-distractor-replay,ocs-volume,1401,0.5,D3,19,0.00448,0,2,6,2-6,300000,eps,true,0.002794826,false,false,false,false,false,false,false,false,false,small,before-first-schedule
cross-community-distractor-replay,ocs-volume,1401,0.5,D3,20,0.0051,1,0,1,0-1,3480000,eps,true,0.024035632,true,false,true,false,true,false,false,false,false,large,early-period
cross-community-distractor-replay,ocs-volume,1401,0.5,D3,21,0.00512,1,1,2,1-2,3480000,ocs,true,0.006605125,false,true,false,false,false,true,false,false,true,large,early-period
cross-community-distractor-replay,ocs-volume,1401,0.5,D3,22,0.00514,1,4,5,4-5,2520000,ocs,true,0.005890076,true,true,true,true,false,false,false,false,true,large,early-period
cross-community-distractor-replay,ocs-volume,1401,0.5,D3,23,0.00516,1,5,6,5-6,1386000,eps,true,0.009744901,false,false,false,false,false,false,false,false,false,large,early-period
cross-community-distractor-replay,ocs-volume,1401,0.5,D3,24,0.00518,1,2,3,2-3,2520000,eps,true,0.019274602,true,false,true,false,true,false,false,false,false,large,early-period
cross-community-distractor-replay,ocs-volume,1401,0.5,D3,25,0.0052,1,6,7,6-7,4320000,ocs,true,0.00707056,true,true,true,true,false,false,false,false,true,large,early-period
cross-community-distractor-replay,ocs-volume,1401,0.5,D3,26,0.00522,1,3,4,3-4,1425600,eps,true,0.010635945,false,false,false,false,false,false,false,false,false,large,early-period
cross-community-distractor-replay,ocs-volume,1401,0.5,D3,27,0.00524,1,0,4,0-4,1392000,eps,true,0.011352814,false,false,false,false,false,false,false,false,false,large,early-period
cross-community-distractor-replay,ocs-volume,1401,0.5,D3,28,0.00526,1,1,5,1-5,1248000,eps,true,0.0057544,false,false,false,false,false,false,false,false,false,large,early-period
cross-community-distractor-replay,ocs-volume,1401,0.5,D3,29,0.00528,1,2,6,2-6,1200000,eps,true,0.009057845,false,false,false,false,false,false,false,false,false,large,early-period
cross-community-distractor-replay,ocs-volume,1401,0.5,D3,30,0.0053,1,0,1,0-1,3480000,eps,true,0.024236023,true,false,true,false,true,false,false,false,false,large,early-period
cross-community-distractor-replay,ocs-volume,1401,0.5,D3,31,0.00532,1,1,2,1-2,3480000,ocs,true,0.006412193,false,true,false,false,false,true,false,false,true,large,early-period
cross-community-distractor-replay,ocs-volume,1401,0.5,D3,32,0.00534,1,4,5,4-5,2520000,ocs,true,0.006090963,true,true,true,true,false,false,false,false,true,large,early-period
cross-community-distractor-replay,ocs-volume,1401,0.5,D3,33,0.00536,1,5,6,5-6,1386000,eps,true,0.010068069,false,false,false,false,false,false,false,false,false,large,early-period
cross-community-distractor-replay,ocs-volume,1401,0.5,D3,34,0.00538,1,2,3,2-3,2520000,eps,true,0.019467945,true,false,true,false,true,false,false,false,false,large,early-period
cross-community-distractor-replay,ocs-volume,1401,0.5,D3,35,0.0054,1,6,7,6-7,4320000,ocs,true,0.007134332,true,true,true,true,false,false,false,false,true,large,early-period
cross-community-distractor-replay,ocs-volume,1401,0.5,D3,36,0.00542,1,3,4,3-4,1425600,eps,true,0.011230644,false,false,false,false,false,false,false,false,false,large,early-period
cross-community-distractor-replay,ocs-volume,1401,0.5,D3,37,0.00544,1,0,4,0-4,1392000,eps,true,0.012046811,false,false,false,false,false,false,false,false,false,large,early-period
cross-community-distractor-replay,ocs-volume,1401,0.5,D3,38,0.00546,1,1,5,1-5,1248000,eps,true,0.005727159,false,false,false,false,false,false,false,false,false,large,early-period
cross-community-distractor-replay,ocs-volume,1401,0.5,D3,39,0.00548,1,2,6,2-6,1200000,eps,true,0.009444169,false,false,false,false,false,false,false,false,false,large,early-period
cross-community-distractor-replay,ocs-volume,1401,0.5,D3,40,0.0091,1,0,1,0-1,630000,eps,true,0.007040502,true,false,true,false,true,false,false,false,false,small,early-period
cross-community-distractor-replay,ocs-volume,1401,0.5,D3,41,0.00912,1,1,2,1-2,630000,ocs,true,0.003906628,false,true,false,false,false,true,false,false,true,small,early-period
cross-community-distractor-replay,ocs-volume,1401,0.5,D3,42,0.00914,1,4,5,4-5,630000,ocs,true,0.003883849,true,true,true,true,false,false,false,false,true,small,early-period
cross-community-distractor-replay,ocs-volume,1401,0.5,D3,43,0.00916,1,5,6,5-6,630000,eps,true,0.006673579,false,false,false,false,false,false,false,false,false,small,early-period
cross-community-distractor-replay,ocs-volume,1401,0.5,D3,44,0.00918,1,2,3,2-3,630000,eps,true,0.006768613,true,false,true,false,true,false,false,false,false,small,early-period
cross-community-distractor-replay,ocs-volume,1401,0.5,D3,45,0.0092,1,6,7,6-7,630000,ocs,true,0.003954099,true,true,true,true,false,false,false,false,true,small,early-period
cross-community-distractor-replay,ocs-volume,1401,0.5,D3,46,0.00922,1,3,4,3-4,792000,eps,true,0.009365668,false,false,false,false,false,false,false,false,false,large,early-period
cross-community-distractor-replay,ocs-volume,1401,0.5,D3,47,0.00924,1,0,4,0-4,348000,eps,true,0.00644376,false,false,false,false,false,false,false,false,false,small,early-period
cross-community-distractor-replay,ocs-volume,1401,0.5,D3,48,0.00926,1,1,5,1-5,312000,eps,true,0.002978781,false,false,false,false,false,false,false,false,false,small,early-period
cross-community-distractor-replay,ocs-volume,1401,0.5,D3,49,0.00928,1,2,6,2-6,300000,eps,true,0.004552123,false,false,false,false,false,false,false,false,false,small,early-period
cross-community-distractor-replay,ocs-volume,1401,0.5,D3,50,0.0093,1,0,1,0-1,630000,eps,true,0.007166702,true,false,true,false,true,false,false,false,false,small,early-period
cross-community-distractor-replay,ocs-volume,1401,0.5,D3,51,0.00932,1,1,2,1-2,630000,ocs,true,0.003956917,false,true,false,false,false,true,false,false,true,small,early-period
cross-community-distractor-replay,ocs-volume,1401,0.5,D3,52,0.00934,1,4,5,4-5,630000,ocs,true,0.003946623,true,true,true,true,false,false,false,false,true,small,early-period
cross-community-distractor-replay,ocs-volume,1401,0.5,D3,53,0.00936,1,5,6,5-6,630000,eps,true,0.006627927,false,false,false,false,false,false,false,false,false,small,early-period
cross-community-distractor-replay,ocs-volume,1401,0.5,D3,54,0.00938,1,2,3,2-3,630000,eps,true,0.006840422,true,false,true,false,true,false,false,false,false,small,early-period
cross-community-distractor-replay,ocs-volume,1401,0.5,D3,55,0.0094,1,6,7,6-7,630000,ocs,true,0.004019722,true,true,true,true,false,false,false,false,true,small,early-period
cross-community-distractor-replay,ocs-volume,1401,0.5,D3,56,0.00942,1,3,4,3-4,792000,eps,true,0.00949862,false,false,false,false,false,false,false,false,false,large,early-period
cross-community-distractor-replay,ocs-volume,1401,0.5,D3,57,0.00944,1,0,4,0-4,348000,eps,true,0.005254623,false,false,false,false,false,false,false,false,false,small,early-period
cross-community-distractor-replay,ocs-volume,1401,0.5,D3,58,0.00946,1,1,5,1-5,312000,eps,true,0.002953292,false,false,false,false,false,false,false,false,false,small,early-period
cross-community-distractor-replay,ocs-volume,1401,0.5,D3,59,0.00948,1,2,6,2-6,300000,eps,true,0.004663655,false,false,false,false,false,false,false,false,false,small,early-period
cross-community-distractor-replay,ocs-volume,1401,0.5,D3,60,0.0101,2,0,1,0-1,3480000,eps,true,0.022979873,true,false,true,false,true,false,false,false,false,large,early-period
cross-community-distractor-replay,ocs-volume,1401,0.5,D3,61,0.01012,2,1,2,1-2,3480000,ocs,true,0.008346263,false,true,false,false,false,true,false,false,true,large,early-period
cross-community-distractor-replay,ocs-volume,1401,0.5,D3,62,0.01014,2,4,5,4-5,2520000,ocs,true,0.007345867,true,true,true,true,false,false,false,false,true,large,early-period
cross-community-distractor-replay,ocs-volume,1401,0.5,D3,63,0.01016,2,5,6,5-6,1386000,eps,true,0.016387984,false,false,false,false,false,false,false,false,false,large,early-period
cross-community-distractor-replay,ocs-volume,1401,0.5,D3,64,0.01018,2,2,3,2-3,2520000,eps,true,0.017437218,true,false,true,false,true,false,false,false,false,large,early-period
cross-community-distractor-replay,ocs-volume,1401,0.5,D3,65,0.0102,2,6,7,6-7,4320000,ocs,true,0.009180345,true,true,true,true,false,false,false,false,true,large,early-period
cross-community-distractor-replay,ocs-volume,1401,0.5,D3,66,0.01022,2,3,4,3-4,1425600,eps,true,0.021216368,false,false,false,false,false,false,false,false,false,large,early-period
cross-community-distractor-replay,ocs-volume,1401,0.5,D3,67,0.01024,2,0,4,0-4,1392000,eps,true,0.025871464,false,false,false,false,false,false,false,false,false,large,early-period
cross-community-distractor-replay,ocs-volume,1401,0.5,D3,68,0.01026,2,1,5,1-5,1248000,eps,true,0.00585777,false,false,false,false,false,false,false,false,false,large,early-period
cross-community-distractor-replay,ocs-volume,1401,0.5,D3,69,0.01028,2,2,6,2-6,1200000,eps,true,0.016277474,false,false,false,false,false,false,false,false,false,large,early-period
cross-community-distractor-replay,ocs-volume,1401,0.5,D3,70,0.0103,2,0,1,0-1,3480000,eps,true,0.0228172,true,false,true,false,true,false,false,false,false,large,early-period
cross-community-distractor-replay,ocs-volume,1401,0.5,D3,71,0.01032,2,1,2,1-2,3480000,ocs,true,0.008261565,false,true,false,false,false,true,false,false,true,large,early-period
cross-community-distractor-replay,ocs-volume,1401,0.5,D3,72,0.01034,2,4,5,4-5,2520000,ocs,true,0.007427736,true,true,true,true,false,false,false,false,true,large,early-period
cross-community-distractor-replay,ocs-volume,1401,0.5,D3,73,0.01036,2,5,6,5-6,1386000,eps,true,0.016370691,false,false,false,false,false,false,false,false,false,large,early-period
cross-community-distractor-replay,ocs-volume,1401,0.5,D3,74,0.01038,2,2,3,2-3,2520000,eps,true,0.017270642,true,false,true,false,true,false,false,false,false,large,early-period
cross-community-distractor-replay,ocs-volume,1401,0.5,D3,75,0.0104,2,6,7,6-7,4320000,ocs,true,0.009101211,true,true,true,true,false,false,false,false,true,large,early-period
cross-community-distractor-replay,ocs-volume,1401,0.5,D3,76,0.01042,2,3,4,3-4,1425600,eps,true,0.022313774,false,false,false,false,false,false,false,false,false,large,early-period
cross-community-distractor-replay,ocs-volume,1401,0.5,D3,77,0.01044,2,0,4,0-4,1392000,eps,true,0.023496402,false,false,false,false,false,false,false,false,false,large,early-period
cross-community-distractor-replay,ocs-volume,1401,0.5,D3,78,0.01046,2,1,5,1-5,1248000,eps,true,0.005828521,false,false,false,false,false,false,false,false,false,large,early-period
cross-community-distractor-replay,ocs-volume,1401,0.5,D3,79,0.01048,2,2,6,2-6,1200000,eps,true,0.016484802,false,false,false,false,false,false,false,false,false,large,early-period
cross-community-distractor-replay,ocs-volume,1401,0.5,D3,80,0.0141,2,0,1,0-1,630000,eps,true,0.007240196,true,false,true,false,true,false,false,false,false,small,early-period
cross-community-distractor-replay,ocs-volume,1401,0.5,D3,81,0.01412,2,1,2,1-2,630000,ocs,true,0.004044667,false,true,false,false,false,true,false,false,true,small,early-period
cross-community-distractor-replay,ocs-volume,1401,0.5,D3,82,0.01414,2,4,5,4-5,630000,ocs,true,0.004405156,true,true,true,true,false,false,false,false,true,small,early-period
cross-community-distractor-replay,ocs-volume,1401,0.5,D3,83,0.01416,2,5,6,5-6,630000,eps,true,0.00825485,false,false,false,false,false,false,false,false,false,small,early-period
cross-community-distractor-replay,ocs-volume,1401,0.5,D3,84,0.01418,2,2,3,2-3,630000,eps,true,0.007286251,true,false,true,false,true,false,false,false,false,small,early-period
cross-community-distractor-replay,ocs-volume,1401,0.5,D3,85,0.0142,2,6,7,6-7,630000,ocs,true,0.004073664,true,true,true,true,false,false,false,false,true,small,early-period
cross-community-distractor-replay,ocs-volume,1401,0.5,D3,86,0.01422,2,3,4,3-4,792000,eps,true,0.012013069,false,false,false,false,false,false,false,false,false,large,early-period
cross-community-distractor-replay,ocs-volume,1401,0.5,D3,87,0.01424,2,0,4,0-4,348000,eps,true,0.005556056,false,false,false,false,false,false,false,false,false,small,early-period
cross-community-distractor-replay,ocs-volume,1401,0.5,D3,88,0.01426,2,1,5,1-5,312000,eps,true,0.003044552,false,false,false,false,false,false,false,false,false,small,early-period
cross-community-distractor-replay,ocs-volume,1401,0.5,D3,89,0.01428,2,2,6,2-6,300000,eps,true,0.004920725,false,false,false,false,false,false,false,false,false,small,early-period
cross-community-distractor-replay,ocs-volume,1401,0.5,D3,90,0.0143,2,0,1,0-1,630000,eps,true,0.007217956,true,false,true,false,true,false,false,false,false,small,early-period
cross-community-distractor-replay,ocs-volume,1401,0.5,D3,91,0.01432,2,1,2,1-2,630000,ocs,true,0.004102999,false,true,false,false,false,true,false,false,true,small,early-period
cross-community-distractor-replay,ocs-volume,1401,0.5,D3,92,0.01434,2,4,5,4-5,630000,ocs,true,0.019249484,true,true,true,true,false,false,false,false,true,small,early-period
cross-community-distractor-replay,ocs-volume,1401,0.5,D3,93,0.01436,2,5,6,5-6,630000,eps,true,0.008353085,false,false,false,false,false,false,false,false,false,small,early-period
cross-community-distractor-replay,ocs-volume,1401,0.5,D3,94,0.01438,2,2,3,2-3,630000,eps,true,0.007189097,true,false,true,false,true,false,false,false,false,small,early-period
cross-community-distractor-replay,ocs-volume,1401,0.5,D3,95,0.0144,2,6,7,6-7,630000,ocs,true,0.004147033,true,true,true,true,false,false,false,false,true,small,early-period
cross-community-distractor-replay,ocs-volume,1401,0.5,D3,96,0.01442,2,3,4,3-4,792000,eps,true,0.012076126,false,false,false,false,false,false,false,false,false,large,early-period
cross-community-distractor-replay,ocs-volume,1401,0.5,D3,97,0.01444,2,0,4,0-4,348000,eps,true,0.005625526,false,false,false,false,false,false,false,false,false,small,early-period
cross-community-distractor-replay,ocs-volume,1401,0.5,D3,98,0.01446,2,1,5,1-5,312000,eps,true,0.003020267,false,false,false,false,false,false,false,false,false,small,early-period
cross-community-distractor-replay,ocs-volume,1401,0.5,D3,99,0.01448,2,2,6,2-6,300000,eps,true,0.004845753,false,false,false,false,false,false,false,false,false,small,early-period
cross-community-distractor-replay,ocs-volume,1401,0.5,D3,100,0.0151,3,0,1,0-1,3480000,ocs,true,0.006174486,true,true,true,true,false,false,false,false,true,large,early-period
cross-community-distractor-replay,ocs-volume,1401,0.5,D3,101,0.01512,3,1,2,1-2,3480000,eps,true,0.05859303,false,false,false,false,false,false,false,false,false,large,early-period
cross-community-distractor-replay,ocs-volume,1401,0.5,D3,102,0.01514,3,4,5,4-5,2520000,ocs,true,0.007324087,true,true,true,true,false,false,false,false,true,large,early-period
cross-community-distractor-replay,ocs-volume,1401,0.5,D3,103,0.01516,3,5,6,5-6,1386000,eps,true,0.024437801,false,false,false,false,false,false,false,false,false,large,early-period
cross-community-distractor-replay,ocs-volume,1401,0.5,D3,104,0.01518,3,2,3,2-3,2520000,ocs,true,0.004833306,true,true,true,true,false,false,false,false,true,large,early-period
cross-community-distractor-replay,ocs-volume,1401,0.5,D3,105,0.0152,3,6,7,6-7,4320000,ocs,true,0.009060444,true,true,true,true,false,false,false,false,true,large,early-period
cross-community-distractor-replay,ocs-volume,1401,0.5,D3,106,0.01522,3,3,4,3-4,1425600,eps,true,0.028570406,false,false,false,false,false,false,false,false,false,large,early-period
cross-community-distractor-replay,ocs-volume,1401,0.5,D3,107,0.01524,3,0,4,0-4,1392000,eps,true,0.035864378,false,false,false,false,false,false,false,false,false,large,early-period
cross-community-distractor-replay,ocs-volume,1401,0.5,D3,108,0.01526,3,1,5,1-5,1248000,eps,true,0.008577454,false,false,false,false,false,false,false,false,false,large,early-period
cross-community-distractor-replay,ocs-volume,1401,0.5,D3,109,0.01528,3,2,6,2-6,1200000,eps,true,0.021418239,false,false,false,false,false,false,false,false,false,large,early-period
cross-community-distractor-replay,ocs-volume,1401,0.5,D3,110,0.0153,3,0,1,0-1,3480000,ocs,true,0.006223033,true,true,true,true,false,false,false,false,true,large,early-period
cross-community-distractor-replay,ocs-volume,1401,0.5,D3,111,0.01532,3,1,2,1-2,3480000,eps,true,0.058934353,false,false,false,false,false,false,false,false,false,large,early-period
cross-community-distractor-replay,ocs-volume,1401,0.5,D3,112,0.01534,3,4,5,4-5,2520000,ocs,true,0.007390195,true,true,true,true,false,false,false,false,true,large,early-period
cross-community-distractor-replay,ocs-volume,1401,0.5,D3,113,0.01536,3,5,6,5-6,1386000,eps,true,0.024640469,false,false,false,false,false,false,false,false,false,large,early-period
cross-community-distractor-replay,ocs-volume,1401,0.5,D3,114,0.01538,3,2,3,2-3,2520000,ocs,true,0.004837783,true,true,true,true,false,false,false,false,true,large,early-period
cross-community-distractor-replay,ocs-volume,1401,0.5,D3,115,0.0154,3,6,7,6-7,4320000,ocs,true,0.008984614,true,true,true,true,false,false,false,false,true,large,early-period
cross-community-distractor-replay,ocs-volume,1401,0.5,D3,116,0.01542,3,3,4,3-4,1425600,eps,true,0.028793299,false,false,false,false,false,false,false,false,false,large,early-period
cross-community-distractor-replay,ocs-volume,1401,0.5,D3,117,0.01544,3,0,4,0-4,1392000,eps,true,0.029769461,false,false,false,false,false,false,false,false,false,large,early-period
cross-community-distractor-replay,ocs-volume,1401,0.5,D3,118,0.01546,3,1,5,1-5,1248000,eps,true,0.008905539,false,false,false,false,false,false,false,false,false,large,early-period
cross-community-distractor-replay,ocs-volume,1401,0.5,D3,119,0.01548,3,2,6,2-6,1200000,eps,true,0.021749983,false,false,false,false,false,false,false,false,false,large,early-period
cross-community-distractor-replay,ocs-volume,1401,0.5,D3,120,0.0191,3,0,1,0-1,630000,ocs,true,0.003620342,true,true,true,true,false,false,false,false,true,small,early-period
cross-community-distractor-replay,ocs-volume,1401,0.5,D3,121,0.01912,3,1,2,1-2,630000,eps,true,0.007981323,false,false,false,false,false,false,false,false,false,small,early-period
cross-community-distractor-replay,ocs-volume,1401,0.5,D3,122,0.01914,3,4,5,4-5,630000,ocs,true,0.0041095,true,true,true,true,false,false,false,false,true,small,early-period
cross-community-distractor-replay,ocs-volume,1401,0.5,D3,123,0.01916,3,5,6,5-6,630000,eps,true,0.011099425,false,false,false,false,false,false,false,false,false,small,early-period
cross-community-distractor-replay,ocs-volume,1401,0.5,D3,124,0.01918,3,2,3,2-3,630000,ocs,true,0.002709016,true,true,true,true,false,false,false,false,true,small,early-period
cross-community-distractor-replay,ocs-volume,1401,0.5,D3,125,0.0192,3,6,7,6-7,630000,ocs,true,0.00402435,true,true,true,true,false,false,false,false,true,small,early-period
cross-community-distractor-replay,ocs-volume,1401,0.5,D3,126,0.01922,3,3,4,3-4,792000,eps,true,0.015879546,false,false,false,false,false,false,false,false,false,large,early-period
cross-community-distractor-replay,ocs-volume,1401,0.5,D3,127,0.01924,3,0,4,0-4,348000,eps,true,0.006796196,false,false,false,false,false,false,false,false,false,small,early-period
cross-community-distractor-replay,ocs-volume,1401,0.5,D3,128,0.01926,3,1,5,1-5,312000,eps,true,0.00385394,false,false,false,false,false,false,false,false,false,small,early-period
cross-community-distractor-replay,ocs-volume,1401,0.5,D3,129,0.01928,3,2,6,2-6,300000,eps,true,0.005678289,false,false,false,false,false,false,false,false,false,small,early-period
cross-community-distractor-replay,ocs-volume,1401,0.5,D3,130,0.0193,3,0,1,0-1,630000,ocs,true,0.003914439,true,true,true,true,false,false,false,false,true,small,early-period
cross-community-distractor-replay,ocs-volume,1401,0.5,D3,131,0.01932,3,1,2,1-2,630000,eps,true,0.008253073,false,false,false,false,false,false,false,false,false,small,early-period
cross-community-distractor-replay,ocs-volume,1401,0.5,D3,132,0.01934,3,4,5,4-5,630000,ocs,true,0.00401884,true,true,true,true,false,false,false,false,true,small,early-period
cross-community-distractor-replay,ocs-volume,1401,0.5,D3,133,0.01936,3,5,6,5-6,630000,eps,true,0.011136559,false,false,false,false,false,false,false,false,false,small,early-period
cross-community-distractor-replay,ocs-volume,1401,0.5,D3,134,0.01938,3,2,3,2-3,630000,ocs,true,0.002872051,true,true,true,true,false,false,false,false,true,small,early-period
cross-community-distractor-replay,ocs-volume,1401,0.5,D3,135,0.0194,3,6,7,6-7,630000,ocs,true,0.004057221,true,true,true,true,false,false,false,false,true,small,early-period
cross-community-distractor-replay,ocs-volume,1401,0.5,D3,136,0.01942,3,3,4,3-4,792000,eps,true,0.016094818,false,false,false,false,false,false,false,false,false,large,early-period
cross-community-distractor-replay,ocs-volume,1401,0.5,D3,137,0.01944,3,0,4,0-4,348000,eps,true,0.006872814,false,false,false,false,false,false,false,false,false,small,early-period
cross-community-distractor-replay,ocs-volume,1401,0.5,D3,138,0.01946,3,1,5,1-5,312000,eps,true,0.003943604,false,false,false,false,false,false,false,false,false,small,early-period
cross-community-distractor-replay,ocs-volume,1401,0.5,D3,139,0.01948,3,2,6,2-6,300000,eps,true,0.00569714,false,false,false,false,false,false,false,false,false,small,early-period
cross-community-distractor-replay,ocs-volume,1401,0.5,D3,140,0.0201,4,0,1,0-1,3480000,ocs,true,0.007757088,true,true,true,true,false,false,false,false,true,large,early-period
cross-community-distractor-replay,ocs-volume,1401,0.5,D3,141,0.02012,4,1,2,1-2,3480000,eps,true,0.06168415,false,false,false,false,false,false,false,false,false,large,early-period
cross-community-distractor-replay,ocs-volume,1401,0.5,D3,142,0.02014,4,4,5,4-5,2520000,ocs,true,0.007276519,true,true,true,true,false,false,false,false,true,large,early-period
cross-community-distractor-replay,ocs-volume,1401,0.5,D3,143,0.02016,4,5,6,5-6,1386000,eps,true,0.031611774,false,false,false,false,false,false,false,false,false,large,early-period
cross-community-distractor-replay,ocs-volume,1401,0.5,D3,144,0.02018,4,2,3,2-3,2520000,ocs,true,0.004847215,true,true,true,true,false,false,false,false,true,large,early-period
cross-community-distractor-replay,ocs-volume,1401,0.5,D3,145,0.0202,4,6,7,6-7,4320000,ocs,true,0.008958095,true,true,true,true,false,false,false,false,true,large,early-period
cross-community-distractor-replay,ocs-volume,1401,0.5,D3,146,0.02022,4,3,4,3-4,1425600,eps,true,0.036532152,false,false,false,false,false,false,false,false,false,large,early-period
cross-community-distractor-replay,ocs-volume,1401,0.5,D3,147,0.02024,4,0,4,0-4,1392000,eps,true,0.03634276,false,false,false,false,false,false,false,false,false,large,early-period
cross-community-distractor-replay,ocs-volume,1401,0.5,D3,148,0.02026,4,1,5,1-5,1248000,eps,true,0.018869785,false,false,false,false,false,false,false,false,false,large,early-period
cross-community-distractor-replay,ocs-volume,1401,0.5,D3,149,0.02028,4,2,6,2-6,1200000,eps,true,0.026741009,false,false,false,false,false,false,false,false,false,large,early-period
cross-community-distractor-replay,ocs-volume,1401,0.5,D3,150,0.0203,4,0,1,0-1,3480000,ocs,true,0.007950099,true,true,true,true,false,false,false,false,true,large,early-period
cross-community-distractor-replay,ocs-volume,1401,0.5,D3,151,0.02032,4,1,2,1-2,3480000,eps,true,0.061683717,false,false,false,false,false,false,false,false,false,large,early-period
cross-community-distractor-replay,ocs-volume,1401,0.5,D3,152,0.02034,4,4,5,4-5,2520000,ocs,true,0.007302989,true,true,true,true,false,false,false,false,true,large,early-period
cross-community-distractor-replay,ocs-volume,1401,0.5,D3,153,0.02036,4,5,6,5-6,1386000,eps,true,0.031834396,false,false,false,false,false,false,false,false,false,large,early-period
cross-community-distractor-replay,ocs-volume,1401,0.5,D3,154,0.02038,4,2,3,2-3,2520000,ocs,true,0.004849756,true,true,true,true,false,false,false,false,true,large,early-period
cross-community-distractor-replay,ocs-volume,1401,0.5,D3,155,0.0204,4,6,7,6-7,4320000,ocs,true,0.008881275,true,true,true,true,false,false,false,false,true,large,early-period
cross-community-distractor-replay,ocs-volume,1401,0.5,D3,156,0.02042,4,3,4,3-4,1425600,eps,true,0.036725808,false,false,false,false,false,false,false,false,false,large,early-period
cross-community-distractor-replay,ocs-volume,1401,0.5,D3,157,0.02044,4,0,4,0-4,1392000,eps,true,0.036448109,false,false,false,false,false,false,false,false,false,large,early-period
cross-community-distractor-replay,ocs-volume,1401,0.5,D3,158,0.02046,4,1,5,1-5,1248000,eps,true,0.019166132,false,false,false,false,false,false,false,false,false,large,early-period
cross-community-distractor-replay,ocs-volume,1401,0.5,D3,159,0.02048,4,2,6,2-6,1200000,eps,true,0.026880829,false,false,false,false,false,false,false,false,false,large,early-period
cross-community-distractor-replay,ocs-volume,1401,0.5,D3,160,0.0241,4,0,1,0-1,630000,ocs,true,0.003784379,true,true,true,true,false,false,false,false,true,small,early-period
cross-community-distractor-replay,ocs-volume,1401,0.5,D3,161,0.02412,4,1,2,1-2,630000,eps,true,0.011008744,false,false,false,false,false,false,false,false,false,small,early-period
cross-community-distractor-replay,ocs-volume,1401,0.5,D3,162,0.02414,4,4,5,4-5,630000,ocs,true,0.003976346,true,true,true,true,false,false,false,false,true,small,early-period
cross-community-distractor-replay,ocs-volume,1401,0.5,D3,163,0.02416,4,5,6,5-6,630000,eps,true,0.013268708,false,false,false,false,false,false,false,false,false,small,early-period
cross-community-distractor-replay,ocs-volume,1401,0.5,D3,164,0.02418,4,2,3,2-3,630000,ocs,true,0.002881626,true,true,true,true,false,false,false,false,true,small,early-period
cross-community-distractor-replay,ocs-volume,1401,0.5,D3,165,0.0242,4,6,7,6-7,630000,ocs,true,0.004034158,true,true,true,true,false,false,false,false,true,small,early-period
cross-community-distractor-replay,ocs-volume,1401,0.5,D3,166,0.02422,4,3,4,3-4,792000,eps,true,0.042112174,false,false,false,false,false,false,false,false,false,large,early-period
cross-community-distractor-replay,ocs-volume,1401,0.5,D3,167,0.02424,4,0,4,0-4,348000,eps,true,0.008094571,false,false,false,false,false,false,false,false,false,small,early-period
cross-community-distractor-replay,ocs-volume,1401,0.5,D3,168,0.02426,4,1,5,1-5,312000,eps,true,0.004889008,false,false,false,false,false,false,false,false,false,small,early-period
cross-community-distractor-replay,ocs-volume,1401,0.5,D3,169,0.02428,4,2,6,2-6,300000,eps,true,0.006129468,false,false,false,false,false,false,false,false,false,small,early-period
cross-community-distractor-replay,ocs-volume,1401,0.5,D3,170,0.0243,4,0,1,0-1,630000,ocs,true,0.003719552,true,true,true,true,false,false,false,false,true,small,early-period
cross-community-distractor-replay,ocs-volume,1401,0.5,D3,171,0.02432,4,1,2,1-2,630000,eps,true,0.011070905,false,false,false,false,false,false,false,false,false,small,early-period
cross-community-distractor-replay,ocs-volume,1401,0.5,D3,172,0.02434,4,4,5,4-5,630000,ocs,true,0.003908633,true,true,true,true,false,false,false,false,true,small,early-period
cross-community-distractor-replay,ocs-volume,1401,0.5,D3,173,0.02436,4,5,6,5-6,630000,eps,true,0.01341012,false,false,false,false,false,false,false,false,false,small,early-period
cross-community-distractor-replay,ocs-volume,1401,0.5,D3,174,0.02438,4,2,3,2-3,630000,ocs,true,0.002698801,true,true,true,true,false,false,false,false,true,small,early-period
cross-community-distractor-replay,ocs-volume,1401,0.5,D3,175,0.0244,4,6,7,6-7,630000,ocs,true,0.004069857,true,true,true,true,false,false,false,false,true,small,early-period
cross-community-distractor-replay,ocs-volume,1401,0.5,D3,176,0.02442,4,3,4,3-4,792000,eps,true,0.019757552,false,false,false,false,false,false,false,false,false,large,early-period
cross-community-distractor-replay,ocs-volume,1401,0.5,D3,177,0.02444,4,0,4,0-4,348000,eps,true,0.008087207,false,false,false,false,false,false,false,false,false,small,early-period
cross-community-distractor-replay,ocs-volume,1401,0.5,D3,178,0.02446,4,1,5,1-5,312000,eps,true,0.004833397,false,false,false,false,false,false,false,false,false,small,early-period
cross-community-distractor-replay,ocs-volume,1401,0.5,D3,179,0.02448,4,2,6,2-6,300000,eps,true,0.006084507,false,false,false,false,false,false,false,false,false,small,early-period
cross-community-distractor-replay,ocs-volume,1401,0.5,D3,180,0.0251,5,0,1,0-1,3480000,ocs,true,0.007750282,true,true,true,true,false,false,false,false,true,large,late-period
cross-community-distractor-replay,ocs-volume,1401,0.5,D3,181,0.02512,5,1,2,1-2,3480000,eps,true,0.060396772,false,false,false,false,false,false,false,false,false,large,late-period
cross-community-distractor-replay,ocs-volume,1401,0.5,D3,182,0.02514,5,4,5,4-5,2520000,ocs,true,0.007224179,true,true,true,true,false,false,false,false,true,large,late-period
cross-community-distractor-replay,ocs-volume,1401,0.5,D3,183,0.02516,5,5,6,5-6,1386000,eps,true,0.033924024,false,false,false,false,false,false,false,false,false,large,late-period
cross-community-distractor-replay,ocs-volume,1401,0.5,D3,184,0.02518,5,2,3,2-3,2520000,ocs,true,0.004836355,true,true,true,true,false,false,false,false,true,large,late-period
cross-community-distractor-replay,ocs-volume,1401,0.5,D3,185,0.0252,5,6,7,6-7,4320000,ocs,true,0.009043314,true,true,true,true,false,false,false,false,true,large,late-period
cross-community-distractor-replay,ocs-volume,1401,0.5,D3,186,0.02522,5,3,4,3-4,1425600,eps,true,0.038511746,false,false,false,false,false,false,false,false,false,large,late-period
cross-community-distractor-replay,ocs-volume,1401,0.5,D3,187,0.02524,5,0,4,0-4,1392000,eps,true,0.038023485,false,false,false,false,false,false,false,false,false,large,late-period
cross-community-distractor-replay,ocs-volume,1401,0.5,D3,188,0.02526,5,1,5,1-5,1248000,eps,true,0.02762079,false,false,false,false,false,false,false,false,false,large,late-period
cross-community-distractor-replay,ocs-volume,1401,0.5,D3,189,0.02528,5,2,6,2-6,1200000,eps,true,0.030234039,false,false,false,false,false,false,false,false,false,large,late-period
cross-community-distractor-replay,ocs-volume,1401,0.5,D3,190,0.0253,5,0,1,0-1,3480000,ocs,true,0.007679442,true,true,true,true,false,false,false,false,true,large,late-period
cross-community-distractor-replay,ocs-volume,1401,0.5,D3,191,0.02532,5,1,2,1-2,3480000,eps,true,0.06027766,false,false,false,false,false,false,false,false,false,large,late-period
cross-community-distractor-replay,ocs-volume,1401,0.5,D3,192,0.02534,5,4,5,4-5,2520000,ocs,true,0.007302614,true,true,true,true,false,false,false,false,true,large,late-period
cross-community-distractor-replay,ocs-volume,1401,0.5,D3,193,0.02536,5,5,6,5-6,1386000,eps,true,0.033866019,false,false,false,false,false,false,false,false,false,large,late-period
cross-community-distractor-replay,ocs-volume,1401,0.5,D3,194,0.02538,5,2,3,2-3,2520000,ocs,true,0.005025385,true,true,true,true,false,false,false,false,true,large,late-period
cross-community-distractor-replay,ocs-volume,1401,0.5,D3,195,0.0254,5,6,7,6-7,4320000,ocs,true,0.008988219,true,true,true,true,false,false,false,false,true,large,late-period
cross-community-distractor-replay,ocs-volume,1401,0.5,D3,196,0.02542,5,3,4,3-4,1425600,eps,true,0.0417163,false,false,false,false,false,false,false,false,false,large,late-period
cross-community-distractor-replay,ocs-volume,1401,0.5,D3,197,0.02544,5,0,4,0-4,1392000,eps,true,0.037999162,false,false,false,false,false,false,false,false,false,large,late-period
cross-community-distractor-replay,ocs-volume,1401,0.5,D3,198,0.02546,5,1,5,1-5,1248000,eps,true,0.027881517,false,false,false,false,false,false,false,false,false,large,late-period
cross-community-distractor-replay,ocs-volume,1401,0.5,D3,199,0.02548,5,2,6,2-6,1200000,eps,true,0.030302567,false,false,false,false,false,false,false,false,false,large,late-period
cross-community-distractor-replay,ocs-volume,1401,0.5,D3,200,0.0291,5,0,1,0-1,630000,ocs,true,0.003742431,true,true,true,true,false,false,false,false,true,small,late-period
cross-community-distractor-replay,ocs-volume,1401,0.5,D3,201,0.02912,5,1,2,1-2,630000,eps,true,0.013841049,false,false,false,false,false,false,false,false,false,small,late-period
cross-community-distractor-replay,ocs-volume,1401,0.5,D3,202,0.02914,5,4,5,4-5,630000,ocs,true,0.004022079,true,true,true,true,false,false,false,false,true,small,late-period
cross-community-distractor-replay,ocs-volume,1401,0.5,D3,203,0.02916,5,5,6,5-6,630000,eps,true,0.015391743,false,false,false,false,false,false,false,false,false,small,late-period
cross-community-distractor-replay,ocs-volume,1401,0.5,D3,204,0.02918,5,2,3,2-3,630000,ocs,true,0.002709202,true,true,true,true,false,false,false,false,true,small,late-period
cross-community-distractor-replay,ocs-volume,1401,0.5,D3,205,0.0292,5,6,7,6-7,630000,ocs,true,0.003884534,true,true,true,true,false,false,false,false,true,small,late-period
cross-community-distractor-replay,ocs-volume,1401,0.5,D3,206,0.02922,5,3,4,3-4,792000,eps,true,0.023023107,false,false,false,false,false,false,false,false,false,large,late-period
cross-community-distractor-replay,ocs-volume,1401,0.5,D3,207,0.02924,5,0,4,0-4,348000,eps,true,0.009627834,false,false,false,false,false,false,false,false,false,small,late-period
cross-community-distractor-replay,ocs-volume,1401,0.5,D3,208,0.02926,5,1,5,1-5,312000,eps,true,0.006332476,false,false,false,false,false,false,false,false,false,small,late-period
cross-community-distractor-replay,ocs-volume,1401,0.5,D3,209,0.02928,5,2,6,2-6,300000,eps,true,0.006874312,false,false,false,false,false,false,false,false,false,small,late-period
cross-community-distractor-replay,ocs-volume,1401,0.5,D3,210,0.0293,5,0,1,0-1,630000,ocs,true,0.003760767,true,true,true,true,false,false,false,false,true,small,late-period
cross-community-distractor-replay,ocs-volume,1401,0.5,D3,211,0.02932,5,1,2,1-2,630000,eps,true,0.013947135,false,false,false,false,false,false,false,false,false,small,late-period
cross-community-distractor-replay,ocs-volume,1401,0.5,D3,212,0.02934,5,4,5,4-5,630000,ocs,true,0.003855111,true,true,true,true,false,false,false,false,true,small,late-period
cross-community-distractor-replay,ocs-volume,1401,0.5,D3,213,0.02936,5,5,6,5-6,630000,eps,true,0.015474843,false,false,false,false,false,false,false,false,false,small,late-period
cross-community-distractor-replay,ocs-volume,1401,0.5,D3,214,0.02938,5,2,3,2-3,630000,ocs,true,0.002693852,true,true,true,true,false,false,false,false,true,small,late-period
cross-community-distractor-replay,ocs-volume,1401,0.5,D3,215,0.0294,5,6,7,6-7,630000,ocs,true,0.003898268,true,true,true,true,false,false,false,false,true,small,late-period
cross-community-distractor-replay,ocs-volume,1401,0.5,D3,216,0.02942,5,3,4,3-4,792000,eps,true,0.023127812,false,false,false,false,false,false,false,false,false,large,late-period
cross-community-distractor-replay,ocs-volume,1401,0.5,D3,217,0.02944,5,0,4,0-4,348000,eps,true,0.009128765,false,false,false,false,false,false,false,false,false,small,late-period
cross-community-distractor-replay,ocs-volume,1401,0.5,D3,218,0.02946,5,1,5,1-5,312000,eps,true,0.006349697,false,false,false,false,false,false,false,false,false,small,late-period
cross-community-distractor-replay,ocs-volume,1401,0.5,D3,219,0.02948,5,2,6,2-6,300000,eps,true,0.006884214,false,false,false,false,false,false,false,false,false,small,late-period
cross-community-distractor-replay,ocs-volume,1401,0.5,D3,220,0.0301,6,0,1,0-1,3480000,ocs,true,0.007978989,true,true,true,true,false,false,false,false,true,large,late-period
cross-community-distractor-replay,ocs-volume,1401,0.5,D3,221,0.03012,6,1,2,1-2,3480000,eps,true,0.057677016,false,false,false,false,false,false,false,false,false,large,late-period
cross-community-distractor-replay,ocs-volume,1401,0.5,D3,222,0.03014,6,4,5,4-5,2520000,ocs,true,0.012911619,true,true,true,true,false,false,false,false,true,large,late-period
cross-community-distractor-replay,ocs-volume,1401,0.5,D3,223,0.03016,6,5,6,5-6,1386000,eps,true,0.032970329,false,false,false,false,false,false,false,false,false,large,late-period
cross-community-distractor-replay,ocs-volume,1401,0.5,D3,224,0.03018,6,2,3,2-3,2520000,ocs,true,0.004836478,true,true,true,true,false,false,false,false,true,large,late-period
cross-community-distractor-replay,ocs-volume,1401,0.5,D3,225,0.0302,6,6,7,6-7,4320000,ocs,true,0.00907188,true,true,true,true,false,false,false,false,true,large,late-period
cross-community-distractor-replay,ocs-volume,1401,0.5,D3,226,0.03022,6,3,4,3-4,1425600,eps,true,0.037902881,false,false,false,false,false,false,false,false,false,large,late-period
cross-community-distractor-replay,ocs-volume,1401,0.5,D3,227,0.03024,6,0,4,0-4,1392000,eps,true,0.037484476,false,false,false,false,false,false,false,false,false,large,late-period
cross-community-distractor-replay,ocs-volume,1401,0.5,D3,228,0.03026,6,1,5,1-5,1248000,eps,true,0.03127415,false,false,false,false,false,false,false,false,false,large,late-period
cross-community-distractor-replay,ocs-volume,1401,0.5,D3,229,0.03028,6,2,6,2-6,1200000,eps,true,0.03033532,false,false,false,false,false,false,false,false,false,large,late-period
cross-community-distractor-replay,ocs-volume,1401,0.5,D3,230,0.0303,6,0,1,0-1,3480000,ocs,true,0.007992508,true,true,true,true,false,false,false,false,true,large,late-period
cross-community-distractor-replay,ocs-volume,1401,0.5,D3,231,0.03032,6,1,2,1-2,3480000,eps,true,0.057544934,false,false,false,false,false,false,false,false,false,large,late-period
cross-community-distractor-replay,ocs-volume,1401,0.5,D3,232,0.03034,6,4,5,4-5,2520000,ocs,true,0.007184094,true,true,true,true,false,false,false,false,true,large,late-period
cross-community-distractor-replay,ocs-volume,1401,0.5,D3,233,0.03036,6,5,6,5-6,1386000,eps,true,0.032865639,false,false,false,false,false,false,false,false,false,large,late-period
cross-community-distractor-replay,ocs-volume,1401,0.5,D3,234,0.03038,6,2,3,2-3,2520000,ocs,true,0.004839245,true,true,true,true,false,false,false,false,true,large,late-period
cross-community-distractor-replay,ocs-volume,1401,0.5,D3,235,0.0304,6,6,7,6-7,4320000,ocs,true,0.009173587,true,true,true,true,false,false,false,false,true,large,late-period
cross-community-distractor-replay,ocs-volume,1401,0.5,D3,236,0.03042,6,3,4,3-4,1425600,eps,true,0.037801873,false,false,false,false,false,false,false,false,false,large,late-period
cross-community-distractor-replay,ocs-volume,1401,0.5,D3,237,0.03044,6,0,4,0-4,1392000,eps,true,0.03739639,false,false,false,false,false,false,false,false,false,large,late-period
cross-community-distractor-replay,ocs-volume,1401,0.5,D3,238,0.03046,6,1,5,1-5,1248000,eps,true,0.031238752,false,false,false,false,false,false,false,false,false,large,late-period
cross-community-distractor-replay,ocs-volume,1401,0.5,D3,239,0.03048,6,2,6,2-6,1200000,eps,true,0.030279915,false,false,false,false,false,false,false,false,false,large,late-period
cross-community-distractor-replay,ocs-volume,1401,0.5,D3,240,0.0341,6,0,1,0-1,630000,ocs,true,0.003729077,true,true,true,true,false,false,false,false,true,small,late-period
cross-community-distractor-replay,ocs-volume,1401,0.5,D3,241,0.03412,6,1,2,1-2,630000,eps,true,0.016455404,false,false,false,false,false,false,false,false,false,small,late-period
cross-community-distractor-replay,ocs-volume,1401,0.5,D3,242,0.03414,6,4,5,4-5,630000,ocs,true,0.004046748,true,true,true,true,false,false,false,false,true,small,late-period
cross-community-distractor-replay,ocs-volume,1401,0.5,D3,243,0.03416,6,5,6,5-6,630000,eps,true,0.017719114,false,false,false,false,false,false,false,false,false,small,late-period
cross-community-distractor-replay,ocs-volume,1401,0.5,D3,244,0.03418,6,2,3,2-3,630000,ocs,true,0.002704683,true,true,true,true,false,false,false,false,true,small,late-period
cross-community-distractor-replay,ocs-volume,1401,0.5,D3,245,0.0342,6,6,7,6-7,630000,ocs,true,0.003787023,true,true,true,true,false,false,false,false,true,small,late-period
cross-community-distractor-replay,ocs-volume,1401,0.5,D3,246,0.03422,6,3,4,3-4,792000,eps,true,0.024318554,false,false,false,false,false,false,false,false,false,large,late-period
cross-community-distractor-replay,ocs-volume,1401,0.5,D3,247,0.03424,6,0,4,0-4,348000,eps,true,0.010097881,false,false,false,false,false,false,false,false,false,small,late-period
cross-community-distractor-replay,ocs-volume,1401,0.5,D3,248,0.03426,6,1,5,1-5,312000,eps,true,0.007432435,false,false,false,false,false,false,false,false,false,small,late-period
cross-community-distractor-replay,ocs-volume,1401,0.5,D3,249,0.03428,6,2,6,2-6,300000,eps,true,0.007910452,false,false,false,false,false,false,false,false,false,small,late-period
cross-community-distractor-replay,ocs-volume,1401,0.5,D3,250,0.0343,6,0,1,0-1,630000,ocs,true,0.00381103,true,true,true,true,false,false,false,false,true,small,late-period
cross-community-distractor-replay,ocs-volume,1401,0.5,D3,251,0.03432,6,1,2,1-2,630000,eps,true,0.016595576,false,false,false,false,false,false,false,false,false,small,late-period
cross-community-distractor-replay,ocs-volume,1401,0.5,D3,252,0.03434,6,4,5,4-5,630000,ocs,true,0.004075656,true,true,true,true,false,false,false,false,true,small,late-period
cross-community-distractor-replay,ocs-volume,1401,0.5,D3,253,0.03436,6,5,6,5-6,630000,eps,true,0.017790765,false,false,false,false,false,false,false,false,false,small,late-period
cross-community-distractor-replay,ocs-volume,1401,0.5,D3,254,0.03438,6,2,3,2-3,630000,ocs,true,0.002695233,true,true,true,true,false,false,false,false,true,small,late-period
cross-community-distractor-replay,ocs-volume,1401,0.5,D3,255,0.0344,6,6,7,6-7,630000,ocs,true,0.003844458,true,true,true,true,false,false,false,false,true,small,late-period
cross-community-distractor-replay,ocs-volume,1401,0.5,D3,256,0.03442,6,3,4,3-4,792000,eps,true,0.024322335,false,false,false,false,false,false,false,false,false,large,late-period
cross-community-distractor-replay,ocs-volume,1401,0.5,D3,257,0.03444,6,0,4,0-4,348000,eps,true,0.010131143,false,false,false,false,false,false,false,false,false,small,late-period
cross-community-distractor-replay,ocs-volume,1401,0.5,D3,258,0.03446,6,1,5,1-5,312000,eps,true,0.007551217,false,false,false,false,false,false,false,false,false,small,late-period
cross-community-distractor-replay,ocs-volume,1401,0.5,D3,259,0.03448,6,2,6,2-6,300000,eps,true,0.008001397,false,false,false,false,false,false,false,false,false,small,late-period
cross-community-distractor-replay,ocs-volume,1401,0.5,D3,260,0.0351,7,0,1,0-1,3480000,ocs,true,0.008241927,true,true,true,true,false,false,false,false,true,large,late-period
cross-community-distractor-replay,ocs-volume,1401,0.5,D3,261,0.03512,7,1,2,1-2,3480000,eps,true,0.054035566,false,false,false,false,false,false,false,false,false,large,late-period
cross-community-distractor-replay,ocs-volume,1401,0.5,D3,262,0.03514,7,4,5,4-5,2520000,ocs,true,0.007443671,true,true,true,true,false,false,false,false,true,large,late-period
cross-community-distractor-replay,ocs-volume,1401,0.5,D3,263,0.03516,7,5,6,5-6,1386000,eps,true,0.030096584,false,false,false,false,false,false,false,false,false,large,late-period
cross-community-distractor-replay,ocs-volume,1401,0.5,D3,264,0.03518,7,2,3,2-3,2520000,ocs,true,0.004838121,true,true,true,true,false,false,false,false,true,large,late-period
cross-community-distractor-replay,ocs-volume,1401,0.5,D3,265,0.0352,7,6,7,6-7,4320000,ocs,true,0.009188851,true,true,true,true,false,false,false,false,true,large,late-period
cross-community-distractor-replay,ocs-volume,1401,0.5,D3,266,0.03522,7,3,4,3-4,1425600,eps,true,0.035285779,false,false,false,false,false,false,false,false,false,large,late-period
cross-community-distractor-replay,ocs-volume,1401,0.5,D3,267,0.03524,7,0,4,0-4,1392000,eps,true,0.03494195,false,false,false,false,false,false,false,false,false,large,late-period
cross-community-distractor-replay,ocs-volume,1401,0.5,D3,268,0.03526,7,1,5,1-5,1248000,eps,true,0.034030747,false,false,false,false,false,false,false,false,false,large,late-period
cross-community-distractor-replay,ocs-volume,1401,0.5,D3,269,0.03528,7,2,6,2-6,1200000,eps,true,0.028392153,false,false,false,false,false,false,false,false,false,large,late-period
cross-community-distractor-replay,ocs-volume,1401,0.5,D3,270,0.0353,7,0,1,0-1,3480000,ocs,true,0.008162201,true,true,true,true,false,false,false,false,true,large,late-period
cross-community-distractor-replay,ocs-volume,1401,0.5,D3,271,0.03532,7,1,2,1-2,3480000,eps,true,0.05387536,false,false,false,false,false,false,false,false,false,large,late-period
cross-community-distractor-replay,ocs-volume,1401,0.5,D3,272,0.03534,7,4,5,4-5,2520000,ocs,true,0.007392047,true,true,true,true,false,false,false,false,true,large,late-period
cross-community-distractor-replay,ocs-volume,1401,0.5,D3,273,0.03536,7,5,6,5-6,1386000,eps,true,0.029962587,false,false,false,false,false,false,false,false,false,large,late-period
cross-community-distractor-replay,ocs-volume,1401,0.5,D3,274,0.03538,7,2,3,2-3,2520000,ocs,true,0.004851326,true,true,true,true,false,false,false,false,true,large,late-period
cross-community-distractor-replay,ocs-volume,1401,0.5,D3,275,0.0354,7,6,7,6-7,4320000,ocs,true,0.00924142,true,true,true,true,false,false,false,false,true,large,late-period
cross-community-distractor-replay,ocs-volume,1401,0.5,D3,276,0.03542,7,3,4,3-4,1425600,eps,true,0.035138515,false,false,false,false,false,false,false,false,false,large,late-period
cross-community-distractor-replay,ocs-volume,1401,0.5,D3,277,0.03544,7,0,4,0-4,1392000,eps,true,0.0348246,false,false,false,false,false,false,false,false,false,large,late-period
cross-community-distractor-replay,ocs-volume,1401,0.5,D3,278,0.03546,7,1,5,1-5,1248000,eps,true,0.031266602,false,false,false,false,false,false,false,false,false,large,late-period
cross-community-distractor-replay,ocs-volume,1401,0.5,D3,279,0.03548,7,2,6,2-6,1200000,eps,true,0.02823691,false,false,false,false,false,false,false,false,false,large,late-period
cross-community-distractor-replay,ocs-volume,1401,0.5,D3,280,0.0391,7,0,1,0-1,630000,ocs,true,0.003862301,true,true,true,true,false,false,false,false,true,small,late-period
cross-community-distractor-replay,ocs-volume,1401,0.5,D3,281,0.03912,7,1,2,1-2,630000,eps,true,0.018013233,false,false,false,false,false,false,false,false,false,small,late-period
cross-community-distractor-replay,ocs-volume,1401,0.5,D3,282,0.03914,7,4,5,4-5,630000,ocs,true,0.003831127,true,true,true,true,false,false,false,false,true,small,late-period
cross-community-distractor-replay,ocs-volume,1401,0.5,D3,283,0.03916,7,5,6,5-6,630000,eps,true,0.017890114,false,false,false,false,false,false,false,false,false,small,late-period
cross-community-distractor-replay,ocs-volume,1401,0.5,D3,284,0.03918,7,2,3,2-3,630000,ocs,true,0.002708395,true,true,true,true,false,false,false,false,true,small,late-period
cross-community-distractor-replay,ocs-volume,1401,0.5,D3,285,0.0392,7,6,7,6-7,630000,ocs,true,0.003738815,true,true,true,true,false,false,false,false,true,small,late-period
cross-community-distractor-replay,ocs-volume,1401,0.5,D3,286,0.03922,7,3,4,3-4,792000,eps,true,0.023825826,false,false,false,false,false,false,false,false,false,large,late-period
cross-community-distractor-replay,ocs-volume,1401,0.5,D3,287,0.03924,7,0,4,0-4,348000,eps,true,0.01143561,false,false,false,false,false,false,false,false,false,small,late-period
cross-community-distractor-replay,ocs-volume,1401,0.5,D3,288,0.03926,7,1,5,1-5,312000,eps,true,0.008879934,false,false,false,false,false,false,false,false,false,small,late-period
cross-community-distractor-replay,ocs-volume,1401,0.5,D3,289,0.03928,7,2,6,2-6,300000,eps,true,0.008792658,false,false,false,false,false,false,false,false,false,small,late-period
cross-community-distractor-replay,ocs-volume,1401,0.5,D3,290,0.0393,7,0,1,0-1,630000,ocs,true,0.00388206,true,true,true,true,false,false,false,false,true,small,late-period
cross-community-distractor-replay,ocs-volume,1401,0.5,D3,291,0.03932,7,1,2,1-2,630000,eps,true,0.018013807,false,false,false,false,false,false,false,false,false,small,late-period
cross-community-distractor-replay,ocs-volume,1401,0.5,D3,292,0.03934,7,4,5,4-5,630000,ocs,true,0.003843133,true,true,true,true,false,false,false,false,true,small,late-period
cross-community-distractor-replay,ocs-volume,1401,0.5,D3,293,0.03936,7,5,6,5-6,630000,eps,true,0.01789096,false,false,false,false,false,false,false,false,false,small,late-period
cross-community-distractor-replay,ocs-volume,1401,0.5,D3,294,0.03938,7,2,3,2-3,630000,ocs,true,0.002709333,true,true,true,true,false,false,false,false,true,small,late-period
cross-community-distractor-replay,ocs-volume,1401,0.5,D3,295,0.0394,7,6,7,6-7,630000,ocs,true,0.003762396,true,true,true,true,false,false,false,false,true,small,late-period
cross-community-distractor-replay,ocs-volume,1401,0.5,D3,296,0.03942,7,3,4,3-4,792000,eps,true,0.033174972,false,false,false,false,false,false,false,false,false,large,late-period
cross-community-distractor-replay,ocs-volume,1401,0.5,D3,297,0.03944,7,0,4,0-4,348000,eps,true,0.011510964,false,false,false,false,false,false,false,false,false,small,late-period
cross-community-distractor-replay,ocs-volume,1401,0.5,D3,298,0.03946,7,1,5,1-5,312000,eps,true,0.008857947,false,false,false,false,false,false,false,false,false,small,late-period
cross-community-distractor-replay,ocs-volume,1401,0.5,D3,299,0.03948,7,2,6,2-6,300000,eps,true,0.008837248,false,false,false,false,false,false,false,false,false,small,late-period
cross-community-distractor-replay,ocs-volume,1401,0.5,D3,300,0.0401,8,0,1,0-1,3480000,ocs,true,0.008711334,true,true,true,true,false,false,false,false,true,large,late-period
cross-community-distractor-replay,ocs-volume,1401,0.5,D3,301,0.04012,8,1,2,1-2,3480000,eps,true,0.04982964,false,false,false,false,false,false,false,false,false,large,late-period
cross-community-distractor-replay,ocs-volume,1401,0.5,D3,302,0.04014,8,4,5,4-5,2520000,ocs,true,0.007496607,true,true,true,true,false,false,false,false,true,large,late-period
cross-community-distractor-replay,ocs-volume,1401,0.5,D3,303,0.04016,8,5,6,5-6,1386000,eps,true,0.026198473,false,false,false,false,false,false,false,false,false,large,late-period
cross-community-distractor-replay,ocs-volume,1401,0.5,D3,304,0.04018,8,2,3,2-3,2520000,ocs,true,0.004838832,true,true,true,true,false,false,false,false,true,large,late-period
cross-community-distractor-replay,ocs-volume,1401,0.5,D3,305,0.0402,8,6,7,6-7,4320000,ocs,true,0.009474942,true,true,true,true,false,false,false,false,true,large,late-period
cross-community-distractor-replay,ocs-volume,1401,0.5,D3,306,0.04022,8,3,4,3-4,1425600,eps,true,0.031699864,false,false,false,false,false,false,false,false,false,large,late-period
cross-community-distractor-replay,ocs-volume,1401,0.5,D3,307,0.04024,8,0,4,0-4,1392000,eps,true,0.031484934,false,false,false,false,false,false,false,false,false,large,late-period
cross-community-distractor-replay,ocs-volume,1401,0.5,D3,308,0.04026,8,1,5,1-5,1248000,eps,true,0.030026047,false,false,false,false,false,false,false,false,false,large,late-period
cross-community-distractor-replay,ocs-volume,1401,0.5,D3,309,0.04028,8,2,6,2-6,1200000,eps,true,0.025123215,false,false,false,false,false,false,false,false,false,large,late-period
cross-community-distractor-replay,ocs-volume,1401,0.5,D3,310,0.0403,8,0,1,0-1,3480000,ocs,true,0.0086159,true,true,true,true,false,false,false,false,true,large,late-period
cross-community-distractor-replay,ocs-volume,1401,0.5,D3,311,0.04032,8,1,2,1-2,3480000,eps,true,0.049654504,false,false,false,false,false,false,false,false,false,large,late-period
cross-community-distractor-replay,ocs-volume,1401,0.5,D3,312,0.04034,8,4,5,4-5,2520000,ocs,true,0.007597031,true,true,true,true,false,false,false,false,true,large,late-period
cross-community-distractor-replay,ocs-volume,1401,0.5,D3,313,0.04036,8,5,6,5-6,1386000,eps,true,0.026023329,false,false,false,false,false,false,false,false,false,large,late-period
cross-community-distractor-replay,ocs-volume,1401,0.5,D3,314,0.04038,8,2,3,2-3,2520000,ocs,true,0.004841548,true,true,true,true,false,false,false,false,true,large,late-period
cross-community-distractor-replay,ocs-volume,1401,0.5,D3,315,0.0404,8,6,7,6-7,4320000,ocs,true,0.009568978,true,true,true,true,false,false,false,false,true,large,late-period
cross-community-distractor-replay,ocs-volume,1401,0.5,D3,316,0.04042,8,3,4,3-4,1425600,eps,true,0.031546035,false,false,false,false,false,false,false,false,false,large,late-period
cross-community-distractor-replay,ocs-volume,1401,0.5,D3,317,0.04044,8,0,4,0-4,1392000,eps,true,0.03133124,false,false,false,false,false,false,false,false,false,large,late-period
cross-community-distractor-replay,ocs-volume,1401,0.5,D3,318,0.04046,8,1,5,1-5,1248000,eps,true,0.029970388,false,false,false,false,false,false,false,false,false,large,late-period
cross-community-distractor-replay,ocs-volume,1401,0.5,D3,319,0.04048,8,2,6,2-6,1200000,eps,true,0.024964239,false,false,false,false,false,false,false,false,false,large,late-period
cross-community-distractor-replay,ocs-volume,1401,0.5,D3,320,0.0441,8,0,1,0-1,630000,ocs,true,0.003838063,true,true,true,true,false,false,false,false,true,small,late-period
cross-community-distractor-replay,ocs-volume,1401,0.5,D3,321,0.04412,8,1,2,1-2,630000,eps,true,0.017531583,false,false,false,false,false,false,false,false,false,small,late-period
cross-community-distractor-replay,ocs-volume,1401,0.5,D3,322,0.04414,8,4,5,4-5,630000,ocs,true,0.004018964,true,true,true,true,false,false,false,false,true,small,late-period
cross-community-distractor-replay,ocs-volume,1401,0.5,D3,323,0.04416,8,5,6,5-6,630000,eps,true,0.016396856,false,false,false,false,false,false,false,false,false,small,late-period
cross-community-distractor-replay,ocs-volume,1401,0.5,D3,324,0.04418,8,2,3,2-3,630000,ocs,true,0.002706377,true,true,true,true,false,false,false,false,true,small,late-period
cross-community-distractor-replay,ocs-volume,1401,0.5,D3,325,0.0442,8,6,7,6-7,630000,ocs,true,0.003863911,true,true,true,true,false,false,false,false,true,small,late-period
cross-community-distractor-replay,ocs-volume,1401,0.5,D3,326,0.04422,8,3,4,3-4,792000,eps,true,0.022009916,false,false,false,false,false,false,false,false,false,large,late-period
cross-community-distractor-replay,ocs-volume,1401,0.5,D3,327,0.04424,8,0,4,0-4,348000,eps,true,0.011785994,false,false,false,false,false,false,false,false,false,small,late-period
cross-community-distractor-replay,ocs-volume,1401,0.5,D3,328,0.04426,8,1,5,1-5,312000,eps,true,0.017332992,false,false,false,false,false,false,false,false,false,small,late-period
cross-community-distractor-replay,ocs-volume,1401,0.5,D3,329,0.04428,8,2,6,2-6,300000,eps,true,0.00933539,false,false,false,false,false,false,false,false,false,small,late-period
cross-community-distractor-replay,ocs-volume,1401,0.5,D3,330,0.0443,8,0,1,0-1,630000,ocs,true,0.00395723,true,true,true,true,false,false,false,false,true,small,late-period
cross-community-distractor-replay,ocs-volume,1401,0.5,D3,331,0.04432,8,1,2,1-2,630000,eps,true,0.023461565,false,false,false,false,false,false,false,false,false,small,late-period
cross-community-distractor-replay,ocs-volume,1401,0.5,D3,332,0.04434,8,4,5,4-5,630000,ocs,true,0.004012245,true,true,true,true,false,false,false,false,true,small,late-period
cross-community-distractor-replay,ocs-volume,1401,0.5,D3,333,0.04436,8,5,6,5-6,630000,eps,true,0.01633008,false,false,false,false,false,false,false,false,false,small,late-period
cross-community-distractor-replay,ocs-volume,1401,0.5,D3,334,0.04438,8,2,3,2-3,630000,ocs,true,0.002688627,true,true,true,true,false,false,false,false,true,small,late-period
cross-community-distractor-replay,ocs-volume,1401,0.5,D3,335,0.0444,8,6,7,6-7,630000,ocs,true,0.003749007,true,true,true,true,false,false,false,false,true,small,late-period
cross-community-distractor-replay,ocs-volume,1401,0.5,D3,336,0.04442,8,3,4,3-4,792000,eps,true,0.021946936,false,false,false,false,false,false,false,false,false,large,late-period
cross-community-distractor-replay,ocs-volume,1401,0.5,D3,337,0.04444,8,0,4,0-4,348000,eps,true,0.011878829,false,false,false,false,false,false,false,false,false,small,late-period
cross-community-distractor-replay,ocs-volume,1401,0.5,D3,338,0.04446,8,1,5,1-5,312000,eps,true,0.009673454,false,false,false,false,false,false,false,false,false,small,late-period
cross-community-distractor-replay,ocs-volume,1401,0.5,D3,339,0.04448,8,2,6,2-6,300000,eps,true,0.009370226,false,false,false,false,false,false,false,false,false,small,late-period
cross-community-distractor-replay,ocs-volume,1401,0.5,D3,340,0.0451,9,0,1,0-1,3480000,ocs,true,0.008532131,true,true,true,true,false,false,false,false,true,large,late-period
cross-community-distractor-replay,ocs-volume,1401,0.5,D3,341,0.04512,9,1,2,1-2,3480000,eps,true,0.045171148,false,false,false,false,false,false,false,false,false,large,late-period
cross-community-distractor-replay,ocs-volume,1401,0.5,D3,342,0.04514,9,4,5,4-5,2520000,ocs,true,0.00756788,true,true,true,true,false,false,false,false,true,large,late-period
cross-community-distractor-replay,ocs-volume,1401,0.5,D3,343,0.04516,9,5,6,5-6,1386000,eps,true,0.021528769,false,false,false,false,false,false,false,false,false,large,late-period
cross-community-distractor-replay,ocs-volume,1401,0.5,D3,344,0.04518,9,2,3,2-3,2520000,ocs,true,0.004845822,true,true,true,true,false,false,false,false,true,large,late-period
cross-community-distractor-replay,ocs-volume,1401,0.5,D3,345,0.0452,9,6,7,6-7,4320000,ocs,true,0.009435882,true,true,true,true,false,false,false,false,true,large,late-period
cross-community-distractor-replay,ocs-volume,1401,0.5,D3,346,0.04522,9,3,4,3-4,1425600,eps,true,0.027361109,false,false,false,false,false,false,false,false,false,large,late-period
cross-community-distractor-replay,ocs-volume,1401,0.5,D3,347,0.04524,9,0,4,0-4,1392000,eps,true,0.027259502,false,false,false,false,false,false,false,false,false,large,late-period
cross-community-distractor-replay,ocs-volume,1401,0.5,D3,348,0.04526,9,1,5,1-5,1248000,eps,true,0.027688223,false,false,false,false,false,false,false,false,false,large,late-period
cross-community-distractor-replay,ocs-volume,1401,0.5,D3,349,0.04528,9,2,6,2-6,1200000,eps,true,0.021064389,false,false,false,false,false,false,false,false,false,large,late-period
cross-community-distractor-replay,ocs-volume,1401,0.5,D3,350,0.0453,9,0,1,0-1,3480000,ocs,true,0.008484546,true,true,true,true,false,false,false,false,true,large,late-period
cross-community-distractor-replay,ocs-volume,1401,0.5,D3,351,0.04532,9,1,2,1-2,3480000,eps,true,0.044977892,false,false,false,false,false,false,false,false,false,large,late-period
cross-community-distractor-replay,ocs-volume,1401,0.5,D3,352,0.04534,9,4,5,4-5,2520000,ocs,true,0.007753954,true,true,true,true,false,false,false,false,true,large,late-period
cross-community-distractor-replay,ocs-volume,1401,0.5,D3,353,0.04536,9,5,6,5-6,1386000,eps,true,0.021336931,false,false,false,false,false,false,false,false,false,large,late-period
cross-community-distractor-replay,ocs-volume,1401,0.5,D3,354,0.04538,9,2,3,2-3,2520000,ocs,true,0.004842877,true,true,true,true,false,false,false,false,true,large,late-period
cross-community-distractor-replay,ocs-volume,1401,0.5,D3,355,0.0454,9,6,7,6-7,4320000,ocs,true,0.009272481,true,true,true,true,false,false,false,false,true,large,late-period
cross-community-distractor-replay,ocs-volume,1401,0.5,D3,356,0.04542,9,3,4,3-4,1425600,eps,true,0.027167589,false,false,false,false,false,false,false,false,false,large,late-period
cross-community-distractor-replay,ocs-volume,1401,0.5,D3,357,0.04544,9,0,4,0-4,1392000,eps,true,0.0270756,false,false,false,false,false,false,false,false,false,large,late-period
cross-community-distractor-replay,ocs-volume,1401,0.5,D3,358,0.04546,9,1,5,1-5,1248000,eps,true,0.02761398,false,false,false,false,false,false,false,false,false,large,late-period
cross-community-distractor-replay,ocs-volume,1401,0.5,D3,359,0.04548,9,2,6,2-6,1200000,eps,true,0.020895381,false,false,false,false,false,false,false,false,false,large,late-period
cross-community-distractor-replay,ocs-volume,1401,0.5,D3,360,0.0491,9,0,1,0-1,630000,ocs,true,0.003872222,true,true,true,true,false,false,false,false,true,small,late-period
cross-community-distractor-replay,ocs-volume,1401,0.5,D3,361,0.04912,9,1,2,1-2,630000,eps,true,0.016697591,false,false,false,false,false,false,false,false,false,small,late-period
cross-community-distractor-replay,ocs-volume,1401,0.5,D3,362,0.04914,9,4,5,4-5,630000,ocs,true,0.003844266,true,true,true,true,false,false,false,false,true,small,late-period
cross-community-distractor-replay,ocs-volume,1401,0.5,D3,363,0.04916,9,5,6,5-6,630000,eps,true,0.013761988,false,false,false,false,false,false,false,false,false,small,late-period
cross-community-distractor-replay,ocs-volume,1401,0.5,D3,364,0.04918,9,2,3,2-3,630000,ocs,true,0.002712386,true,true,true,true,false,false,false,false,true,small,late-period
cross-community-distractor-replay,ocs-volume,1401,0.5,D3,365,0.0492,9,6,7,6-7,630000,ocs,true,0.003794915,true,true,true,true,false,false,false,false,true,small,late-period
cross-community-distractor-replay,ocs-volume,1401,0.5,D3,366,0.04922,9,3,4,3-4,792000,eps,true,0.01940771,false,false,false,false,false,false,false,false,false,large,late-period
cross-community-distractor-replay,ocs-volume,1401,0.5,D3,367,0.04924,9,0,4,0-4,348000,eps,true,0.010835442,false,false,false,false,false,false,false,false,false,small,late-period
cross-community-distractor-replay,ocs-volume,1401,0.5,D3,368,0.04926,9,1,5,1-5,312000,eps,true,0.00905945,false,false,false,false,false,false,false,false,false,small,late-period
cross-community-distractor-replay,ocs-volume,1401,0.5,D3,369,0.04928,9,2,6,2-6,300000,eps,true,0.008340465,false,false,false,false,false,false,false,false,false,small,late-period
cross-community-distractor-replay,ocs-volume,1401,0.5,D3,370,0.0493,9,0,1,0-1,630000,ocs,true,0.004045201,true,true,true,true,false,false,false,false,true,small,late-period
cross-community-distractor-replay,ocs-volume,1401,0.5,D3,371,0.04932,9,1,2,1-2,630000,eps,true,0.015840603,false,false,false,false,false,false,false,false,false,small,late-period
cross-community-distractor-replay,ocs-volume,1401,0.5,D3,372,0.04934,9,4,5,4-5,630000,ocs,true,0.003891648,true,true,true,true,false,false,false,false,true,small,late-period
cross-community-distractor-replay,ocs-volume,1401,0.5,D3,373,0.04936,9,5,6,5-6,630000,eps,true,0.013630631,false,false,false,false,false,false,false,false,false,small,late-period
cross-community-distractor-replay,ocs-volume,1401,0.5,D3,374,0.04938,9,2,3,2-3,630000,ocs,true,0.002696948,true,true,true,true,false,false,false,false,true,small,late-period
cross-community-distractor-replay,ocs-volume,1401,0.5,D3,375,0.0494,9,6,7,6-7,630000,ocs,true,0.003709827,true,true,true,true,false,false,false,false,true,small,late-period
cross-community-distractor-replay,ocs-volume,1401,0.5,D3,376,0.04942,9,3,4,3-4,792000,eps,true,0.019274096,false,false,false,false,false,false,false,false,false,large,late-period
cross-community-distractor-replay,ocs-volume,1401,0.5,D3,377,0.04944,9,0,4,0-4,348000,eps,true,0.010748874,false,false,false,false,false,false,false,false,false,small,late-period
cross-community-distractor-replay,ocs-volume,1401,0.5,D3,378,0.04946,9,1,5,1-5,312000,eps,true,0.008989423,false,false,false,false,false,false,false,false,false,small,late-period
cross-community-distractor-replay,ocs-volume,1401,0.5,D3,379,0.04948,9,2,6,2-6,300000,eps,true,0.008219633,false,false,false,false,false,false,false,false,false,small,late-period
cross-community-distractor-replay,tl-ocs,1401,0.5,D3,0,0.0041,0,0,1,0-1,630000,eps,true,0.004262796,false,false,true,false,false,false,true,false,false,small,before-first-schedule
cross-community-distractor-replay,tl-ocs,1401,0.5,D3,1,0.00412,0,1,2,1-2,630000,eps,true,0.004020431,false,false,false,false,false,false,false,false,false,small,before-first-schedule
cross-community-distractor-replay,tl-ocs,1401,0.5,D3,2,0.00414,0,4,5,4-5,630000,eps,true,0.004274205,false,false,true,false,false,false,true,false,false,small,before-first-schedule
cross-community-distractor-replay,tl-ocs,1401,0.5,D3,3,0.00416,0,5,6,5-6,630000,eps,true,0.004283202,false,false,false,false,false,false,false,false,false,small,before-first-schedule
cross-community-distractor-replay,tl-ocs,1401,0.5,D3,4,0.00418,0,2,3,2-3,630000,eps,true,0.004133063,false,false,true,false,false,false,true,false,false,small,before-first-schedule
cross-community-distractor-replay,tl-ocs,1401,0.5,D3,5,0.0042,0,6,7,6-7,630000,eps,true,0.004231141,false,false,true,false,false,false,true,false,false,small,before-first-schedule
cross-community-distractor-replay,tl-ocs,1401,0.5,D3,6,0.00422,0,3,4,3-4,792000,eps,true,0.004996586,false,false,false,false,false,false,false,false,false,large,before-first-schedule
cross-community-distractor-replay,tl-ocs,1401,0.5,D3,7,0.00424,0,0,4,0-4,348000,eps,true,0.003095684,false,false,false,false,false,false,false,false,false,small,before-first-schedule
cross-community-distractor-replay,tl-ocs,1401,0.5,D3,8,0.00426,0,1,5,1-5,312000,eps,true,0.002955464,false,false,false,false,false,false,false,false,false,small,before-first-schedule
cross-community-distractor-replay,tl-ocs,1401,0.5,D3,9,0.00428,0,2,6,2-6,300000,eps,true,0.002806251,false,false,false,false,false,false,false,false,false,small,before-first-schedule
cross-community-distractor-replay,tl-ocs,1401,0.5,D3,10,0.0043,0,0,1,0-1,630000,eps,true,0.004255617,false,false,true,false,false,false,true,false,false,small,before-first-schedule
cross-community-distractor-replay,tl-ocs,1401,0.5,D3,11,0.00432,0,1,2,1-2,630000,eps,true,0.004017426,false,false,false,false,false,false,false,false,false,small,before-first-schedule
cross-community-distractor-replay,tl-ocs,1401,0.5,D3,12,0.00434,0,4,5,4-5,630000,eps,true,0.004320784,false,false,true,false,false,false,true,false,false,small,before-first-schedule
cross-community-distractor-replay,tl-ocs,1401,0.5,D3,13,0.00436,0,5,6,5-6,630000,eps,true,0.0042917,false,false,false,false,false,false,false,false,false,small,before-first-schedule
cross-community-distractor-replay,tl-ocs,1401,0.5,D3,14,0.00438,0,2,3,2-3,630000,eps,true,0.004124557,false,false,true,false,false,false,true,false,false,small,before-first-schedule
cross-community-distractor-replay,tl-ocs,1401,0.5,D3,15,0.0044,0,6,7,6-7,630000,eps,true,0.004267237,false,false,true,false,false,false,true,false,false,small,before-first-schedule
cross-community-distractor-replay,tl-ocs,1401,0.5,D3,16,0.00442,0,3,4,3-4,792000,eps,true,0.005008289,false,false,false,false,false,false,false,false,false,large,before-first-schedule
cross-community-distractor-replay,tl-ocs,1401,0.5,D3,17,0.00444,0,0,4,0-4,348000,eps,true,0.00308362,false,false,false,false,false,false,false,false,false,small,before-first-schedule
cross-community-distractor-replay,tl-ocs,1401,0.5,D3,18,0.00446,0,1,5,1-5,312000,eps,true,0.002938639,false,false,false,false,false,false,false,false,false,small,before-first-schedule
cross-community-distractor-replay,tl-ocs,1401,0.5,D3,19,0.00448,0,2,6,2-6,300000,eps,true,0.002814451,false,false,false,false,false,false,false,false,false,small,before-first-schedule
cross-community-distractor-replay,tl-ocs,1401,0.5,D3,20,0.0051,1,0,1,0-1,3480000,ocs,true,0.006404984,true,false,true,false,true,false,false,false,true,large,early-period
cross-community-distractor-replay,tl-ocs,1401,0.5,D3,21,0.00512,1,1,2,1-2,3480000,eps,true,0.064035391,false,true,false,false,false,true,false,false,false,large,early-period
cross-community-distractor-replay,tl-ocs,1401,0.5,D3,22,0.00514,1,4,5,4-5,2520000,ocs,true,0.005938857,true,true,true,true,false,false,false,false,true,large,early-period
cross-community-distractor-replay,tl-ocs,1401,0.5,D3,23,0.00516,1,5,6,5-6,1386000,eps,true,0.010471503,false,false,false,false,false,false,false,false,false,large,early-period
cross-community-distractor-replay,tl-ocs,1401,0.5,D3,24,0.00518,1,2,3,2-3,2520000,ocs,true,0.004836164,true,false,true,false,true,false,false,false,true,large,early-period
cross-community-distractor-replay,tl-ocs,1401,0.5,D3,25,0.0052,1,6,7,6-7,4320000,ocs,true,0.007194293,true,true,true,true,false,false,false,false,true,large,early-period
cross-community-distractor-replay,tl-ocs,1401,0.5,D3,26,0.00522,1,3,4,3-4,1425600,eps,true,0.012000314,false,false,false,false,false,false,false,false,false,large,early-period
cross-community-distractor-replay,tl-ocs,1401,0.5,D3,27,0.00524,1,0,4,0-4,1392000,eps,true,0.01164193,false,false,false,false,false,false,false,false,false,large,early-period
cross-community-distractor-replay,tl-ocs,1401,0.5,D3,28,0.00526,1,1,5,1-5,1248000,eps,true,0.009383301,false,false,false,false,false,false,false,false,false,large,early-period
cross-community-distractor-replay,tl-ocs,1401,0.5,D3,29,0.00528,1,2,6,2-6,1200000,eps,true,0.009001772,false,false,false,false,false,false,false,false,false,large,early-period
cross-community-distractor-replay,tl-ocs,1401,0.5,D3,30,0.0053,1,0,1,0-1,3480000,ocs,true,0.006450812,true,false,true,false,true,false,false,false,true,large,early-period
cross-community-distractor-replay,tl-ocs,1401,0.5,D3,31,0.00532,1,1,2,1-2,3480000,eps,true,0.06535585,false,true,false,false,false,true,false,false,false,large,early-period
cross-community-distractor-replay,tl-ocs,1401,0.5,D3,32,0.00534,1,4,5,4-5,2520000,ocs,true,0.006285698,true,true,true,true,false,false,false,false,true,large,early-period
cross-community-distractor-replay,tl-ocs,1401,0.5,D3,33,0.00536,1,5,6,5-6,1386000,eps,true,0.011142784,false,false,false,false,false,false,false,false,false,large,early-period
cross-community-distractor-replay,tl-ocs,1401,0.5,D3,34,0.00538,1,2,3,2-3,2520000,ocs,true,0.004842212,true,false,true,false,true,false,false,false,true,large,early-period
cross-community-distractor-replay,tl-ocs,1401,0.5,D3,35,0.0054,1,6,7,6-7,4320000,ocs,true,0.00726034,true,true,true,true,false,false,false,false,true,large,early-period
cross-community-distractor-replay,tl-ocs,1401,0.5,D3,36,0.00542,1,3,4,3-4,1425600,eps,true,0.012641934,false,false,false,false,false,false,false,false,false,large,early-period
cross-community-distractor-replay,tl-ocs,1401,0.5,D3,37,0.00544,1,0,4,0-4,1392000,eps,true,0.012309847,false,false,false,false,false,false,false,false,false,large,early-period
cross-community-distractor-replay,tl-ocs,1401,0.5,D3,38,0.00546,1,1,5,1-5,1248000,eps,true,0.009859536,false,false,false,false,false,false,false,false,false,large,early-period
cross-community-distractor-replay,tl-ocs,1401,0.5,D3,39,0.00548,1,2,6,2-6,1200000,eps,true,0.009262621,false,false,false,false,false,false,false,false,false,large,early-period
cross-community-distractor-replay,tl-ocs,1401,0.5,D3,40,0.0091,1,0,1,0-1,630000,ocs,true,0.003951974,true,false,true,false,true,false,false,false,true,small,early-period
cross-community-distractor-replay,tl-ocs,1401,0.5,D3,41,0.00912,1,1,2,1-2,630000,eps,true,0.007384323,false,true,false,false,false,true,false,false,false,small,early-period
cross-community-distractor-replay,tl-ocs,1401,0.5,D3,42,0.00914,1,4,5,4-5,630000,ocs,true,0.004071868,true,true,true,true,false,false,false,false,true,small,early-period
cross-community-distractor-replay,tl-ocs,1401,0.5,D3,43,0.00916,1,5,6,5-6,630000,eps,true,0.007263499,false,false,false,false,false,false,false,false,false,small,early-period
cross-community-distractor-replay,tl-ocs,1401,0.5,D3,44,0.00918,1,2,3,2-3,630000,ocs,true,0.002705834,true,false,true,false,true,false,false,false,true,small,early-period
cross-community-distractor-replay,tl-ocs,1401,0.5,D3,45,0.0092,1,6,7,6-7,630000,ocs,true,0.003941114,true,true,true,true,false,false,false,false,true,small,early-period
cross-community-distractor-replay,tl-ocs,1401,0.5,D3,46,0.00922,1,3,4,3-4,792000,eps,true,0.00982567,false,false,false,false,false,false,false,false,false,large,early-period
cross-community-distractor-replay,tl-ocs,1401,0.5,D3,47,0.00924,1,0,4,0-4,348000,eps,true,0.005736577,false,false,false,false,false,false,false,false,false,small,early-period
cross-community-distractor-replay,tl-ocs,1401,0.5,D3,48,0.00926,1,1,5,1-5,312000,eps,true,0.004060563,false,false,false,false,false,false,false,false,false,small,early-period
cross-community-distractor-replay,tl-ocs,1401,0.5,D3,49,0.00928,1,2,6,2-6,300000,eps,true,0.004007472,false,false,false,false,false,false,false,false,false,small,early-period
cross-community-distractor-replay,tl-ocs,1401,0.5,D3,50,0.0093,1,0,1,0-1,630000,ocs,true,0.004017721,true,false,true,false,true,false,false,false,true,small,early-period
cross-community-distractor-replay,tl-ocs,1401,0.5,D3,51,0.00932,1,1,2,1-2,630000,eps,true,0.007492673,false,true,false,false,false,true,false,false,false,small,early-period
cross-community-distractor-replay,tl-ocs,1401,0.5,D3,52,0.00934,1,4,5,4-5,630000,ocs,true,0.003996631,true,true,true,true,false,false,false,false,true,small,early-period
cross-community-distractor-replay,tl-ocs,1401,0.5,D3,53,0.00936,1,5,6,5-6,630000,eps,true,0.007311931,false,false,false,false,false,false,false,false,false,small,early-period
cross-community-distractor-replay,tl-ocs,1401,0.5,D3,54,0.00938,1,2,3,2-3,630000,ocs,true,0.002694598,true,false,true,false,true,false,false,false,true,small,early-period
cross-community-distractor-replay,tl-ocs,1401,0.5,D3,55,0.0094,1,6,7,6-7,630000,ocs,true,0.004007514,true,true,true,true,false,false,false,false,true,small,early-period
cross-community-distractor-replay,tl-ocs,1401,0.5,D3,56,0.00942,1,3,4,3-4,792000,eps,true,0.010001718,false,false,false,false,false,false,false,false,false,large,early-period
cross-community-distractor-replay,tl-ocs,1401,0.5,D3,57,0.00944,1,0,4,0-4,348000,eps,true,0.004322272,false,false,false,false,false,false,false,false,false,small,early-period
cross-community-distractor-replay,tl-ocs,1401,0.5,D3,58,0.00946,1,1,5,1-5,312000,eps,true,0.004050353,false,false,false,false,false,false,false,false,false,small,early-period
cross-community-distractor-replay,tl-ocs,1401,0.5,D3,59,0.00948,1,2,6,2-6,300000,eps,true,0.004051125,false,false,false,false,false,false,false,false,false,small,early-period
cross-community-distractor-replay,tl-ocs,1401,0.5,D3,60,0.0101,2,0,1,0-1,3480000,ocs,true,0.008429753,true,false,true,false,true,false,false,false,true,large,early-period
cross-community-distractor-replay,tl-ocs,1401,0.5,D3,61,0.01012,2,1,2,1-2,3480000,eps,true,0.074825185,false,true,false,false,false,true,false,false,false,large,early-period
cross-community-distractor-replay,tl-ocs,1401,0.5,D3,62,0.01014,2,4,5,4-5,2520000,ocs,true,0.007402582,true,true,true,true,false,false,false,false,true,large,early-period
cross-community-distractor-replay,tl-ocs,1401,0.5,D3,63,0.01016,2,5,6,5-6,1386000,eps,true,0.018748965,false,false,false,false,false,false,false,false,false,large,early-period
cross-community-distractor-replay,tl-ocs,1401,0.5,D3,64,0.01018,2,2,3,2-3,2520000,ocs,true,0.004836433,true,false,true,false,true,false,false,false,true,large,early-period
cross-community-distractor-replay,tl-ocs,1401,0.5,D3,65,0.0102,2,6,7,6-7,4320000,ocs,true,0.009184394,true,true,true,true,false,false,false,false,true,large,early-period
cross-community-distractor-replay,tl-ocs,1401,0.5,D3,66,0.01022,2,3,4,3-4,1425600,eps,true,0.02263741,false,false,false,false,false,false,false,false,false,large,early-period
cross-community-distractor-replay,tl-ocs,1401,0.5,D3,67,0.01024,2,0,4,0-4,1392000,eps,true,0.026137689,false,false,false,false,false,false,false,false,false,large,early-period
cross-community-distractor-replay,tl-ocs,1401,0.5,D3,68,0.01026,2,1,5,1-5,1248000,eps,true,0.019049149,false,false,false,false,false,false,false,false,false,large,early-period
cross-community-distractor-replay,tl-ocs,1401,0.5,D3,69,0.01028,2,2,6,2-6,1200000,eps,true,0.015181215,false,false,false,false,false,false,false,false,false,large,early-period
cross-community-distractor-replay,tl-ocs,1401,0.5,D3,70,0.0103,2,0,1,0-1,3480000,ocs,true,0.0083631,true,false,true,false,true,false,false,false,true,large,early-period
cross-community-distractor-replay,tl-ocs,1401,0.5,D3,71,0.01032,2,1,2,1-2,3480000,eps,true,0.074898814,false,true,false,false,false,true,false,false,false,large,early-period
cross-community-distractor-replay,tl-ocs,1401,0.5,D3,72,0.01034,2,4,5,4-5,2520000,ocs,true,0.007326817,true,true,true,true,false,false,false,false,true,large,early-period
cross-community-distractor-replay,tl-ocs,1401,0.5,D3,73,0.01036,2,5,6,5-6,1386000,eps,true,0.018804476,false,false,false,false,false,false,false,false,false,large,early-period
cross-community-distractor-replay,tl-ocs,1401,0.5,D3,74,0.01038,2,2,3,2-3,2520000,ocs,true,0.00484141,true,false,true,false,true,false,false,false,true,large,early-period
cross-community-distractor-replay,tl-ocs,1401,0.5,D3,75,0.0104,2,6,7,6-7,4320000,ocs,true,0.009119158,true,true,true,true,false,false,false,false,true,large,early-period
cross-community-distractor-replay,tl-ocs,1401,0.5,D3,76,0.01042,2,3,4,3-4,1425600,eps,true,0.023342704,false,false,false,false,false,false,false,false,false,large,early-period
cross-community-distractor-replay,tl-ocs,1401,0.5,D3,77,0.01044,2,0,4,0-4,1392000,eps,true,0.022189068,false,false,false,false,false,false,false,false,false,large,early-period
cross-community-distractor-replay,tl-ocs,1401,0.5,D3,78,0.01046,2,1,5,1-5,1248000,eps,true,0.019422085,false,false,false,false,false,false,false,false,false,large,early-period
cross-community-distractor-replay,tl-ocs,1401,0.5,D3,79,0.01048,2,2,6,2-6,1200000,eps,true,0.015335785,false,false,false,false,false,false,false,false,false,large,early-period
cross-community-distractor-replay,tl-ocs,1401,0.5,D3,80,0.0141,2,0,1,0-1,630000,ocs,true,0.004130775,true,false,true,false,true,false,false,false,true,small,early-period
cross-community-distractor-replay,tl-ocs,1401,0.5,D3,81,0.01412,2,1,2,1-2,630000,eps,true,0.010000177,false,true,false,false,false,true,false,false,false,small,early-period
cross-community-distractor-replay,tl-ocs,1401,0.5,D3,82,0.01414,2,4,5,4-5,630000,ocs,true,0.004044052,true,true,true,true,false,false,false,false,true,small,early-period
cross-community-distractor-replay,tl-ocs,1401,0.5,D3,83,0.01416,2,5,6,5-6,630000,eps,true,0.008618541,false,false,false,false,false,false,false,false,false,small,early-period
cross-community-distractor-replay,tl-ocs,1401,0.5,D3,84,0.01418,2,2,3,2-3,630000,ocs,true,0.002713161,true,false,true,false,true,false,false,false,true,small,early-period
cross-community-distractor-replay,tl-ocs,1401,0.5,D3,85,0.0142,2,6,7,6-7,630000,ocs,true,0.004088305,true,true,true,true,false,false,false,false,true,small,early-period
cross-community-distractor-replay,tl-ocs,1401,0.5,D3,86,0.01422,2,3,4,3-4,792000,eps,true,0.01289505,false,false,false,false,false,false,false,false,false,large,early-period
cross-community-distractor-replay,tl-ocs,1401,0.5,D3,87,0.01424,2,0,4,0-4,348000,eps,true,0.005422514,false,false,false,false,false,false,false,false,false,small,early-period
cross-community-distractor-replay,tl-ocs,1401,0.5,D3,88,0.01426,2,1,5,1-5,312000,eps,true,0.004754746,false,false,false,false,false,false,false,false,false,small,early-period
cross-community-distractor-replay,tl-ocs,1401,0.5,D3,89,0.01428,2,2,6,2-6,300000,eps,true,0.00423214,false,false,false,false,false,false,false,false,false,small,early-period
cross-community-distractor-replay,tl-ocs,1401,0.5,D3,90,0.0143,2,0,1,0-1,630000,ocs,true,0.004066104,true,false,true,false,true,false,false,false,true,small,early-period
cross-community-distractor-replay,tl-ocs,1401,0.5,D3,91,0.01432,2,1,2,1-2,630000,eps,true,0.010108407,false,true,false,false,false,true,false,false,false,small,early-period
cross-community-distractor-replay,tl-ocs,1401,0.5,D3,92,0.01434,2,4,5,4-5,630000,ocs,true,0.020029186,true,true,true,true,false,false,false,false,true,small,early-period
cross-community-distractor-replay,tl-ocs,1401,0.5,D3,93,0.01436,2,5,6,5-6,630000,eps,true,0.008694416,false,false,false,false,false,false,false,false,false,small,early-period
cross-community-distractor-replay,tl-ocs,1401,0.5,D3,94,0.01438,2,2,3,2-3,630000,ocs,true,0.002705584,true,false,true,false,true,false,false,false,true,small,early-period
cross-community-distractor-replay,tl-ocs,1401,0.5,D3,95,0.0144,2,6,7,6-7,630000,ocs,true,0.004141558,true,true,true,true,false,false,false,false,true,small,early-period
cross-community-distractor-replay,tl-ocs,1401,0.5,D3,96,0.01442,2,3,4,3-4,792000,eps,true,0.012906131,false,false,false,false,false,false,false,false,false,large,early-period
cross-community-distractor-replay,tl-ocs,1401,0.5,D3,97,0.01444,2,0,4,0-4,348000,eps,true,0.005348485,false,false,false,false,false,false,false,false,false,small,early-period
cross-community-distractor-replay,tl-ocs,1401,0.5,D3,98,0.01446,2,1,5,1-5,312000,eps,true,0.004770031,false,false,false,false,false,false,false,false,false,small,early-period
cross-community-distractor-replay,tl-ocs,1401,0.5,D3,99,0.01448,2,2,6,2-6,300000,eps,true,0.00423499,false,false,false,false,false,false,false,false,false,small,early-period
cross-community-distractor-replay,tl-ocs,1401,0.5,D3,100,0.0151,3,0,1,0-1,3480000,ocs,true,0.008283404,true,true,true,true,false,false,false,false,true,large,early-period
cross-community-distractor-replay,tl-ocs,1401,0.5,D3,101,0.01512,3,1,2,1-2,3480000,eps,true,0.075621955,false,false,false,false,false,false,false,false,false,large,early-period
cross-community-distractor-replay,tl-ocs,1401,0.5,D3,102,0.01514,3,4,5,4-5,2520000,ocs,true,0.007387298,true,true,true,true,false,false,false,false,true,large,early-period
cross-community-distractor-replay,tl-ocs,1401,0.5,D3,103,0.01516,3,5,6,5-6,1386000,eps,true,0.024887383,false,false,false,false,false,false,false,false,false,large,early-period
cross-community-distractor-replay,tl-ocs,1401,0.5,D3,104,0.01518,3,2,3,2-3,2520000,ocs,true,0.004837063,true,true,true,true,false,false,false,false,true,large,early-period
cross-community-distractor-replay,tl-ocs,1401,0.5,D3,105,0.0152,3,6,7,6-7,4320000,ocs,true,0.009101071,true,true,true,true,false,false,false,false,true,large,early-period
cross-community-distractor-replay,tl-ocs,1401,0.5,D3,106,0.01522,3,3,4,3-4,1425600,eps,true,0.029658518,false,false,false,false,false,false,false,false,false,large,early-period
cross-community-distractor-replay,tl-ocs,1401,0.5,D3,107,0.01524,3,0,4,0-4,1392000,eps,true,0.034311876,false,false,false,false,false,false,false,false,false,large,early-period
cross-community-distractor-replay,tl-ocs,1401,0.5,D3,108,0.01526,3,1,5,1-5,1248000,eps,true,0.027694037,false,false,false,false,false,false,false,false,false,large,early-period
cross-community-distractor-replay,tl-ocs,1401,0.5,D3,109,0.01528,3,2,6,2-6,1200000,eps,true,0.020411526,false,false,false,false,false,false,false,false,false,large,early-period
cross-community-distractor-replay,tl-ocs,1401,0.5,D3,110,0.0153,3,0,1,0-1,3480000,ocs,true,0.008311515,true,true,true,true,false,false,false,false,true,large,early-period
cross-community-distractor-replay,tl-ocs,1401,0.5,D3,111,0.01532,3,1,2,1-2,3480000,eps,true,0.075555251,false,false,false,false,false,false,false,false,false,large,early-period
cross-community-distractor-replay,tl-ocs,1401,0.5,D3,112,0.01534,3,4,5,4-5,2520000,ocs,true,0.007274364,true,true,true,true,false,false,false,false,true,large,early-period
cross-community-distractor-replay,tl-ocs,1401,0.5,D3,113,0.01536,3,5,6,5-6,1386000,eps,true,0.025043496,false,false,false,false,false,false,false,false,false,large,early-period
cross-community-distractor-replay,tl-ocs,1401,0.5,D3,114,0.01538,3,2,3,2-3,2520000,ocs,true,0.004842336,true,true,true,true,false,false,false,false,true,large,early-period
cross-community-distractor-replay,tl-ocs,1401,0.5,D3,115,0.0154,3,6,7,6-7,4320000,ocs,true,0.009335374,true,true,true,true,false,false,false,false,true,large,early-period
cross-community-distractor-replay,tl-ocs,1401,0.5,D3,116,0.01542,3,3,4,3-4,1425600,eps,true,0.029899195,false,false,false,false,false,false,false,false,false,large,early-period
cross-community-distractor-replay,tl-ocs,1401,0.5,D3,117,0.01544,3,0,4,0-4,1392000,eps,true,0.028811042,false,false,false,false,false,false,false,false,false,large,early-period
cross-community-distractor-replay,tl-ocs,1401,0.5,D3,118,0.01546,3,1,5,1-5,1248000,eps,true,0.027908923,false,false,false,false,false,false,false,false,false,large,early-period
cross-community-distractor-replay,tl-ocs,1401,0.5,D3,119,0.01548,3,2,6,2-6,1200000,eps,true,0.020620765,false,false,false,false,false,false,false,false,false,large,early-period
cross-community-distractor-replay,tl-ocs,1401,0.5,D3,120,0.0191,3,0,1,0-1,630000,ocs,true,0.004099815,true,true,true,true,false,false,false,false,true,small,early-period
cross-community-distractor-replay,tl-ocs,1401,0.5,D3,121,0.01912,3,1,2,1-2,630000,eps,true,0.013834746,false,false,false,false,false,false,false,false,false,small,early-period
cross-community-distractor-replay,tl-ocs,1401,0.5,D3,122,0.01914,3,4,5,4-5,630000,ocs,true,0.003964177,true,true,true,true,false,false,false,false,true,small,early-period
cross-community-distractor-replay,tl-ocs,1401,0.5,D3,123,0.01916,3,5,6,5-6,630000,eps,true,0.011420072,false,false,false,false,false,false,false,false,false,small,early-period
cross-community-distractor-replay,tl-ocs,1401,0.5,D3,124,0.01918,3,2,3,2-3,630000,ocs,true,0.002721022,true,true,true,true,false,false,false,false,true,small,early-period
cross-community-distractor-replay,tl-ocs,1401,0.5,D3,125,0.0192,3,6,7,6-7,630000,ocs,true,0.004062353,true,true,true,true,false,false,false,false,true,small,early-period
cross-community-distractor-replay,tl-ocs,1401,0.5,D3,126,0.01922,3,3,4,3-4,792000,eps,true,0.016185464,false,false,false,false,false,false,false,false,false,large,early-period
cross-community-distractor-replay,tl-ocs,1401,0.5,D3,127,0.01924,3,0,4,0-4,348000,eps,true,0.006252295,false,false,false,false,false,false,false,false,false,small,early-period
cross-community-distractor-replay,tl-ocs,1401,0.5,D3,128,0.01926,3,1,5,1-5,312000,eps,true,0.006165488,false,false,false,false,false,false,false,false,false,small,early-period
cross-community-distractor-replay,tl-ocs,1401,0.5,D3,129,0.01928,3,2,6,2-6,300000,eps,true,0.005245463,false,false,false,false,false,false,false,false,false,small,early-period
cross-community-distractor-replay,tl-ocs,1401,0.5,D3,130,0.0193,3,0,1,0-1,630000,ocs,true,0.004002337,true,true,true,true,false,false,false,false,true,small,early-period
cross-community-distractor-replay,tl-ocs,1401,0.5,D3,131,0.01932,3,1,2,1-2,630000,eps,true,0.013954579,false,false,false,false,false,false,false,false,false,small,early-period
cross-community-distractor-replay,tl-ocs,1401,0.5,D3,132,0.01934,3,4,5,4-5,630000,ocs,true,0.004053637,true,true,true,true,false,false,false,false,true,small,early-period
cross-community-distractor-replay,tl-ocs,1401,0.5,D3,133,0.01936,3,5,6,5-6,630000,eps,true,0.011458193,false,false,false,false,false,false,false,false,false,small,early-period
cross-community-distractor-replay,tl-ocs,1401,0.5,D3,134,0.01938,3,2,3,2-3,630000,ocs,true,0.002706012,true,true,true,true,false,false,false,false,true,small,early-period
cross-community-distractor-replay,tl-ocs,1401,0.5,D3,135,0.0194,3,6,7,6-7,630000,ocs,true,0.003984224,true,true,true,true,false,false,false,false,true,small,early-period
cross-community-distractor-replay,tl-ocs,1401,0.5,D3,136,0.01942,3,3,4,3-4,792000,eps,true,0.016362892,false,false,false,false,false,false,false,false,false,large,early-period
cross-community-distractor-replay,tl-ocs,1401,0.5,D3,137,0.01944,3,0,4,0-4,348000,eps,true,0.00630144,false,false,false,false,false,false,false,false,false,small,early-period
cross-community-distractor-replay,tl-ocs,1401,0.5,D3,138,0.01946,3,1,5,1-5,312000,eps,true,0.006208124,false,false,false,false,false,false,false,false,false,small,early-period
cross-community-distractor-replay,tl-ocs,1401,0.5,D3,139,0.01948,3,2,6,2-6,300000,eps,true,0.005308026,false,false,false,false,false,false,false,false,false,small,early-period
cross-community-distractor-replay,tl-ocs,1401,0.5,D3,140,0.0201,4,0,1,0-1,3480000,ocs,true,0.008311543,true,true,true,true,false,false,false,false,true,large,early-period
cross-community-distractor-replay,tl-ocs,1401,0.5,D3,141,0.02012,4,1,2,1-2,3480000,eps,true,0.074414057,false,false,false,false,false,false,false,false,false,large,early-period
cross-community-distractor-replay,tl-ocs,1401,0.5,D3,142,0.02014,4,4,5,4-5,2520000,ocs,true,0.007259207,true,true,true,true,false,false,false,false,true,large,early-period
cross-community-distractor-replay,tl-ocs,1401,0.5,D3,143,0.02016,4,5,6,5-6,1386000,eps,true,0.031946623,false,false,false,false,false,false,false,false,false,large,early-period
cross-community-distractor-replay,tl-ocs,1401,0.5,D3,144,0.02018,4,2,3,2-3,2520000,ocs,true,0.004844229,true,true,true,true,false,false,false,false,true,large,early-period
cross-community-distractor-replay,tl-ocs,1401,0.5,D3,145,0.0202,4,6,7,6-7,4320000,ocs,true,0.008998127,true,true,true,true,false,false,false,false,true,large,early-period
cross-community-distractor-replay,tl-ocs,1401,0.5,D3,146,0.02022,4,3,4,3-4,1425600,eps,true,0.036848095,false,false,false,false,false,false,false,false,false,large,early-period
cross-community-distractor-replay,tl-ocs,1401,0.5,D3,147,0.02024,4,0,4,0-4,1392000,eps,true,0.0359263,false,false,false,false,false,false,false,false,false,large,early-period
cross-community-distractor-replay,tl-ocs,1401,0.5,D3,148,0.02026,4,1,5,1-5,1248000,eps,true,0.039113024,false,false,false,false,false,false,false,false,false,large,early-period
cross-community-distractor-replay,tl-ocs,1401,0.5,D3,149,0.02028,4,2,6,2-6,1200000,eps,true,0.026286319,false,false,false,false,false,false,false,false,false,large,early-period
cross-community-distractor-replay,tl-ocs,1401,0.5,D3,150,0.0203,4,0,1,0-1,3480000,ocs,true,0.008325096,true,true,true,true,false,false,false,false,true,large,early-period
cross-community-distractor-replay,tl-ocs,1401,0.5,D3,151,0.02032,4,1,2,1-2,3480000,eps,true,0.074313971,false,false,false,false,false,false,false,false,false,large,early-period
cross-community-distractor-replay,tl-ocs,1401,0.5,D3,152,0.02034,4,4,5,4-5,2520000,ocs,true,0.007486387,true,true,true,true,false,false,false,false,true,large,early-period
cross-community-distractor-replay,tl-ocs,1401,0.5,D3,153,0.02036,4,5,6,5-6,1386000,eps,true,0.032163604,false,false,false,false,false,false,false,false,false,large,early-period
cross-community-distractor-replay,tl-ocs,1401,0.5,D3,154,0.02038,4,2,3,2-3,2520000,ocs,true,0.005023441,true,true,true,true,false,false,false,false,true,large,early-period
cross-community-distractor-replay,tl-ocs,1401,0.5,D3,155,0.0204,4,6,7,6-7,4320000,ocs,true,0.008895112,true,true,true,true,false,false,false,false,true,large,early-period
cross-community-distractor-replay,tl-ocs,1401,0.5,D3,156,0.02042,4,3,4,3-4,1425600,eps,true,0.036932154,false,false,false,false,false,false,false,false,false,large,early-period
cross-community-distractor-replay,tl-ocs,1401,0.5,D3,157,0.02044,4,0,4,0-4,1392000,eps,true,0.035998503,false,false,false,false,false,false,false,false,false,large,early-period
cross-community-distractor-replay,tl-ocs,1401,0.5,D3,158,0.02046,4,1,5,1-5,1248000,eps,true,0.035676864,false,false,false,false,false,false,false,false,false,large,early-period
cross-community-distractor-replay,tl-ocs,1401,0.5,D3,159,0.02048,4,2,6,2-6,1200000,eps,true,0.026496605,false,false,false,false,false,false,false,false,false,large,early-period
cross-community-distractor-replay,tl-ocs,1401,0.5,D3,160,0.0241,4,0,1,0-1,630000,ocs,true,0.003903423,true,true,true,true,false,false,false,false,true,small,early-period
cross-community-distractor-replay,tl-ocs,1401,0.5,D3,161,0.02412,4,1,2,1-2,630000,eps,true,0.016803659,false,false,false,false,false,false,false,false,false,small,early-period
cross-community-distractor-replay,tl-ocs,1401,0.5,D3,162,0.02414,4,4,5,4-5,630000,ocs,true,0.004082992,true,true,true,true,false,false,false,false,true,small,early-period
cross-community-distractor-replay,tl-ocs,1401,0.5,D3,163,0.02416,4,5,6,5-6,630000,eps,true,0.013401948,false,false,false,false,false,false,false,false,false,small,early-period
cross-community-distractor-replay,tl-ocs,1401,0.5,D3,164,0.02418,4,2,3,2-3,630000,ocs,true,0.00288333,true,true,true,true,false,false,false,false,true,small,early-period
cross-community-distractor-replay,tl-ocs,1401,0.5,D3,165,0.0242,4,6,7,6-7,630000,ocs,true,0.004036963,true,true,true,true,false,false,false,false,true,small,early-period
cross-community-distractor-replay,tl-ocs,1401,0.5,D3,166,0.02422,4,3,4,3-4,792000,eps,true,0.041662606,false,false,false,false,false,false,false,false,false,large,early-period
cross-community-distractor-replay,tl-ocs,1401,0.5,D3,167,0.02424,4,0,4,0-4,348000,eps,true,0.007771119,false,false,false,false,false,false,false,false,false,small,early-period
cross-community-distractor-replay,tl-ocs,1401,0.5,D3,168,0.02426,4,1,5,1-5,312000,eps,true,0.00759894,false,false,false,false,false,false,false,false,false,small,early-period
cross-community-distractor-replay,tl-ocs,1401,0.5,D3,169,0.02428,4,2,6,2-6,300000,eps,true,0.00601286,false,false,false,false,false,false,false,false,false,small,early-period
cross-community-distractor-replay,tl-ocs,1401,0.5,D3,170,0.0243,4,0,1,0-1,630000,ocs,true,0.003920869,true,true,true,true,false,false,false,false,true,small,early-period
cross-community-distractor-replay,tl-ocs,1401,0.5,D3,171,0.02432,4,1,2,1-2,630000,eps,true,0.016813246,false,false,false,false,false,false,false,false,false,small,early-period
cross-community-distractor-replay,tl-ocs,1401,0.5,D3,172,0.02434,4,4,5,4-5,630000,ocs,true,0.004128055,true,true,true,true,false,false,false,false,true,small,early-period
cross-community-distractor-replay,tl-ocs,1401,0.5,D3,173,0.02436,4,5,6,5-6,630000,eps,true,0.013518251,false,false,false,false,false,false,false,false,false,small,early-period
cross-community-distractor-replay,tl-ocs,1401,0.5,D3,174,0.02438,4,2,3,2-3,630000,ocs,true,0.00269757,true,true,true,true,false,false,false,false,true,small,early-period
cross-community-distractor-replay,tl-ocs,1401,0.5,D3,175,0.0244,4,6,7,6-7,630000,ocs,true,0.003937749,true,true,true,true,false,false,false,false,true,small,early-period
cross-community-distractor-replay,tl-ocs,1401,0.5,D3,176,0.02442,4,3,4,3-4,792000,eps,true,0.019865877,false,false,false,false,false,false,false,false,false,large,early-period
cross-community-distractor-replay,tl-ocs,1401,0.5,D3,177,0.02444,4,0,4,0-4,348000,eps,true,0.007855383,false,false,false,false,false,false,false,false,false,small,early-period
cross-community-distractor-replay,tl-ocs,1401,0.5,D3,178,0.02446,4,1,5,1-5,312000,eps,true,0.007658628,false,false,false,false,false,false,false,false,false,small,early-period
cross-community-distractor-replay,tl-ocs,1401,0.5,D3,179,0.02448,4,2,6,2-6,300000,eps,true,0.006007737,false,false,false,false,false,false,false,false,false,small,early-period
cross-community-distractor-replay,tl-ocs,1401,0.5,D3,180,0.0251,5,0,1,0-1,3480000,ocs,true,0.008324844,true,true,true,true,false,false,false,false,true,large,late-period
cross-community-distractor-replay,tl-ocs,1401,0.5,D3,181,0.02512,5,1,2,1-2,3480000,eps,true,0.071719807,false,false,false,false,false,false,false,false,false,large,late-period
cross-community-distractor-replay,tl-ocs,1401,0.5,D3,182,0.02514,5,4,5,4-5,2520000,ocs,true,0.007443223,true,true,true,true,false,false,false,false,true,large,late-period
cross-community-distractor-replay,tl-ocs,1401,0.5,D3,183,0.02516,5,5,6,5-6,1386000,eps,true,0.034024364,false,false,false,false,false,false,false,false,false,large,late-period
cross-community-distractor-replay,tl-ocs,1401,0.5,D3,184,0.02518,5,2,3,2-3,2520000,ocs,true,0.004843959,true,true,true,true,false,false,false,false,true,large,late-period
cross-community-distractor-replay,tl-ocs,1401,0.5,D3,185,0.0252,5,6,7,6-7,4320000,ocs,true,0.008971276,true,true,true,true,false,false,false,false,true,large,late-period
cross-community-distractor-replay,tl-ocs,1401,0.5,D3,186,0.02522,5,3,4,3-4,1425600,eps,true,0.038649652,false,false,false,false,false,false,false,false,false,large,late-period
cross-community-distractor-replay,tl-ocs,1401,0.5,D3,187,0.02524,5,0,4,0-4,1392000,eps,true,0.037980572,false,false,false,false,false,false,false,false,false,large,late-period
cross-community-distractor-replay,tl-ocs,1401,0.5,D3,188,0.02526,5,1,5,1-5,1248000,eps,true,0.038373004,false,false,false,false,false,false,false,false,false,large,late-period
cross-community-distractor-replay,tl-ocs,1401,0.5,D3,189,0.02528,5,2,6,2-6,1200000,eps,true,0.030139443,false,false,false,false,false,false,false,false,false,large,late-period
cross-community-distractor-replay,tl-ocs,1401,0.5,D3,190,0.0253,5,0,1,0-1,3480000,ocs,true,0.008538328,true,true,true,true,false,false,false,false,true,large,late-period
cross-community-distractor-replay,tl-ocs,1401,0.5,D3,191,0.02532,5,1,2,1-2,3480000,eps,true,0.071615773,false,false,false,false,false,false,false,false,false,large,late-period
cross-community-distractor-replay,tl-ocs,1401,0.5,D3,192,0.02534,5,4,5,4-5,2520000,ocs,true,0.007370646,true,true,true,true,false,false,false,false,true,large,late-period
cross-community-distractor-replay,tl-ocs,1401,0.5,D3,193,0.02536,5,5,6,5-6,1386000,eps,true,0.034063162,false,false,false,false,false,false,false,false,false,large,late-period
cross-community-distractor-replay,tl-ocs,1401,0.5,D3,194,0.02538,5,2,3,2-3,2520000,ocs,true,0.005030497,true,true,true,true,false,false,false,false,true,large,late-period
cross-community-distractor-replay,tl-ocs,1401,0.5,D3,195,0.0254,5,6,7,6-7,4320000,ocs,true,0.008897271,true,true,true,true,false,false,false,false,true,large,late-period
cross-community-distractor-replay,tl-ocs,1401,0.5,D3,196,0.02542,5,3,4,3-4,1425600,eps,true,0.041836742,false,false,false,false,false,false,false,false,false,large,late-period
cross-community-distractor-replay,tl-ocs,1401,0.5,D3,197,0.02544,5,0,4,0-4,1392000,eps,true,0.037982252,false,false,false,false,false,false,false,false,false,large,late-period
cross-community-distractor-replay,tl-ocs,1401,0.5,D3,198,0.02546,5,1,5,1-5,1248000,eps,true,0.038467325,false,false,false,false,false,false,false,false,false,large,late-period
cross-community-distractor-replay,tl-ocs,1401,0.5,D3,199,0.02548,5,2,6,2-6,1200000,eps,true,0.030177763,false,false,false,false,false,false,false,false,false,large,late-period
cross-community-distractor-replay,tl-ocs,1401,0.5,D3,200,0.0291,5,0,1,0-1,630000,ocs,true,0.003903683,true,true,true,true,false,false,false,false,true,small,late-period
cross-community-distractor-replay,tl-ocs,1401,0.5,D3,201,0.02912,5,1,2,1-2,630000,eps,true,0.019800832,false,false,false,false,false,false,false,false,false,small,late-period
cross-community-distractor-replay,tl-ocs,1401,0.5,D3,202,0.02914,5,4,5,4-5,630000,ocs,true,0.003889635,true,true,true,true,false,false,false,false,true,small,late-period
cross-community-distractor-replay,tl-ocs,1401,0.5,D3,203,0.02916,5,5,6,5-6,630000,eps,true,0.015384467,false,false,false,false,false,false,false,false,false,small,late-period
cross-community-distractor-replay,tl-ocs,1401,0.5,D3,204,0.02918,5,2,3,2-3,630000,ocs,true,0.002709417,true,true,true,true,false,false,false,false,true,small,late-period
cross-community-distractor-replay,tl-ocs,1401,0.5,D3,205,0.0292,5,6,7,6-7,630000,ocs,true,0.003938832,true,true,true,true,false,false,false,false,true,small,late-period
cross-community-distractor-replay,tl-ocs,1401,0.5,D3,206,0.02922,5,3,4,3-4,792000,eps,true,0.023159151,false,false,false,false,false,false,false,false,false,large,late-period
cross-community-distractor-replay,tl-ocs,1401,0.5,D3,207,0.02924,5,0,4,0-4,348000,eps,true,0.009338816,false,false,false,false,false,false,false,false,false,small,late-period
cross-community-distractor-replay,tl-ocs,1401,0.5,D3,208,0.02926,5,1,5,1-5,312000,eps,true,0.008946247,false,false,false,false,false,false,false,false,false,small,late-period
cross-community-distractor-replay,tl-ocs,1401,0.5,D3,209,0.02928,5,2,6,2-6,300000,eps,true,0.0068666,false,false,false,false,false,false,false,false,false,small,late-period
cross-community-distractor-replay,tl-ocs,1401,0.5,D3,210,0.0293,5,0,1,0-1,630000,ocs,true,0.003927925,true,true,true,true,false,false,false,false,true,small,late-period
cross-community-distractor-replay,tl-ocs,1401,0.5,D3,211,0.02932,5,1,2,1-2,630000,eps,true,0.019951024,false,false,false,false,false,false,false,false,false,small,late-period
cross-community-distractor-replay,tl-ocs,1401,0.5,D3,212,0.02934,5,4,5,4-5,630000,ocs,true,0.003886276,true,true,true,true,false,false,false,false,true,small,late-period
cross-community-distractor-replay,tl-ocs,1401,0.5,D3,213,0.02936,5,5,6,5-6,630000,eps,true,0.015459969,false,false,false,false,false,false,false,false,false,small,late-period
cross-community-distractor-replay,tl-ocs,1401,0.5,D3,214,0.02938,5,2,3,2-3,630000,ocs,true,0.002697464,true,true,true,true,false,false,false,false,true,small,late-period
cross-community-distractor-replay,tl-ocs,1401,0.5,D3,215,0.0294,5,6,7,6-7,630000,ocs,true,0.003817839,true,true,true,true,false,false,false,false,true,small,late-period
cross-community-distractor-replay,tl-ocs,1401,0.5,D3,216,0.02942,5,3,4,3-4,792000,eps,true,0.02320352,false,false,false,false,false,false,false,false,false,large,late-period
cross-community-distractor-replay,tl-ocs,1401,0.5,D3,217,0.02944,5,0,4,0-4,348000,eps,true,0.009067391,false,false,false,false,false,false,false,false,false,small,late-period
cross-community-distractor-replay,tl-ocs,1401,0.5,D3,218,0.02946,5,1,5,1-5,312000,eps,true,0.008977304,false,false,false,false,false,false,false,false,false,small,late-period
cross-community-distractor-replay,tl-ocs,1401,0.5,D3,219,0.02948,5,2,6,2-6,300000,eps,true,0.006904138,false,false,false,false,false,false,false,false,false,small,late-period
cross-community-distractor-replay,tl-ocs,1401,0.5,D3,220,0.0301,6,0,1,0-1,3480000,ocs,true,0.008664589,true,true,true,true,false,false,false,false,true,large,late-period
cross-community-distractor-replay,tl-ocs,1401,0.5,D3,221,0.03012,6,1,2,1-2,3480000,eps,true,0.068261331,false,false,false,false,false,false,false,false,false,large,late-period
cross-community-distractor-replay,tl-ocs,1401,0.5,D3,222,0.03014,6,4,5,4-5,2520000,ocs,true,0.013177313,true,true,true,true,false,false,false,false,true,large,late-period
cross-community-distractor-replay,tl-ocs,1401,0.5,D3,223,0.03016,6,5,6,5-6,1386000,eps,true,0.032963525,false,false,false,false,false,false,false,false,false,large,late-period
cross-community-distractor-replay,tl-ocs,1401,0.5,D3,224,0.03018,6,2,3,2-3,2520000,ocs,true,0.004837404,true,true,true,true,false,false,false,false,true,large,late-period
cross-community-distractor-replay,tl-ocs,1401,0.5,D3,225,0.0302,6,6,7,6-7,4320000,ocs,true,0.008867747,true,true,true,true,false,false,false,false,true,large,late-period
cross-community-distractor-replay,tl-ocs,1401,0.5,D3,226,0.03022,6,3,4,3-4,1425600,eps,true,0.037942611,false,false,false,false,false,false,false,false,false,large,late-period
cross-community-distractor-replay,tl-ocs,1401,0.5,D3,227,0.03024,6,0,4,0-4,1392000,eps,true,0.037406678,false,false,false,false,false,false,false,false,false,large,late-period
cross-community-distractor-replay,tl-ocs,1401,0.5,D3,228,0.03026,6,1,5,1-5,1248000,eps,true,0.038927154,false,false,false,false,false,false,false,false,false,large,late-period
cross-community-distractor-replay,tl-ocs,1401,0.5,D3,229,0.03028,6,2,6,2-6,1200000,eps,true,0.030306332,false,false,false,false,false,false,false,false,false,large,late-period
cross-community-distractor-replay,tl-ocs,1401,0.5,D3,230,0.0303,6,0,1,0-1,3480000,ocs,true,0.008859529,true,true,true,true,false,false,false,false,true,large,late-period
cross-community-distractor-replay,tl-ocs,1401,0.5,D3,231,0.03032,6,1,2,1-2,3480000,eps,true,0.068106127,false,false,false,false,false,false,false,false,false,large,late-period
cross-community-distractor-replay,tl-ocs,1401,0.5,D3,232,0.03034,6,4,5,4-5,2520000,ocs,true,0.007123022,true,true,true,true,false,false,false,false,true,large,late-period
cross-community-distractor-replay,tl-ocs,1401,0.5,D3,233,0.03036,6,5,6,5-6,1386000,eps,true,0.032871579,false,false,false,false,false,false,false,false,false,large,late-period
cross-community-distractor-replay,tl-ocs,1401,0.5,D3,234,0.03038,6,2,3,2-3,2520000,ocs,true,0.004841575,true,true,true,true,false,false,false,false,true,large,late-period
cross-community-distractor-replay,tl-ocs,1401,0.5,D3,235,0.0304,6,6,7,6-7,4320000,ocs,true,0.008877212,true,true,true,true,false,false,false,false,true,large,late-period
cross-community-distractor-replay,tl-ocs,1401,0.5,D3,236,0.03042,6,3,4,3-4,1425600,eps,true,0.037846795,false,false,false,false,false,false,false,false,false,large,late-period
cross-community-distractor-replay,tl-ocs,1401,0.5,D3,237,0.03044,6,0,4,0-4,1392000,eps,true,0.037343136,false,false,false,false,false,false,false,false,false,large,late-period
cross-community-distractor-replay,tl-ocs,1401,0.5,D3,238,0.03046,6,1,5,1-5,1248000,eps,true,0.038941817,false,false,false,false,false,false,false,false,false,large,late-period
cross-community-distractor-replay,tl-ocs,1401,0.5,D3,239,0.03048,6,2,6,2-6,1200000,eps,true,0.030285426,false,false,false,false,false,false,false,false,false,large,late-period
cross-community-distractor-replay,tl-ocs,1401,0.5,D3,240,0.0341,6,0,1,0-1,630000,ocs,true,0.004248666,true,true,true,true,false,false,false,false,true,small,late-period
cross-community-distractor-replay,tl-ocs,1401,0.5,D3,241,0.03412,6,1,2,1-2,630000,eps,true,0.022917692,false,false,false,false,false,false,false,false,false,small,late-period
cross-community-distractor-replay,tl-ocs,1401,0.5,D3,242,0.03414,6,4,5,4-5,630000,ocs,true,0.004002475,true,true,true,true,false,false,false,false,true,small,late-period
cross-community-distractor-replay,tl-ocs,1401,0.5,D3,243,0.03416,6,5,6,5-6,630000,eps,true,0.017628342,false,false,false,false,false,false,false,false,false,small,late-period
cross-community-distractor-replay,tl-ocs,1401,0.5,D3,244,0.03418,6,2,3,2-3,630000,ocs,true,0.002699707,true,true,true,true,false,false,false,false,true,small,late-period
cross-community-distractor-replay,tl-ocs,1401,0.5,D3,245,0.0342,6,6,7,6-7,630000,ocs,true,0.003794174,true,true,true,true,false,false,false,false,true,small,late-period
cross-community-distractor-replay,tl-ocs,1401,0.5,D3,246,0.03422,6,3,4,3-4,792000,eps,true,0.024375276,false,false,false,false,false,false,false,false,false,large,late-period
cross-community-distractor-replay,tl-ocs,1401,0.5,D3,247,0.03424,6,0,4,0-4,348000,eps,true,0.010139653,false,false,false,false,false,false,false,false,false,small,late-period
cross-community-distractor-replay,tl-ocs,1401,0.5,D3,248,0.03426,6,1,5,1-5,312000,eps,true,0.010246166,false,false,false,false,false,false,false,false,false,small,late-period
cross-community-distractor-replay,tl-ocs,1401,0.5,D3,249,0.03428,6,2,6,2-6,300000,eps,true,0.007874038,false,false,false,false,false,false,false,false,false,small,late-period
cross-community-distractor-replay,tl-ocs,1401,0.5,D3,250,0.0343,6,0,1,0-1,630000,ocs,true,0.00383828,true,true,true,true,false,false,false,false,true,small,late-period
cross-community-distractor-replay,tl-ocs,1401,0.5,D3,251,0.03432,6,1,2,1-2,630000,eps,true,0.021795384,false,false,false,false,false,false,false,false,false,small,late-period
cross-community-distractor-replay,tl-ocs,1401,0.5,D3,252,0.03434,6,4,5,4-5,630000,ocs,true,0.003985652,true,true,true,true,false,false,false,false,true,small,late-period
cross-community-distractor-replay,tl-ocs,1401,0.5,D3,253,0.03436,6,5,6,5-6,630000,eps,true,0.017706424,false,false,false,false,false,false,false,false,false,small,late-period
cross-community-distractor-replay,tl-ocs,1401,0.5,D3,254,0.03438,6,2,3,2-3,630000,ocs,true,0.00269737,true,true,true,true,false,false,false,false,true,small,late-period
cross-community-distractor-replay,tl-ocs,1401,0.5,D3,255,0.0344,6,6,7,6-7,630000,ocs,true,0.003830194,true,true,true,true,false,false,false,false,true,small,late-period
cross-community-distractor-replay,tl-ocs,1401,0.5,D3,256,0.03442,6,3,4,3-4,792000,eps,true,0.024378585,false,false,false,false,false,false,false,false,false,large,late-period
cross-community-distractor-replay,tl-ocs,1401,0.5,D3,257,0.03444,6,0,4,0-4,348000,eps,true,0.010179349,false,false,false,false,false,false,false,false,false,small,late-period
cross-community-distractor-replay,tl-ocs,1401,0.5,D3,258,0.03446,6,1,5,1-5,312000,eps,true,0.010247734,false,false,false,false,false,false,false,false,false,small,late-period
cross-community-distractor-replay,tl-ocs,1401,0.5,D3,259,0.03448,6,2,6,2-6,300000,eps,true,0.007910901,false,false,false,false,false,false,false,false,false,small,late-period
cross-community-distractor-replay,tl-ocs,1401,0.5,D3,260,0.0351,7,0,1,0-1,3480000,ocs,true,0.008907711,true,true,true,true,false,false,false,false,true,large,late-period
cross-community-distractor-replay,tl-ocs,1401,0.5,D3,261,0.03512,7,1,2,1-2,3480000,eps,true,0.064247005,false,false,false,false,false,false,false,false,false,large,late-period
cross-community-distractor-replay,tl-ocs,1401,0.5,D3,262,0.03514,7,4,5,4-5,2520000,ocs,true,0.007377587,true,true,true,true,false,false,false,false,true,large,late-period
cross-community-distractor-replay,tl-ocs,1401,0.5,D3,263,0.03516,7,5,6,5-6,1386000,eps,true,0.030093084,false,false,false,false,false,false,false,false,false,large,late-period
cross-community-distractor-replay,tl-ocs,1401,0.5,D3,264,0.03518,7,2,3,2-3,2520000,ocs,true,0.004847019,true,true,true,true,false,false,false,false,true,large,late-period
cross-community-distractor-replay,tl-ocs,1401,0.5,D3,265,0.0352,7,6,7,6-7,4320000,ocs,true,0.009187941,true,true,true,true,false,false,false,false,true,large,late-period
cross-community-distractor-replay,tl-ocs,1401,0.5,D3,266,0.03522,7,3,4,3-4,1425600,eps,true,0.035280669,false,false,false,false,false,false,false,false,false,large,late-period
cross-community-distractor-replay,tl-ocs,1401,0.5,D3,267,0.03524,7,0,4,0-4,1392000,eps,true,0.034945808,false,false,false,false,false,false,false,false,false,large,late-period
cross-community-distractor-replay,tl-ocs,1401,0.5,D3,268,0.03526,7,1,5,1-5,1248000,eps,true,0.047560163,false,false,false,false,false,false,false,false,false,large,late-period
cross-community-distractor-replay,tl-ocs,1401,0.5,D3,269,0.03528,7,2,6,2-6,1200000,eps,true,0.028385349,false,false,false,false,false,false,false,false,false,large,late-period
cross-community-distractor-replay,tl-ocs,1401,0.5,D3,270,0.0353,7,0,1,0-1,3480000,ocs,true,0.008898129,true,true,true,true,false,false,false,false,true,large,late-period
cross-community-distractor-replay,tl-ocs,1401,0.5,D3,271,0.03532,7,1,2,1-2,3480000,eps,true,0.064088177,false,false,false,false,false,false,false,false,false,large,late-period
cross-community-distractor-replay,tl-ocs,1401,0.5,D3,272,0.03534,7,4,5,4-5,2520000,ocs,true,0.007743813,true,true,true,true,false,false,false,false,true,large,late-period
cross-community-distractor-replay,tl-ocs,1401,0.5,D3,273,0.03536,7,5,6,5-6,1386000,eps,true,0.029952479,false,false,false,false,false,false,false,false,false,large,late-period
cross-community-distractor-replay,tl-ocs,1401,0.5,D3,274,0.03538,7,2,3,2-3,2520000,ocs,true,0.004850716,true,true,true,true,false,false,false,false,true,large,late-period
cross-community-distractor-replay,tl-ocs,1401,0.5,D3,275,0.0354,7,6,7,6-7,4320000,ocs,true,0.009182667,true,true,true,true,false,false,false,false,true,large,late-period
cross-community-distractor-replay,tl-ocs,1401,0.5,D3,276,0.03542,7,3,4,3-4,1425600,eps,true,0.035139069,false,false,false,false,false,false,false,false,false,large,late-period
cross-community-distractor-replay,tl-ocs,1401,0.5,D3,277,0.03544,7,0,4,0-4,1392000,eps,true,0.034811938,false,false,false,false,false,false,false,false,false,large,late-period
cross-community-distractor-replay,tl-ocs,1401,0.5,D3,278,0.03546,7,1,5,1-5,1248000,eps,true,0.037864348,false,false,false,false,false,false,false,false,false,large,late-period
cross-community-distractor-replay,tl-ocs,1401,0.5,D3,279,0.03548,7,2,6,2-6,1200000,eps,true,0.02822397,false,false,false,false,false,false,false,false,false,large,late-period
cross-community-distractor-replay,tl-ocs,1401,0.5,D3,280,0.0391,7,0,1,0-1,630000,ocs,true,0.00419899,true,true,true,true,false,false,false,false,true,small,late-period
cross-community-distractor-replay,tl-ocs,1401,0.5,D3,281,0.03912,7,1,2,1-2,630000,eps,true,0.021990977,false,false,false,false,false,false,false,false,false,small,late-period
cross-community-distractor-replay,tl-ocs,1401,0.5,D3,282,0.03914,7,4,5,4-5,630000,ocs,true,0.003812435,true,true,true,true,false,false,false,false,true,small,late-period
cross-community-distractor-replay,tl-ocs,1401,0.5,D3,283,0.03916,7,5,6,5-6,630000,eps,true,0.017938534,false,false,false,false,false,false,false,false,false,small,late-period
cross-community-distractor-replay,tl-ocs,1401,0.5,D3,284,0.03918,7,2,3,2-3,630000,ocs,true,0.002706873,true,true,true,true,false,false,false,false,true,small,late-period
cross-community-distractor-replay,tl-ocs,1401,0.5,D3,285,0.0392,7,6,7,6-7,630000,ocs,true,0.003890475,true,true,true,true,false,false,false,false,true,small,late-period
cross-community-distractor-replay,tl-ocs,1401,0.5,D3,286,0.03922,7,3,4,3-4,792000,eps,true,0.023874524,false,false,false,false,false,false,false,false,false,large,late-period
cross-community-distractor-replay,tl-ocs,1401,0.5,D3,287,0.03924,7,0,4,0-4,348000,eps,true,0.011519857,false,false,false,false,false,false,false,false,false,small,late-period
cross-community-distractor-replay,tl-ocs,1401,0.5,D3,288,0.03926,7,1,5,1-5,312000,eps,true,0.01134891,false,false,false,false,false,false,false,false,false,small,late-period
cross-community-distractor-replay,tl-ocs,1401,0.5,D3,289,0.03928,7,2,6,2-6,300000,eps,true,0.008833741,false,false,false,false,false,false,false,false,false,small,late-period
cross-community-distractor-replay,tl-ocs,1401,0.5,D3,290,0.0393,7,0,1,0-1,630000,ocs,true,0.003885063,true,true,true,true,false,false,false,false,true,small,late-period
cross-community-distractor-replay,tl-ocs,1401,0.5,D3,291,0.03932,7,1,2,1-2,630000,eps,true,0.021970051,false,false,false,false,false,false,false,false,false,small,late-period
cross-community-distractor-replay,tl-ocs,1401,0.5,D3,292,0.03934,7,4,5,4-5,630000,ocs,true,0.003757567,true,true,true,true,false,false,false,false,true,small,late-period
cross-community-distractor-replay,tl-ocs,1401,0.5,D3,293,0.03936,7,5,6,5-6,630000,eps,true,0.017919556,false,false,false,false,false,false,false,false,false,small,late-period
cross-community-distractor-replay,tl-ocs,1401,0.5,D3,294,0.03938,7,2,3,2-3,630000,ocs,true,0.002698722,true,true,true,true,false,false,false,false,true,small,late-period
cross-community-distractor-replay,tl-ocs,1401,0.5,D3,295,0.0394,7,6,7,6-7,630000,ocs,true,0.003764857,true,true,true,true,false,false,false,false,true,small,late-period
cross-community-distractor-replay,tl-ocs,1401,0.5,D3,296,0.03942,7,3,4,3-4,792000,eps,true,0.033189488,false,false,false,false,false,false,false,false,false,large,late-period
cross-community-distractor-replay,tl-ocs,1401,0.5,D3,297,0.03944,7,0,4,0-4,348000,eps,true,0.01153397,false,false,false,false,false,false,false,false,false,small,late-period
cross-community-distractor-replay,tl-ocs,1401,0.5,D3,298,0.03946,7,1,5,1-5,312000,eps,true,0.011384844,false,false,false,false,false,false,false,false,false,small,late-period
cross-community-distractor-replay,tl-ocs,1401,0.5,D3,299,0.03948,7,2,6,2-6,300000,eps,true,0.008872658,false,false,false,false,false,false,false,false,false,small,late-period
cross-community-distractor-replay,tl-ocs,1401,0.5,D3,300,0.0401,8,0,1,0-1,3480000,ocs,true,0.009123712,true,true,true,true,false,false,false,false,true,large,late-period
cross-community-distractor-replay,tl-ocs,1401,0.5,D3,301,0.04012,8,1,2,1-2,3480000,eps,true,0.059833171,false,false,false,false,false,false,false,false,false,large,late-period
cross-community-distractor-replay,tl-ocs,1401,0.5,D3,302,0.04014,8,4,5,4-5,2520000,ocs,true,0.007324326,true,true,true,true,false,false,false,false,true,large,late-period
cross-community-distractor-replay,tl-ocs,1401,0.5,D3,303,0.04016,8,5,6,5-6,1386000,eps,true,0.026202525,false,false,false,false,false,false,false,false,false,large,late-period
cross-community-distractor-replay,tl-ocs,1401,0.5,D3,304,0.04018,8,2,3,2-3,2520000,ocs,true,0.004840329,true,true,true,true,false,false,false,false,true,large,late-period
cross-community-distractor-replay,tl-ocs,1401,0.5,D3,305,0.0402,8,6,7,6-7,4320000,ocs,true,0.009557764,true,true,true,true,false,false,false,false,true,large,late-period
cross-community-distractor-replay,tl-ocs,1401,0.5,D3,306,0.04022,8,3,4,3-4,1425600,eps,true,0.031707498,false,false,false,false,false,false,false,false,false,large,late-period
cross-community-distractor-replay,tl-ocs,1401,0.5,D3,307,0.04024,8,0,4,0-4,1392000,eps,true,0.031492568,false,false,false,false,false,false,false,false,false,large,late-period
cross-community-distractor-replay,tl-ocs,1401,0.5,D3,308,0.04026,8,1,5,1-5,1248000,eps,true,0.03590084,false,false,false,false,false,false,false,false,false,large,late-period
cross-community-distractor-replay,tl-ocs,1401,0.5,D3,309,0.04028,8,2,6,2-6,1200000,eps,true,0.025119715,false,false,false,false,false,false,false,false,false,large,late-period
cross-community-distractor-replay,tl-ocs,1401,0.5,D3,310,0.0403,8,0,1,0-1,3480000,ocs,true,0.009194701,true,true,true,true,false,false,false,false,true,large,late-period
cross-community-distractor-replay,tl-ocs,1401,0.5,D3,311,0.04032,8,1,2,1-2,3480000,eps,true,0.059648937,false,false,false,false,false,false,false,false,false,large,late-period
cross-community-distractor-replay,tl-ocs,1401,0.5,D3,312,0.04034,8,4,5,4-5,2520000,ocs,true,0.007281625,true,true,true,true,false,false,false,false,true,large,late-period
cross-community-distractor-replay,tl-ocs,1401,0.5,D3,313,0.04036,8,5,6,5-6,1386000,eps,true,0.026024549,false,false,false,false,false,false,false,false,false,large,late-period
cross-community-distractor-replay,tl-ocs,1401,0.5,D3,314,0.04038,8,2,3,2-3,2520000,ocs,true,0.004843452,true,true,true,true,false,false,false,false,true,large,late-period
cross-community-distractor-replay,tl-ocs,1401,0.5,D3,315,0.0404,8,6,7,6-7,4320000,ocs,true,0.009535937,true,true,true,true,false,false,false,false,true,large,late-period
cross-community-distractor-replay,tl-ocs,1401,0.5,D3,316,0.04042,8,3,4,3-4,1425600,eps,true,0.031548005,false,false,false,false,false,false,false,false,false,large,late-period
cross-community-distractor-replay,tl-ocs,1401,0.5,D3,317,0.04044,8,0,4,0-4,1392000,eps,true,0.031343594,false,false,false,false,false,false,false,false,false,large,late-period
cross-community-distractor-replay,tl-ocs,1401,0.5,D3,318,0.04046,8,1,5,1-5,1248000,eps,true,0.035780029,false,false,false,false,false,false,false,false,false,large,late-period
cross-community-distractor-replay,tl-ocs,1401,0.5,D3,319,0.04048,8,2,6,2-6,1200000,eps,true,0.024961211,false,false,false,false,false,false,false,false,false,large,late-period
cross-community-distractor-replay,tl-ocs,1401,0.5,D3,320,0.0441,8,0,1,0-1,630000,ocs,true,0.003734576,true,true,true,true,false,false,false,false,true,small,late-period
cross-community-distractor-replay,tl-ocs,1401,0.5,D3,321,0.04412,8,1,2,1-2,630000,eps,true,0.021037617,false,false,false,false,false,false,false,false,false,small,late-period
cross-community-distractor-replay,tl-ocs,1401,0.5,D3,322,0.04414,8,4,5,4-5,630000,ocs,true,0.003866152,true,true,true,true,false,false,false,false,true,small,late-period
cross-community-distractor-replay,tl-ocs,1401,0.5,D3,323,0.04416,8,5,6,5-6,630000,eps,true,0.016407988,false,false,false,false,false,false,false,false,false,small,late-period
cross-community-distractor-replay,tl-ocs,1401,0.5,D3,324,0.04418,8,2,3,2-3,630000,ocs,true,0.002710015,true,true,true,true,false,false,false,false,true,small,late-period
cross-community-distractor-replay,tl-ocs,1401,0.5,D3,325,0.0442,8,6,7,6-7,630000,ocs,true,0.003857844,true,true,true,true,false,false,false,false,true,small,late-period
cross-community-distractor-replay,tl-ocs,1401,0.5,D3,326,0.04422,8,3,4,3-4,792000,eps,true,0.021990995,false,false,false,false,false,false,false,false,false,large,late-period
cross-community-distractor-replay,tl-ocs,1401,0.5,D3,327,0.04424,8,0,4,0-4,348000,eps,true,0.011808732,false,false,false,false,false,false,false,false,false,small,late-period
cross-community-distractor-replay,tl-ocs,1401,0.5,D3,328,0.04426,8,1,5,1-5,312000,eps,true,0.02083658,false,false,false,false,false,false,false,false,false,small,late-period
cross-community-distractor-replay,tl-ocs,1401,0.5,D3,329,0.04428,8,2,6,2-6,300000,eps,true,0.009361866,false,false,false,false,false,false,false,false,false,small,late-period
cross-community-distractor-replay,tl-ocs,1401,0.5,D3,330,0.0443,8,0,1,0-1,630000,ocs,true,0.003807448,true,true,true,true,false,false,false,false,true,small,late-period
cross-community-distractor-replay,tl-ocs,1401,0.5,D3,331,0.04432,8,1,2,1-2,630000,eps,true,0.02827179,false,false,false,false,false,false,false,false,false,small,late-period
cross-community-distractor-replay,tl-ocs,1401,0.5,D3,332,0.04434,8,4,5,4-5,630000,ocs,true,0.004066272,true,true,true,true,false,false,false,false,true,small,late-period
cross-community-distractor-replay,tl-ocs,1401,0.5,D3,333,0.04436,8,5,6,5-6,630000,eps,true,0.016327524,false,false,false,false,false,false,false,false,false,small,late-period
cross-community-distractor-replay,tl-ocs,1401,0.5,D3,334,0.04438,8,2,3,2-3,630000,ocs,true,0.002704484,true,true,true,true,false,false,false,false,true,small,late-period
cross-community-distractor-replay,tl-ocs,1401,0.5,D3,335,0.0444,8,6,7,6-7,630000,ocs,true,0.00390365,true,true,true,true,false,false,false,false,true,small,late-period
cross-community-distractor-replay,tl-ocs,1401,0.5,D3,336,0.04442,8,3,4,3-4,792000,eps,true,0.021921573,false,false,false,false,false,false,false,false,false,large,late-period
cross-community-distractor-replay,tl-ocs,1401,0.5,D3,337,0.04444,8,0,4,0-4,348000,eps,true,0.011827985,false,false,false,false,false,false,false,false,false,small,late-period
cross-community-distractor-replay,tl-ocs,1401,0.5,D3,338,0.04446,8,1,5,1-5,312000,eps,true,0.011611035,false,false,false,false,false,false,false,false,false,small,late-period
cross-community-distractor-replay,tl-ocs,1401,0.5,D3,339,0.04448,8,2,6,2-6,300000,eps,true,0.009324685,false,false,false,false,false,false,false,false,false,small,late-period
cross-community-distractor-replay,tl-ocs,1401,0.5,D3,340,0.0451,9,0,1,0-1,3480000,ocs,true,0.008867663,true,true,true,true,false,false,false,false,true,large,late-period
cross-community-distractor-replay,tl-ocs,1401,0.5,D3,341,0.04512,9,1,2,1-2,3480000,eps,true,0.055096763,false,false,false,false,false,false,false,false,false,large,late-period
cross-community-distractor-replay,tl-ocs,1401,0.5,D3,342,0.04514,9,4,5,4-5,2520000,ocs,true,0.007672853,true,true,true,true,false,false,false,false,true,large,late-period
cross-community-distractor-replay,tl-ocs,1401,0.5,D3,343,0.04516,9,5,6,5-6,1386000,eps,true,0.021526631,false,false,false,false,false,false,false,false,false,large,late-period
cross-community-distractor-replay,tl-ocs,1401,0.5,D3,344,0.04518,9,2,3,2-3,2520000,ocs,true,0.004846829,true,true,true,true,false,false,false,false,true,large,late-period
cross-community-distractor-replay,tl-ocs,1401,0.5,D3,345,0.0452,9,6,7,6-7,4320000,ocs,true,0.009538865,true,true,true,true,false,false,false,false,true,large,late-period
cross-community-distractor-replay,tl-ocs,1401,0.5,D3,346,0.04522,9,3,4,3-4,1425600,eps,true,0.027354583,false,false,false,false,false,false,false,false,false,large,late-period
cross-community-distractor-replay,tl-ocs,1401,0.5,D3,347,0.04524,9,0,4,0-4,1392000,eps,true,0.02725156,false,false,false,false,false,false,false,false,false,large,late-period
cross-community-distractor-replay,tl-ocs,1401,0.5,D3,348,0.04526,9,1,5,1-5,1248000,eps,true,0.033317437,false,false,false,false,false,false,false,false,false,large,late-period
cross-community-distractor-replay,tl-ocs,1401,0.5,D3,349,0.04528,9,2,6,2-6,1200000,eps,true,0.021074577,false,false,false,false,false,false,false,false,false,large,late-period
cross-community-distractor-replay,tl-ocs,1401,0.5,D3,350,0.0453,9,0,1,0-1,3480000,ocs,true,0.008863716,true,true,true,true,false,false,false,false,true,large,late-period
cross-community-distractor-replay,tl-ocs,1401,0.5,D3,351,0.04532,9,1,2,1-2,3480000,eps,true,0.054899883,false,false,false,false,false,false,false,false,false,large,late-period
cross-community-distractor-replay,tl-ocs,1401,0.5,D3,352,0.04534,9,4,5,4-5,2520000,ocs,true,0.007496123,true,true,true,true,false,false,false,false,true,large,late-period
cross-community-distractor-replay,tl-ocs,1401,0.5,D3,353,0.04536,9,5,6,5-6,1386000,eps,true,0.02133475,false,false,false,false,false,false,false,false,false,large,late-period
cross-community-distractor-replay,tl-ocs,1401,0.5,D3,354,0.04538,9,2,3,2-3,2520000,ocs,true,0.005035763,true,true,true,true,false,false,false,false,true,large,late-period
cross-community-distractor-replay,tl-ocs,1401,0.5,D3,355,0.0454,9,6,7,6-7,4320000,ocs,true,0.009456583,true,true,true,true,false,false,false,false,true,large,late-period
cross-community-distractor-replay,tl-ocs,1401,0.5,D3,356,0.04542,9,3,4,3-4,1425600,eps,true,0.027163895,false,false,false,false,false,false,false,false,false,large,late-period
cross-community-distractor-replay,tl-ocs,1401,0.5,D3,357,0.04544,9,0,4,0-4,1392000,eps,true,0.027070018,false,false,false,false,false,false,false,false,false,large,late-period
cross-community-distractor-replay,tl-ocs,1401,0.5,D3,358,0.04546,9,1,5,1-5,1248000,eps,true,0.033187449,false,false,false,false,false,false,false,false,false,large,late-period
cross-community-distractor-replay,tl-ocs,1401,0.5,D3,359,0.04548,9,2,6,2-6,1200000,eps,true,0.020894713,false,false,false,false,false,false,false,false,false,large,late-period
cross-community-distractor-replay,tl-ocs,1401,0.5,D3,360,0.0491,9,0,1,0-1,630000,ocs,true,0.00377817,true,true,true,true,false,false,false,false,true,small,late-period
cross-community-distractor-replay,tl-ocs,1401,0.5,D3,361,0.04912,9,1,2,1-2,630000,eps,true,0.023510111,false,false,false,false,false,false,false,false,false,small,late-period
cross-community-distractor-replay,tl-ocs,1401,0.5,D3,362,0.04914,9,4,5,4-5,630000,ocs,true,0.003851369,true,true,true,true,false,false,false,false,true,small,late-period
cross-community-distractor-replay,tl-ocs,1401,0.5,D3,363,0.04916,9,5,6,5-6,630000,eps,true,0.01377784,false,false,false,false,false,false,false,false,false,small,late-period
cross-community-distractor-replay,tl-ocs,1401,0.5,D3,364,0.04918,9,2,3,2-3,630000,ocs,true,0.002714028,true,true,true,true,false,false,false,false,true,small,late-period
cross-community-distractor-replay,tl-ocs,1401,0.5,D3,365,0.0492,9,6,7,6-7,630000,ocs,true,0.003784365,true,true,true,true,false,false,false,false,true,small,late-period
cross-community-distractor-replay,tl-ocs,1401,0.5,D3,366,0.04922,9,3,4,3-4,792000,eps,true,0.01938844,false,false,false,false,false,false,false,false,false,large,late-period
cross-community-distractor-replay,tl-ocs,1401,0.5,D3,367,0.04924,9,0,4,0-4,348000,eps,true,0.010820892,false,false,false,false,false,false,false,false,false,small,late-period
cross-community-distractor-replay,tl-ocs,1401,0.5,D3,368,0.04926,9,1,5,1-5,312000,eps,true,0.01092776,false,false,false,false,false,false,false,false,false,small,late-period
cross-community-distractor-replay,tl-ocs,1401,0.5,D3,369,0.04928,9,2,6,2-6,300000,eps,true,0.008290709,false,false,false,false,false,false,false,false,false,small,late-period
cross-community-distractor-replay,tl-ocs,1401,0.5,D3,370,0.0493,9,0,1,0-1,630000,ocs,true,0.003684776,true,true,true,true,false,false,false,false,true,small,late-period
cross-community-distractor-replay,tl-ocs,1401,0.5,D3,371,0.04932,9,1,2,1-2,630000,eps,true,0.019426956,false,false,false,false,false,false,false,false,false,small,late-period
cross-community-distractor-replay,tl-ocs,1401,0.5,D3,372,0.04934,9,4,5,4-5,630000,ocs,true,0.004004246,true,true,true,true,false,false,false,false,true,small,late-period
cross-community-distractor-replay,tl-ocs,1401,0.5,D3,373,0.04936,9,5,6,5-6,630000,eps,true,0.013638931,false,false,false,false,false,false,false,false,false,small,late-period
cross-community-distractor-replay,tl-ocs,1401,0.5,D3,374,0.04938,9,2,3,2-3,630000,ocs,true,0.002699373,true,true,true,true,false,false,false,false,true,small,late-period
cross-community-distractor-replay,tl-ocs,1401,0.5,D3,375,0.0494,9,6,7,6-7,630000,ocs,true,0.00375354,true,true,true,true,false,false,false,false,true,small,late-period
cross-community-distractor-replay,tl-ocs,1401,0.5,D3,376,0.04942,9,3,4,3-4,792000,eps,true,0.019263322,false,false,false,false,false,false,false,false,false,large,late-period
cross-community-distractor-replay,tl-ocs,1401,0.5,D3,377,0.04944,9,0,4,0-4,348000,eps,true,0.01076642,false,false,false,false,false,false,false,false,false,small,late-period
cross-community-distractor-replay,tl-ocs,1401,0.5,D3,378,0.04946,9,1,5,1-5,312000,eps,true,0.010872914,false,false,false,false,false,false,false,false,false,small,late-period
cross-community-distractor-replay,tl-ocs,1401,0.5,D3,379,0.04948,9,2,6,2-6,300000,eps,true,0.008239261,false,false,false,false,false,false,false,false,false,small,late-period
