schema_version,experiment,scheme,traffic_pattern,run_id,flow_id,source_tor,source_server,destination_tor,destination_server,path_type,size_bytes,received_bytes,start_time_s,completion_time_s,fct_s,completed
tl-hoc-v7,v7-community-main-static-ocs-rho0p3-seed1,static-ocs,community-local,1,0,1,0,0,1,optical-direct,20000,20000,0.001,0.00315632,0.00215632,true
tl-hoc-v7,v7-community-main-static-ocs-rho0p3-seed1,static-ocs,community-local,1,1,3,1,2,2,optical-direct,20000,20000,0.002957573,0.005113893,0.00215632,true
tl-hoc-v7,v7-community-main-static-ocs-rho0p3-seed1,static-ocs,community-local,1,2,1,2,0,3,optical-direct,20000,20000,0.003856398,0.006248301,0.002391903,true
tl-hoc-v7,v7-community-main-static-ocs-rho0p3-seed1,static-ocs,community-local,1,3,0,3,1,4,optical-direct,20000,20000,0.003902101,0.006101621,0.00219952,true
tl-hoc-v7,v7-community-main-static-ocs-rho0p3-seed1,static-ocs,community-local,1,4,0,4,1,5,optical-direct,20000,20000,0.00621847,0.00837479,0.00215632,true
tl-hoc-v7,v7-community-main-static-ocs-rho0p3-seed1,static-ocs,community-local,1,5,2,5,0,6,optical-direct,20000,20000,0.006308238,0.008464558,0.00215632,true
tl-hoc-v7,v7-community-main-static-ocs-rho0p3-seed1,static-ocs,community-local,1,6,3,6,2,7,optical-direct,20000,20000,0.006476619,0.008986445,0.002509826,true
tl-hoc-v7,v7-community-main-static-ocs-rho0p3-seed1,static-ocs,community-local,1,7,2,7,3,8,optical-direct,20000,20000,0.006640245,0.008844405,0.00220416,true
tl-hoc-v7,v7-community-main-static-ocs-rho0p3-seed1,static-ocs,community-local,1,8,1,8,0,9,optical-direct,20000,20000,0.007009542,0.00925547,0.002245928,true
tl-hoc-v7,v7-community-main-static-ocs-rho0p3-seed1,static-ocs,community-local,1,9,0,9,1,10,optical-direct,20000,20000,0.00792344,0.01025595,0.00233251,true
tl-hoc-v7,v7-community-main-static-ocs-rho0p3-seed1,static-ocs,community-local,1,10,3,10,2,11,optical-direct,20000,20000,0.008547714,0.010984965,0.002437251,true
tl-hoc-v7,v7-community-main-static-ocs-rho0p3-seed1,static-ocs,community-local,1,11,2,11,3,12,optical-direct,20000,20000,0.008672987,0.01255702,0.003884033,true
tl-hoc-v7,v7-community-main-static-ocs-rho0p3-seed1,static-ocs,community-local,1,12,3,12,2,13,optical-direct,20000,20000,0.008920817,0.01269402,0.003773203,true
tl-hoc-v7,v7-community-main-static-ocs-rho0p3-seed1,static-ocs,community-local,1,13,3,13,2,14,optical-direct,20000,20000,0.009116151,0.01297722,0.003861069,true
tl-hoc-v7,v7-community-main-static-ocs-rho0p3-seed1,static-ocs,community-local,1,14,1,14,0,15,optical-direct,20000,20000,0.00920309,0.011372958,0.002169868,true
tl-hoc-v7,v7-community-main-static-ocs-rho0p3-seed1,static-ocs,community-local,1,15,2,15,1,0,optical-direct,20000,20000,0.009457909,0.011614229,0.00215632,true
tl-hoc-v7,v7-community-main-static-ocs-rho0p3-seed1,static-ocs,community-local,1,16,3,0,0,1,optical-direct,20000,20000,0.010275564,0.012431884,0.00215632,true
tl-hoc-v7,v7-community-main-static-ocs-rho0p3-seed1,static-ocs,community-local,1,17,1,1,0,2,optical-direct,20000,20000,0.010479238,0.012635558,0.00215632,true
tl-hoc-v7,v7-community-main-static-ocs-rho0p3-seed1,static-ocs,community-local,1,18,3,2,2,3,optical-direct,20000,20000,0.01066702,0.01286506,0.00219804,true
tl-hoc-v7,v7-community-main-static-ocs-rho0p3-seed1,static-ocs,community-local,1,19,2,3,3,4,optical-direct,20000,20000,0.011600012,0.01425338,0.002653368,true
tl-hoc-v7,v7-community-main-static-ocs-rho0p3-seed1,static-ocs,community-local,1,20,3,4,2,5,optical-direct,20000,20000,0.012102289,0.01513678,0.003034491,true
tl-hoc-v7,v7-community-main-static-ocs-rho0p3-seed1,static-ocs,community-local,1,21,0,5,1,6,optical-direct,20000,20000,0.012521848,0.014776568,0.00225472,true
tl-hoc-v7,v7-community-main-static-ocs-rho0p3-seed1,static-ocs,community-local,1,22,1,6,0,7,optical-direct,20000,20000,0.013062955,0.015399448,0.002336493,true
tl-hoc-v7,v7-community-main-static-ocs-rho0p3-seed1,static-ocs,community-local,1,23,3,7,2,8,optical-direct,20000,20000,0.013095419,0.016331258,0.003235839,true
tl-hoc-v7,v7-community-main-static-ocs-rho0p3-seed1,static-ocs,community-local,1,24,0,8,1,9,optical-direct,20000,20000,0.013338795,0.015510288,0.002171493,true
tl-hoc-v7,v7-community-main-static-ocs-rho0p3-seed1,static-ocs,community-local,1,25,2,9,3,10,optical-direct,20000,20000,0.014006338,0.017167458,0.00316112,true
tl-hoc-v7,v7-community-main-static-ocs-rho0p3-seed1,static-ocs,community-local,1,26,2,10,3,11,optical-direct,20000,20000,0.014595321,0.018017858,0.003422537,true
tl-hoc-v7,v7-community-main-static-ocs-rho0p3-seed1,static-ocs,community-local,1,27,1,11,0,12,optical-direct,20000,20000,0.015185196,0.020601648,0.005416452,true
tl-hoc-v7,v7-community-main-static-ocs-rho0p3-seed1,static-ocs,community-local,1,28,0,12,1,13,optical-direct,20000,20000,0.015291495,0.01961511,0.004323615,true
tl-hoc-v7,v7-community-main-static-ocs-rho0p3-seed1,static-ocs,community-local,1,29,1,13,0,14,optical-direct,20000,20000,0.015311852,0.020235888,0.004924036,true
tl-hoc-v7,v7-community-main-static-ocs-rho0p3-seed1,static-ocs,community-local,1,30,1,14,0,15,optical-direct,20000,20000,0.01568194,0.021096048,0.005414108,true
tl-hoc-v7,v7-community-main-static-ocs-rho0p3-seed1,static-ocs,community-local,1,31,0,15,1,0,optical-direct,20000,20000,0.015981641,0.021069,0.005087359,true
tl-hoc-v7,v7-community-main-static-ocs-rho0p3-seed1,static-ocs,community-local,1,32,0,0,1,1,optical-direct,20000,20000,0.01635287,0.019952368,0.003599498,true
tl-hoc-v7,v7-community-main-static-ocs-rho0p3-seed1,static-ocs,community-local,1,33,3,1,0,2,optical-direct,20000,20000,0.016529759,0.018686079,0.00215632,true
tl-hoc-v7,v7-community-main-static-ocs-rho0p3-seed1,static-ocs,community-local,1,34,1,2,0,3,optical-direct,20000,20000,0.016603121,0.020549648,0.003946527,true
tl-hoc-v7,v7-community-main-static-ocs-rho0p3-seed1,static-ocs,community-local,1,35,0,3,1,4,optical-direct,20000,20000,0.01671711,0.021187923,0.004470813,true
tl-hoc-v7,v7-community-main-static-ocs-rho0p3-seed1,static-ocs,community-local,1,36,2,4,0,5,optical-direct,20000,20000,0.016768207,0.018924527,0.00215632,true
tl-hoc-v7,v7-community-main-static-ocs-rho0p3-seed1,static-ocs,community-local,1,37,1,5,0,6,optical-direct,20000,20000,0.017277976,0.020582648,0.003304672,true
tl-hoc-v7,v7-community-main-static-ocs-rho0p3-seed1,static-ocs,community-local,1,38,0,6,1,7,optical-direct,20000,20000,0.017455291,0.020758803,0.003303512,true
tl-hoc-v7,v7-community-main-static-ocs-rho0p3-seed1,static-ocs,community-local,1,39,3,7,2,8,optical-direct,20000,20000,0.017466881,0.020665458,0.003198577,true
tl-hoc-v7,v7-community-main-static-ocs-rho0p3-seed1,static-ocs,community-local,1,40,1,8,0,9,optical-direct,20000,20000,0.017792963,0.020497568,0.002704605,true
tl-hoc-v7,v7-community-main-static-ocs-rho0p3-seed1,static-ocs,community-local,1,41,3,9,2,10,optical-direct,20000,20000,0.01815319,0.022027538,0.003874348,true
tl-hoc-v7,v7-community-main-static-ocs-rho0p3-seed1,static-ocs,community-local,1,42,2,10,3,11,optical-direct,20000,20000,0.018271366,0.021858578,0.003587212,true
tl-hoc-v7,v7-community-main-static-ocs-rho0p3-seed1,static-ocs,community-local,1,43,3,11,2,12,optical-direct,20000,20000,0.01846831,0.022586378,0.004118068,true
tl-hoc-v7,v7-community-main-static-ocs-rho0p3-seed1,static-ocs,community-local,1,44,2,12,0,13,optical-direct,20000,20000,0.01855204,0.0207346,0.00218256,true
tl-hoc-v7,v7-community-main-static-ocs-rho0p3-seed1,static-ocs,community-local,1,45,0,13,1,14,optical-direct,20000,20000,0.018577438,0.02276068,0.004183242,true
tl-hoc-v7,v7-community-main-static-ocs-rho0p3-seed1,static-ocs,community-local,1,46,3,14,2,15,optical-direct,20000,20000,0.018788585,0.022114378,0.003325793,true
tl-hoc-v7,v7-community-main-static-ocs-rho0p3-seed1,static-ocs,community-local,1,47,1,15,0,0,optical-direct,20000,20000,0.01882229,0.023896848,0.005074558,true
tl-hoc-v7,v7-community-main-static-ocs-rho0p3-seed1,static-ocs,community-local,1,48,2,0,3,1,optical-direct,20000,20000,0.019601245,0.022908618,0.003307373,true
tl-hoc-v7,v7-community-main-static-ocs-rho0p3-seed1,static-ocs,community-local,1,49,1,1,0,2,optical-direct,20000,20000,0.019643663,0.024009008,0.004365345,true
tl-hoc-v7,v7-community-main-static-ocs-rho0p3-seed1,static-ocs,community-local,1,50,2,2,3,3,optical-direct,20000,20000,0.019891669,0.023634378,0.003742709,true
tl-hoc-v7,v7-community-main-static-ocs-rho0p3-seed1,static-ocs,community-local,1,51,3,3,2,4,optical-direct,20000,20000,0.019920778,0.022157338,0.00223656,true
tl-hoc-v7,v7-community-main-static-ocs-rho0p3-seed1,static-ocs,community-local,1,52,2,4,3,5,optical-direct,20000,20000,0.020749859,0.026175288,0.005425429,true
tl-hoc-v7,v7-community-main-static-ocs-rho0p3-seed1,static-ocs,community-local,1,53,1,5,0,6,optical-direct,20000,20000,0.021554172,0.027876608,0.006322436,true
tl-hoc-v7,v7-community-main-static-ocs-rho0p3-seed1,static-ocs,community-local,1,54,1,6,0,7,optical-direct,20000,20000,0.021672554,0.027941568,0.006269014,true
tl-hoc-v7,v7-community-main-static-ocs-rho0p3-seed1,static-ocs,community-local,1,55,1,7,2,8,optical-direct,20000,20000,0.021965222,0.026302688,0.004337466,true
tl-hoc-v7,v7-community-main-static-ocs-rho0p3-seed1,static-ocs,community-local,1,56,2,8,3,9,optical-direct,20000,20000,0.022243391,0.026262008,0.004018617,true
tl-hoc-v7,v7-community-main-static-ocs-rho0p3-seed1,static-ocs,community-local,1,57,0,9,1,10,optical-direct,20000,20000,0.022560643,0.026166328,0.003605685,true
tl-hoc-v7,v7-community-main-static-ocs-rho0p3-seed1,static-ocs,community-local,1,58,3,10,2,11,optical-direct,20000,20000,0.023605913,0.026243533,0.00263762,true
tl-hoc-v7,v7-community-main-static-ocs-rho0p3-seed1,static-ocs,community-local,1,59,1,11,3,12,optical-direct,20000,20000,0.023706723,0.026166328,0.002459605,true
tl-hoc-v7,v7-community-main-static-ocs-rho0p3-seed1,static-ocs,community-local,1,60,1,12,0,13,optical-direct,20000,20000,0.023794284,0.026755608,0.002961324,true
tl-hoc-v7,v7-community-main-static-ocs-rho0p3-seed1,static-ocs,community-local,1,61,3,13,2,14,optical-direct,20000,20000,0.024048413,0.026231368,0.002182955,true
tl-hoc-v7,v7-community-main-static-ocs-rho0p3-seed1,static-ocs,community-local,1,62,1,14,0,15,optical-direct,20000,20000,0.025046577,0.027957688,0.002911111,true
tl-hoc-v7,v7-community-main-static-ocs-rho0p3-seed1,static-ocs,community-local,1,63,2,15,3,0,optical-direct,20000,20000,0.025273031,0.028650128,0.003377097,true
tl-hoc-v7,v7-community-main-static-ocs-rho0p3-seed1,static-ocs,community-local,1,64,2,0,3,1,optical-direct,20000,20000,0.025532309,0.029298768,0.003766459,true
tl-hoc-v7,v7-community-main-static-ocs-rho0p3-seed1,static-ocs,community-local,1,65,3,1,2,2,optical-direct,20000,20000,0.026015721,0.030079088,0.004063367,true
tl-hoc-v7,v7-community-main-static-ocs-rho0p3-seed1,static-ocs,community-local,1,66,1,2,0,3,optical-direct,20000,20000,0.02603119,0.028199488,0.002168298,true
tl-hoc-v7,v7-community-main-static-ocs-rho0p3-seed1,static-ocs,community-local,1,67,2,3,3,4,optical-direct,20000,20000,0.026081451,0.030236608,0.004155157,true
tl-hoc-v7,v7-community-main-static-ocs-rho0p3-seed1,static-ocs,community-local,1,68,1,4,0,5,optical-direct,20000,20000,0.026605504,0.030045328,0.003439824,true
tl-hoc-v7,v7-community-main-static-ocs-rho0p3-seed1,static-ocs,community-local,1,69,2,5,3,6,optical-direct,20000,20000,0.026615589,0.030301568,0.003685979,true
tl-hoc-v7,v7-community-main-static-ocs-rho0p3-seed1,static-ocs,community-local,1,70,0,6,1,7,optical-direct,20000,20000,0.02733114,0.029975808,0.002644668,true
tl-hoc-v7,v7-community-main-static-ocs-rho0p3-seed1,static-ocs,community-local,1,71,2,7,3,8,optical-direct,20000,20000,0.027590554,0.031632968,0.004042414,true
tl-hoc-v7,v7-community-main-static-ocs-rho0p3-seed1,static-ocs,community-local,1,72,2,8,3,9,optical-direct,20000,20000,0.027788611,0.031473608,0.003684997,true
tl-hoc-v7,v7-community-main-static-ocs-rho0p3-seed1,static-ocs,community-local,1,73,0,9,1,10,optical-direct,20000,20000,0.028530905,0.030709688,0.002178783,true
tl-hoc-v7,v7-community-main-static-ocs-rho0p3-seed1,static-ocs,community-local,1,74,3,10,0,11,optical-direct,20000,20000,0.028688954,0.030846325,0.002157371,true
tl-hoc-v7,v7-community-main-static-ocs-rho0p3-seed1,static-ocs,community-local,1,75,2,11,3,12,optical-direct,20000,20000,0.028946657,0.032980131,0.004033474,true
tl-hoc-v7,v7-community-main-static-ocs-rho0p3-seed1,static-ocs,community-local,1,76,0,12,1,13,optical-direct,20000,20000,0.029298794,0.033074888,0.003776094,true
tl-hoc-v7,v7-community-main-static-ocs-rho0p3-seed1,static-ocs,community-local,1,77,0,13,1,14,optical-direct,20000,20000,0.029448214,0.033234248,0.003786034,true
tl-hoc-v7,v7-community-main-static-ocs-rho0p3-seed1,static-ocs,community-local,1,78,2,14,3,15,optical-direct,20000,20000,0.02973032,0.033336451,0.003606131,true
tl-hoc-v7,v7-community-main-static-ocs-rho0p3-seed1,static-ocs,community-local,1,79,3,15,2,0,optical-direct,20000,20000,0.030068873,0.033677051,0.003608178,true
tl-hoc-v7,v7-community-main-static-ocs-rho0p3-seed1,static-ocs,community-local,1,80,0,0,3,1,optical-direct,20000,20000,0.030113885,0.032270205,0.00215632,true
tl-hoc-v7,v7-community-main-static-ocs-rho0p3-seed1,static-ocs,community-local,1,81,1,1,0,2,optical-direct,20000,20000,0.030504499,0.033993274,0.003488775,true
tl-hoc-v7,v7-community-main-static-ocs-rho0p3-seed1,static-ocs,community-local,1,82,1,2,0,3,optical-direct,20000,20000,0.030852303,0.034435834,0.003583531,true
tl-hoc-v7,v7-community-main-static-ocs-rho0p3-seed1,static-ocs,community-local,1,83,2,3,3,4,optical-direct,20000,20000,0.030997923,0.034099011,0.003101088,true
tl-hoc-v7,v7-community-main-static-ocs-rho0p3-seed1,static-ocs,community-local,1,84,2,4,3,5,optical-direct,20000,20000,0.031478149,0.035009571,0.003531422,true
tl-hoc-v7,v7-community-main-static-ocs-rho0p3-seed1,static-ocs,community-local,1,85,3,5,2,6,optical-direct,20000,20000,0.03162511,0.034918851,0.003293741,true
tl-hoc-v7,v7-community-main-static-ocs-rho0p3-seed1,static-ocs,community-local,1,86,0,6,2,7,optical-direct,20000,20000,0.032090946,0.034247266,0.00215632,true
tl-hoc-v7,v7-community-main-static-ocs-rho0p3-seed1,static-ocs,community-local,1,87,1,7,0,8,optical-direct,20000,20000,0.032801448,0.036247794,0.003446346,true
tl-hoc-v7,v7-community-main-static-ocs-rho0p3-seed1,static-ocs,community-local,1,88,2,8,3,9,optical-direct,20000,20000,0.032805361,0.034983571,0.00217821,true
tl-hoc-v7,v7-community-main-static-ocs-rho0p3-seed1,static-ocs,community-local,1,89,1,9,0,10,optical-direct,20000,20000,0.033035152,0.036797714,0.003762562,true
tl-hoc-v7,v7-community-main-static-ocs-rho0p3-seed1,static-ocs,community-local,1,90,0,10,1,11,optical-direct,20000,20000,0.033060704,0.036418994,0.00335829,true
tl-hoc-v7,v7-community-main-static-ocs-rho0p3-seed1,static-ocs,community-local,1,91,3,11,0,12,optical-direct,20000,20000,0.033576115,0.035732435,0.00215632,true
tl-hoc-v7,v7-community-main-static-ocs-rho0p3-seed1,static-ocs,community-local,1,92,3,12,2,13,optical-direct,20000,20000,0.033598186,0.037136651,0.003538465,true
tl-hoc-v7,v7-community-main-static-ocs-rho0p3-seed1,static-ocs,community-local,1,93,2,13,3,14,optical-direct,20000,20000,0.033744515,0.036793051,0.003048536,true
tl-hoc-v7,v7-community-main-static-ocs-rho0p3-seed1,static-ocs,community-local,1,94,2,14,3,15,optical-direct,20000,20000,0.034692682,0.037905371,0.003212689,true
tl-hoc-v7,v7-community-main-static-ocs-rho0p3-seed1,static-ocs,community-local,1,95,0,15,2,0,optical-direct,20000,20000,0.034851921,0.037160401,0.00230848,true
tl-hoc-v7,v7-community-main-static-ocs-rho0p3-seed1,static-ocs,community-local,1,96,2,0,3,1,optical-direct,20000,20000,0.035331706,0.038382611,0.003050905,true
tl-hoc-v7,v7-community-main-static-ocs-rho0p3-seed1,static-ocs,community-local,1,97,0,1,1,2,optical-direct,20000,20000,0.035823917,0.037988394,0.002164477,true
tl-hoc-v7,v7-community-main-static-ocs-rho0p3-seed1,static-ocs,community-local,1,98,2,2,3,3,optical-direct,20000,20000,0.035943457,0.039378931,0.003435474,true
tl-hoc-v7,v7-community-main-static-ocs-rho0p3-seed1,static-ocs,community-local,1,99,3,3,2,4,optical-direct,20000,20000,0.036437342,0.040129946,0.003692604,true
tl-hoc-v7,v7-community-main-static-ocs-rho0p3-seed1,static-ocs,community-local,1,100,3,4,2,5,optical-direct,20000,20000,0.036492666,0.040413146,0.00392048,true
tl-hoc-v7,v7-community-main-static-ocs-rho0p3-seed1,static-ocs,community-local,1,101,0,5,1,6,optical-direct,20000,20000,0.03678075,0.038937197,0.002156447,true
tl-hoc-v7,v7-community-main-static-ocs-rho0p3-seed1,static-ocs,community-local,1,102,0,6,3,7,optical-direct,20000,20000,0.036783766,0.039027766,0.002244,true
tl-hoc-v7,v7-community-main-static-ocs-rho0p3-seed1,static-ocs,community-local,1,103,3,7,2,8,optical-direct,20000,20000,0.037195292,0.041537146,0.004341854,true
tl-hoc-v7,v7-community-main-static-ocs-rho0p3-seed1,static-ocs,community-local,1,104,0,8,1,9,optical-direct,20000,20000,0.037407321,0.03957287,0.002165549,true
tl-hoc-v7,v7-community-main-static-ocs-rho0p3-seed1,static-ocs,community-local,1,105,0,9,2,10,optical-direct,20000,20000,0.037889466,0.040045786,0.00215632,true
tl-hoc-v7,v7-community-main-static-ocs-rho0p3-seed1,static-ocs,community-local,1,106,3,10,2,11,optical-direct,20000,20000,0.038099456,0.041602106,0.00350265,true
tl-hoc-v7,v7-community-main-static-ocs-rho0p3-seed1,static-ocs,community-local,1,107,1,11,2,12,optical-direct,20000,20000,0.038203904,0.040396384,0.00219248,true
tl-hoc-v7,v7-community-main-static-ocs-rho0p3-seed1,static-ocs,community-local,1,108,2,12,3,13,optical-direct,20000,20000,0.038797891,0.043727881,0.00492999,true
tl-hoc-v7,v7-community-main-static-ocs-rho0p3-seed1,static-ocs,community-local,1,109,2,13,3,14,optical-direct,20000,20000,0.039065043,0.044453641,0.005388598,true
tl-hoc-v7,v7-community-main-static-ocs-rho0p3-seed1,static-ocs,community-local,1,110,2,14,3,15,optical-direct,20000,20000,0.039089262,0.044518601,0.005429339,true
tl-hoc-v7,v7-community-main-static-ocs-rho0p3-seed1,static-ocs,community-local,1,111,1,15,0,0,optical-direct,20000,20000,0.039302448,0.042798408,0.00349596,true
tl-hoc-v7,v7-community-main-static-ocs-rho0p3-seed1,static-ocs,community-local,1,112,0,0,1,1,optical-direct,20000,20000,0.039755036,0.043737648,0.003982612,true
tl-hoc-v7,v7-community-main-static-ocs-rho0p3-seed1,static-ocs,community-local,1,113,0,1,1,2,optical-direct,20000,20000,0.039826082,0.043802608,0.003976526,true
tl-hoc-v7,v7-community-main-static-ocs-rho0p3-seed1,static-ocs,community-local,1,114,0,2,1,3,optical-direct,20000,20000,0.040034149,0.049714321,0.009680172,true
tl-hoc-v7,v7-community-main-static-ocs-rho0p3-seed1,static-ocs,community-local,1,115,0,3,1,4,optical-direct,20000,20000,0.040121428,0.048691721,0.008570293,true
tl-hoc-v7,v7-community-main-static-ocs-rho0p3-seed1,static-ocs,community-local,1,116,1,4,2,5,optical-direct,20000,20000,0.040358021,0.048375121,0.0080171,true
tl-hoc-v7,v7-community-main-static-ocs-rho0p3-seed1,static-ocs,community-local,1,117,0,5,1,6,optical-direct,20000,20000,0.040435991,0.050124241,0.00968825,true
tl-hoc-v7,v7-community-main-static-ocs-rho0p3-seed1,static-ocs,community-local,1,118,2,6,1,7,optical-direct,20000,20000,0.040452845,0.047100721,0.006647876,true
tl-hoc-v7,v7-community-main-static-ocs-rho0p3-seed1,static-ocs,community-local,1,119,2,7,3,8,optical-direct,20000,20000,0.040696712,0.048513521,0.007816809,true
tl-hoc-v7,v7-community-main-static-ocs-rho0p3-seed1,static-ocs,community-local,1,120,0,8,1,9,optical-direct,20000,20000,0.040759738,0.051047641,0.010287903,true
tl-hoc-v7,v7-community-main-static-ocs-rho0p3-seed1,static-ocs,community-local,1,121,2,9,3,10,optical-direct,20000,20000,0.040927971,0.048439921,0.00751195,true
tl-hoc-v7,v7-community-main-static-ocs-rho0p3-seed1,static-ocs,community-local,1,122,3,10,2,11,optical-direct,20000,20000,0.04096583,0.047603641,0.006637811,true
tl-hoc-v7,v7-community-main-static-ocs-rho0p3-seed1,static-ocs,community-local,1,123,0,11,1,12,optical-direct,20000,20000,0.041203484,0.050820321,0.009616837,true
tl-hoc-v7,v7-community-main-static-ocs-rho0p3-seed1,static-ocs,community-local,1,124,2,12,3,13,optical-direct,20000,20000,0.041239396,0.050828106,0.00958871,true
tl-hoc-v7,v7-community-main-static-ocs-rho0p3-seed1,static-ocs,community-local,1,125,3,13,2,14,optical-direct,20000,20000,0.041352958,0.049481601,0.008128643,true
tl-hoc-v7,v7-community-main-static-ocs-rho0p3-seed1,static-ocs,community-local,1,126,2,14,3,15,optical-direct,20000,20000,0.041440842,0.050258561,0.008817719,true
tl-hoc-v7,v7-community-main-static-ocs-rho0p3-seed1,static-ocs,community-local,1,127,2,15,3,0,optical-direct,20000,20000,0.042584739,0.050771761,0.008187022,true
tl-hoc-v7,v7-community-main-static-ocs-rho0p3-seed1,static-ocs,community-local,1,128,1,0,0,1,optical-direct,20000,20000,0.042693463,0.050784721,0.008091258,true
tl-hoc-v7,v7-community-main-static-ocs-rho0p3-seed1,static-ocs,community-local,1,129,2,1,3,2,optical-direct,20000,20000,0.042782156,0.047265921,0.004483765,true
tl-hoc-v7,v7-community-main-static-ocs-rho0p3-seed1,static-ocs,community-local,1,130,1,2,0,3,optical-direct,20000,20000,0.042814163,0.050896881,0.008082718,true
tl-hoc-v7,v7-community-main-static-ocs-rho0p3-seed1,static-ocs,community-local,1,131,1,3,0,4,optical-direct,20000,20000,0.043095538,0.050780561,0.007685023,true
tl-hoc-v7,v7-community-main-static-ocs-rho0p3-seed1,static-ocs,community-local,1,132,3,4,2,5,optical-direct,20000,20000,0.043275924,0.048440081,0.005164157,true
tl-hoc-v7,v7-community-main-static-ocs-rho0p3-seed1,static-ocs,community-local,1,133,1,5,0,6,optical-direct,20000,20000,0.043428796,0.049934001,0.006505205,true
tl-hoc-v7,v7-community-main-static-ocs-rho0p3-seed1,static-ocs,community-local,1,134,0,6,1,7,optical-direct,20000,20000,0.043987669,0.050318041,0.006330372,true
tl-hoc-v7,v7-community-main-static-ocs-rho0p3-seed1,static-ocs,community-local,1,135,0,7,1,8,optical-direct,20000,20000,0.04410172,0.050171321,0.006069601,true
tl-hoc-v7,v7-community-main-static-ocs-rho0p3-seed1,static-ocs,community-local,1,136,3,8,1,9,optical-direct,20000,20000,0.044522951,0.047390881,0.00286793,true
tl-hoc-v7,v7-community-main-static-ocs-rho0p3-seed1,static-ocs,community-local,1,137,0,9,1,10,optical-direct,20000,20000,0.04483935,0.051739321,0.006899971,true
tl-hoc-v7,v7-community-main-static-ocs-rho0p3-seed1,static-ocs,community-local,1,138,0,10,1,11,optical-direct,20000,20000,0.045024921,0.052293561,0.00726864,true
tl-hoc-v7,v7-community-main-static-ocs-rho0p3-seed1,static-ocs,community-local,1,139,0,11,2,12,optical-direct,20000,20000,0.045489525,0.048436281,0.002946756,true
tl-hoc-v7,v7-community-main-static-ocs-rho0p3-seed1,static-ocs,community-local,1,140,1,12,3,13,optical-direct,20000,20000,0.045675621,0.048602721,0.0029271,true
tl-hoc-v7,v7-community-main-static-ocs-rho0p3-seed1,static-ocs,community-local,1,141,2,13,3,14,optical-direct,20000,20000,0.045862049,0.053200921,0.007338872,true
tl-hoc-v7,v7-community-main-static-ocs-rho0p3-seed1,static-ocs,community-local,1,142,3,14,2,15,optical-direct,20000,20000,0.046011805,0.052359601,0.006347796,true
tl-hoc-v7,v7-community-main-static-ocs-rho0p3-seed1,static-ocs,community-local,1,143,1,15,0,0,optical-direct,20000,20000,0.04606729,0.050530961,0.004463671,true
tl-hoc-v7,v7-community-main-static-ocs-rho0p3-seed1,static-ocs,community-local,1,144,1,0,0,1,optical-direct,20000,20000,0.046989838,0.054670961,0.007681123,true
tl-hoc-v7,v7-community-main-static-ocs-rho0p3-seed1,static-ocs,community-local,1,145,1,1,0,2,optical-direct,20000,20000,0.047817114,0.055083601,0.007266487,true
tl-hoc-v7,v7-community-main-static-ocs-rho0p3-seed1,static-ocs,community-local,1,146,3,2,2,3,optical-direct,20000,20000,0.048324803,0.050516366,0.002191563,true
tl-hoc-v7,v7-community-main-static-ocs-rho0p3-seed1,static-ocs,community-local,1,147,0,3,1,4,optical-direct,20000,20000,0.048644126,0.053960161,0.005316035,true
tl-hoc-v7,v7-community-main-static-ocs-rho0p3-seed1,static-ocs,community-local,1,148,0,4,1,5,optical-direct,20000,20000,0.048656347,0.053230081,0.004573734,true
tl-hoc-v7,v7-community-main-static-ocs-rho0p3-seed1,static-ocs,community-local,1,149,3,5,2,6,optical-direct,20000,20000,0.049010431,0.051211001,0.00220057,true
tl-hoc-v7,v7-community-main-static-ocs-rho0p3-seed1,static-ocs,community-local,1,150,0,6,2,7,optical-direct,20000,20000,0.049056763,0.051671641,0.002614878,true
tl-hoc-v7,v7-community-main-static-ocs-rho0p3-seed1,static-ocs,community-local,1,151,2,7,3,8,optical-direct,20000,20000,0.049172979,0.051782681,0.002609702,true
tl-hoc-v7,v7-community-main-static-ocs-rho0p3-seed1,static-ocs,community-local,1,152,3,8,2,9,optical-direct,20000,20000,0.049322166,0.051531121,0.002208955,true
tl-hoc-v7,v7-community-main-static-ocs-rho0p3-seed1,static-ocs,community-local,1,153,0,9,1,10,optical-direct,20000,20000,0.049429197,0.054862441,0.005433244,true
tl-hoc-v7,v7-community-main-static-ocs-rho0p3-seed1,static-ocs,community-local,1,154,1,10,0,11,optical-direct,20000,20000,0.049454813,0.054694561,0.005239748,true
tl-hoc-v7,v7-community-main-static-ocs-rho0p3-seed1,static-ocs,community-local,1,155,1,11,0,12,optical-direct,20000,20000,0.049509825,0.053330841,0.003821016,true
tl-hoc-v7,v7-community-main-static-ocs-rho0p3-seed1,static-ocs,community-local,1,156,0,12,3,13,optical-direct,20000,20000,0.049568586,0.051927466,0.00235888,true
tl-hoc-v7,v7-community-main-static-ocs-rho0p3-seed1,static-ocs,community-local,1,157,1,13,2,14,optical-direct,20000,20000,0.050499307,0.052673227,0.00217392,true
tl-hoc-v7,v7-community-main-static-ocs-rho0p3-seed1,static-ocs,community-local,1,158,2,14,3,15,optical-direct,20000,20000,0.050653919,0.055647481,0.004993562,true
tl-hoc-v7,v7-community-main-static-ocs-rho0p3-seed1,static-ocs,community-local,1,159,2,15,3,0,optical-direct,20000,20000,0.050671023,0.055811161,0.005140138,true
tl-hoc-v7,v7-community-main-static-ocs-rho0p3-seed1,static-ocs,community-local,1,160,1,0,0,1,optical-direct,20000,20000,0.051121274,0.056427601,0.005306327,true
tl-hoc-v7,v7-community-main-static-ocs-rho0p3-seed1,static-ocs,community-local,1,161,2,1,3,2,optical-direct,20000,20000,0.051239538,0.053999281,0.002759743,true
tl-hoc-v7,v7-community-main-static-ocs-rho0p3-seed1,static-ocs,community-local,1,162,0,2,1,3,optical-direct,20000,20000,0.05131574,0.056112433,0.004796693,true
tl-hoc-v7,v7-community-main-static-ocs-rho0p3-seed1,static-ocs,community-local,1,163,3,3,2,4,optical-direct,20000,20000,0.05265039,0.057049521,0.004399131,true
tl-hoc-v7,v7-community-main-static-ocs-rho0p3-seed1,static-ocs,community-local,1,164,3,4,2,5,optical-direct,20000,20000,0.053395431,0.057114481,0.00371905,true
tl-hoc-v7,v7-community-main-static-ocs-rho0p3-seed1,static-ocs,community-local,1,165,1,5,0,6,optical-direct,20000,20000,0.053870233,0.058262873,0.00439264,true
tl-hoc-v7,v7-community-main-static-ocs-rho0p3-seed1,static-ocs,community-local,1,166,1,6,0,7,optical-direct,20000,20000,0.054221242,0.059134553,0.004913311,true
tl-hoc-v7,v7-community-main-static-ocs-rho0p3-seed1,static-ocs,community-local,1,167,1,7,0,8,optical-direct,20000,20000,0.054234739,0.059971513,0.005736774,true
tl-hoc-v7,v7-community-main-static-ocs-rho0p3-seed1,static-ocs,community-local,1,168,0,8,1,9,optical-direct,20000,20000,0.054795186,0.057513193,0.002718007,true
tl-hoc-v7,v7-community-main-static-ocs-rho0p3-seed1,static-ocs,community-local,1,169,1,9,0,10,optical-direct,20000,20000,0.055274484,0.057929993,0.002655509,true
tl-hoc-v7,v7-community-main-static-ocs-rho0p3-seed1,static-ocs,community-local,1,170,2,10,3,11,optical-direct,20000,20000,0.05547698,0.058048668,0.002571688,true
tl-hoc-v7,v7-community-main-static-ocs-rho0p3-seed1,static-ocs,community-local,1,171,3,11,2,12,optical-direct,20000,20000,0.055729952,0.05821702,0.002487068,true
tl-hoc-v7,v7-community-main-static-ocs-rho0p3-seed1,static-ocs,community-local,1,172,2,12,3,13,optical-direct,20000,20000,0.055768548,0.057989668,0.00222112,true
tl-hoc-v7,v7-community-main-static-ocs-rho0p3-seed1,static-ocs,community-local,1,173,1,13,0,14,optical-direct,20000,20000,0.055821169,0.058472113,0.002650944,true
tl-hoc-v7,v7-community-main-static-ocs-rho0p3-seed1,static-ocs,community-local,1,174,0,14,1,15,optical-direct,20000,20000,0.056058129,0.058376074,0.002317945,true
tl-hoc-v7,v7-community-main-static-ocs-rho0p3-seed1,static-ocs,community-local,1,175,3,15,2,0,optical-direct,20000,20000,0.056139096,0.05899326,0.002854164,true
tl-hoc-v7,v7-community-main-static-ocs-rho0p3-seed1,static-ocs,community-local,1,176,2,0,3,1,optical-direct,20000,20000,0.056966507,0.059593169,0.002626662,true
tl-hoc-v7,v7-community-main-static-ocs-rho0p3-seed1,static-ocs,community-local,1,177,0,1,1,2,optical-direct,20000,20000,0.057173234,0.059329961,0.002156727,true
tl-hoc-v7,v7-community-main-static-ocs-rho0p3-seed1,static-ocs,community-local,1,178,3,2,2,3,optical-direct,20000,20000,0.057220524,0.06081342,0.003592896,true
tl-hoc-v7,v7-community-main-static-ocs-rho0p3-seed1,static-ocs,community-local,1,179,3,3,2,4,optical-direct,20000,20000,0.057702173,0.06185262,0.004150447,true
tl-hoc-v7,v7-community-main-static-ocs-rho0p3-seed1,static-ocs,community-local,1,180,2,4,3,5,optical-direct,20000,20000,0.057781902,0.06035806,0.002576158,true
tl-hoc-v7,v7-community-main-static-ocs-rho0p3-seed1,static-ocs,community-local,1,181,0,5,1,6,optical-direct,20000,20000,0.057807622,0.061132193,0.003324571,true
tl-hoc-v7,v7-community-main-static-ocs-rho0p3-seed1,static-ocs,community-local,1,182,3,6,2,7,optical-direct,20000,20000,0.05784105,0.06105374,0.00321269,true
tl-hoc-v7,v7-community-main-static-ocs-rho0p3-seed1,static-ocs,community-local,1,183,0,7,2,8,optical-direct,20000,20000,0.057900044,0.060353113,0.002453069,true
tl-hoc-v7,v7-community-main-static-ocs-rho0p3-seed1,static-ocs,community-local,1,184,2,8,3,9,optical-direct,20000,20000,0.058046969,0.060250809,0.00220384,true
tl-hoc-v7,v7-community-main-static-ocs-rho0p3-seed1,static-ocs,community-local,1,185,1,9,0,10,optical-direct,20000,20000,0.058080356,0.060976473,0.002896117,true
tl-hoc-v7,v7-community-main-static-ocs-rho0p3-seed1,static-ocs,community-local,1,186,0,10,1,11,optical-direct,20000,20000,0.058131897,0.060598873,0.002466976,true
tl-hoc-v7,v7-community-main-static-ocs-rho0p3-seed1,static-ocs,community-local,1,187,0,11,3,12,optical-direct,20000,20000,0.059023175,0.061524775,0.0025016,true
tl-hoc-v7,v7-community-main-static-ocs-rho0p3-seed1,static-ocs,community-local,1,188,3,12,2,13,optical-direct,20000,20000,0.059309642,0.061687335,0.002377693,true
tl-hoc-v7,v7-community-main-static-ocs-rho0p3-seed1,static-ocs,community-local,1,189,2,13,3,14,optical-direct,20000,20000,0.059919764,0.0622585,0.002338736,true
tl-hoc-v7,v7-community-main-static-ocs-rho0p3-seed1,static-ocs,community-local,1,190,0,14,1,15,optical-direct,20000,20000,0.060245192,0.06442362,0.004178428,true
tl-hoc-v7,v7-community-main-static-ocs-rho0p3-seed1,static-ocs,community-local,1,191,3,15,2,0,optical-direct,20000,20000,0.060375968,0.06617998,0.005804012,true
tl-hoc-v7,v7-community-main-static-ocs-rho0p3-seed1,static-ocs,community-local,1,192,0,0,1,1,optical-direct,20000,20000,0.060809966,0.06445786,0.003647894,true
tl-hoc-v7,v7-community-main-static-ocs-rho0p3-seed1,static-ocs,community-local,1,193,3,1,2,2,optical-direct,20000,20000,0.061056528,0.06611502,0.005058492,true
tl-hoc-v7,v7-community-main-static-ocs-rho0p3-seed1,static-ocs,community-local,1,194,3,2,1,3,optical-direct,20000,20000,0.061501489,0.06452078,0.003019291,true
tl-hoc-v7,v7-community-main-static-ocs-rho0p3-seed1,static-ocs,community-local,1,195,1,3,0,4,optical-direct,20000,20000,0.061561759,0.0667859,0.005224141,true
tl-hoc-v7,v7-community-main-static-ocs-rho0p3-seed1,static-ocs,community-local,1,196,1,4,0,5,optical-direct,20000,20000,0.061949005,0.06793598,0.005986975,true
tl-hoc-v7,v7-community-main-static-ocs-rho0p3-seed1,static-ocs,community-local,1,197,1,5,0,6,optical-direct,20000,20000,0.062134518,0.06806206,0.005927542,true
tl-hoc-v7,v7-community-main-static-ocs-rho0p3-seed1,static-ocs,community-local,1,198,0,6,1,7,optical-direct,20000,20000,0.062569186,0.06936894,0.006799754,true
tl-hoc-v7,v7-community-main-static-ocs-rho0p3-seed1,static-ocs,community-local,1,199,0,7,1,8,optical-direct,20000,20000,0.06303984,0.070094549,0.007054709,true
tl-hoc-v7,v7-community-main-static-ocs-rho0p3-seed1,static-ocs,community-local,1,200,1,8,0,9,optical-direct,20000,20000,0.063208791,0.0654123,0.002203509,true
tl-hoc-v7,v7-community-main-static-ocs-rho0p3-seed1,static-ocs,community-local,1,201,2,9,3,10,optical-direct,20000,20000,0.064073103,0.066281263,0.00220816,true
tl-hoc-v7,v7-community-main-static-ocs-rho0p3-seed1,static-ocs,community-local,1,202,0,10,1,11,optical-direct,20000,20000,0.06414895,0.0665821,0.00243315,true
tl-hoc-v7,v7-community-main-static-ocs-rho0p3-seed1,static-ocs,community-local,1,203,3,11,2,12,optical-direct,20000,20000,0.064151628,0.066385708,0.00223408,true
tl-hoc-v7,v7-community-main-static-ocs-rho0p3-seed1,static-ocs,community-local,1,204,0,12,1,13,optical-direct,20000,20000,0.065021107,0.06719178,0.002170673,true
tl-hoc-v7,v7-community-main-static-ocs-rho0p3-seed1,static-ocs,community-local,1,205,2,13,3,14,optical-direct,20000,20000,0.065137395,0.069018343,0.003880948,true
tl-hoc-v7,v7-community-main-static-ocs-rho0p3-seed1,static-ocs,community-local,1,206,2,14,3,15,optical-direct,20000,20000,0.065198283,0.069182023,0.00398374,true
tl-hoc-v7,v7-community-main-static-ocs-rho0p3-seed1,static-ocs,community-local,1,207,3,15,2,0,optical-direct,20000,20000,0.065206415,0.06998246,0.004776045,true
tl-hoc-v7,v7-community-main-static-ocs-rho0p3-seed1,static-ocs,community-local,1,208,0,0,1,1,optical-direct,20000,20000,0.065406909,0.06853358,0.003126671,true
tl-hoc-v7,v7-community-main-static-ocs-rho0p3-seed1,static-ocs,community-local,1,209,3,1,2,2,optical-direct,20000,20000,0.065957584,0.0699175,0.003959916,true
tl-hoc-v7,v7-community-main-static-ocs-rho0p3-seed1,static-ocs,community-local,1,210,0,2,1,3,optical-direct,20000,20000,0.066110738,0.0693875,0.003276762,true
tl-hoc-v7,v7-community-main-static-ocs-rho0p3-seed1,static-ocs,community-local,1,211,1,3,0,4,optical-direct,20000,20000,0.06642393,0.071222829,0.004798899,true
tl-hoc-v7,v7-community-main-static-ocs-rho0p3-seed1,static-ocs,community-local,1,212,3,4,2,5,optical-direct,20000,20000,0.066435753,0.069639433,0.00320368,true
tl-hoc-v7,v7-community-main-static-ocs-rho0p3-seed1,static-ocs,community-local,1,213,0,5,1,6,optical-direct,20000,20000,0.066581703,0.07092814,0.004346437,true
tl-hoc-v7,v7-community-main-static-ocs-rho0p3-seed1,static-ocs,community-local,1,214,3,6,1,7,optical-direct,20000,20000,0.066608961,0.06916238,0.002553419,true
tl-hoc-v7,v7-community-main-static-ocs-rho0p3-seed1,static-ocs,community-local,1,215,3,7,2,8,optical-direct,20000,20000,0.067002798,0.070365705,0.003362907,true
tl-hoc-v7,v7-community-main-static-ocs-rho0p3-seed1,static-ocs,community-local,1,216,0,8,1,9,optical-direct,20000,20000,0.067007063,0.070159509,0.003152446,true
tl-hoc-v7,v7-community-main-static-ocs-rho0p3-seed1,static-ocs,community-local,1,217,2,9,3,10,optical-direct,20000,20000,0.067212178,0.069407663,0.002195485,true
tl-hoc-v7,v7-community-main-static-ocs-rho0p3-seed1,static-ocs,community-local,1,218,1,10,0,11,optical-direct,20000,20000,0.068296297,0.071664389,0.003368092,true
tl-hoc-v7,v7-community-main-static-ocs-rho0p3-seed1,static-ocs,community-local,1,219,0,11,1,12,optical-direct,20000,20000,0.068431878,0.072430349,0.003998471,true
tl-hoc-v7,v7-community-main-static-ocs-rho0p3-seed1,static-ocs,community-local,1,220,3,12,2,13,optical-direct,20000,20000,0.068644817,0.071135303,0.002490486,true
tl-hoc-v7,v7-community-main-static-ocs-rho0p3-seed1,static-ocs,community-local,1,221,1,13,0,14,optical-direct,20000,20000,0.06868194,0.072524109,0.003842169,true
tl-hoc-v7,v7-community-main-static-ocs-rho0p3-seed1,static-ocs,community-local,1,222,0,14,1,15,optical-direct,20000,20000,0.068915046,0.072739949,0.003824903,true
tl-hoc-v7,v7-community-main-static-ocs-rho0p3-seed1,static-ocs,community-local,1,223,1,15,0,0,optical-direct,20000,20000,0.069637992,0.074124749,0.004486757,true
tl-hoc-v7,v7-community-main-static-ocs-rho0p3-seed1,static-ocs,community-local,1,224,2,0,3,1,optical-direct,20000,20000,0.069892785,0.07236202,0.002469235,true
tl-hoc-v7,v7-community-main-static-ocs-rho0p3-seed1,static-ocs,community-local,1,225,3,1,1,2,optical-direct,20000,20000,0.070002971,0.07249338,0.002490409,true
tl-hoc-v7,v7-community-main-static-ocs-rho0p3-seed1,static-ocs,community-local,1,226,1,2,0,3,optical-direct,20000,20000,0.070148925,0.073729389,0.003580464,true
tl-hoc-v7,v7-community-main-static-ocs-rho0p3-seed1,static-ocs,community-local,1,227,1,3,0,4,optical-direct,20000,20000,0.070904278,0.074489142,0.003584864,true
tl-hoc-v7,v7-community-main-static-ocs-rho0p3-seed1,static-ocs,community-local,1,228,2,4,1,5,optical-direct,20000,20000,0.070996411,0.074851931,0.00385552,true
tl-hoc-v7,v7-community-main-static-ocs-rho0p3-seed1,static-ocs,community-local,1,229,2,5,1,6,optical-direct,20000,20000,0.071004469,0.074916891,0.003912422,true
tl-hoc-v7,v7-community-main-static-ocs-rho0p3-seed1,static-ocs,community-local,1,230,2,6,3,7,optical-direct,20000,20000,0.072128932,0.074625052,0.00249612,true
tl-hoc-v7,v7-community-main-static-ocs-rho0p3-seed1,static-ocs,community-local,1,231,3,7,2,8,optical-direct,20000,20000,0.072316286,0.075011612,0.002695326,true
tl-hoc-v7,v7-community-main-static-ocs-rho0p3-seed1,static-ocs,community-local,1,232,1,8,0,9,optical-direct,20000,20000,0.072457982,0.075000862,0.00254288,true
tl-hoc-v7,v7-community-main-static-ocs-rho0p3-seed1,static-ocs,community-local,1,233,2,9,3,10,optical-direct,20000,20000,0.072744829,0.076624612,0.003879783,true
tl-hoc-v7,v7-community-main-static-ocs-rho0p3-seed1,static-ocs,community-local,1,234,2,10,3,11,optical-direct,20000,20000,0.072789921,0.076789932,0.004000011,true
tl-hoc-v7,v7-community-main-static-ocs-rho0p3-seed1,static-ocs,community-local,1,235,1,11,0,12,optical-direct,20000,20000,0.073788786,0.077148382,0.003359596,true
tl-hoc-v7,v7-community-main-static-ocs-rho0p3-seed1,static-ocs,community-local,1,236,3,12,2,13,optical-direct,20000,20000,0.073914223,0.076095732,0.002181509,true
tl-hoc-v7,v7-community-main-static-ocs-rho0p3-seed1,static-ocs,community-local,1,237,1,13,0,14,optical-direct,20000,20000,0.074932229,0.078229982,0.003297753,true
tl-hoc-v7,v7-community-main-static-ocs-rho0p3-seed1,static-ocs,community-local,1,238,0,14,1,15,optical-direct,20000,20000,0.075014363,0.078143582,0.003129219,true
tl-hoc-v7,v7-community-main-static-ocs-rho0p3-seed1,static-ocs,community-local,1,239,2,15,3,0,optical-direct,20000,20000,0.07510968,0.077427052,0.002317372,true
tl-hoc-v7,v7-community-main-static-ocs-rho0p3-seed1,static-ocs,community-local,1,240,3,0,2,1,optical-direct,20000,20000,0.075774227,0.078889812,0.003115585,true
tl-hoc-v7,v7-community-main-static-ocs-rho0p3-seed1,static-ocs,community-local,1,241,1,1,0,2,optical-direct,20000,20000,0.075863637,0.079137561,0.003273924,true
tl-hoc-v7,v7-community-main-static-ocs-rho0p3-seed1,static-ocs,community-local,1,242,1,2,0,3,optical-direct,20000,20000,0.076426283,0.079816121,0.003389838,true
tl-hoc-v7,v7-community-main-static-ocs-rho0p3-seed1,static-ocs,community-local,1,243,3,3,2,4,optical-direct,20000,20000,0.076687962,0.080873012,0.00418505,true
tl-hoc-v7,v7-community-main-static-ocs-rho0p3-seed1,static-ocs,community-local,1,244,0,4,1,5,optical-direct,20000,20000,0.076758721,0.080352641,0.00359392,true
tl-hoc-v7,v7-community-main-static-ocs-rho0p3-seed1,static-ocs,community-local,1,245,1,5,0,6,optical-direct,20000,20000,0.077054978,0.080765121,0.003710143,true
tl-hoc-v7,v7-community-main-static-ocs-rho0p3-seed1,static-ocs,community-local,1,246,3,6,2,7,optical-direct,20000,20000,0.077071423,0.080331412,0.003259989,true
tl-hoc-v7,v7-community-main-static-ocs-rho0p3-seed1,static-ocs,community-local,1,247,1,7,0,8,optical-direct,20000,20000,0.077076756,0.081172182,0.004095426,true
tl-hoc-v7,v7-community-main-static-ocs-rho0p3-seed1,static-ocs,community-local,1,248,2,8,3,9,optical-direct,20000,20000,0.077093752,0.079250892,0.00215714,true
tl-hoc-v7,v7-community-main-static-ocs-rho0p3-seed1,static-ocs,community-local,1,249,1,9,0,10,optical-direct,20000,20000,0.077263702,0.080304502,0.0030408,true
tl-hoc-v7,v7-community-main-static-ocs-rho0p3-seed1,static-ocs,community-local,1,250,3,10,1,11,optical-direct,20000,20000,0.07755042,0.07970674,0.00215632,true
tl-hoc-v7,v7-community-main-static-ocs-rho0p3-seed1,static-ocs,community-local,1,251,0,11,1,12,optical-direct,20000,20000,0.078224187,0.081531702,0.003307515,true
tl-hoc-v7,v7-community-main-static-ocs-rho0p3-seed1,static-ocs,community-local,1,252,3,12,2,13,optical-direct,20000,20000,0.078738366,0.081234732,0.002496366,true
tl-hoc-v7,v7-community-main-static-ocs-rho0p3-seed1,static-ocs,community-local,1,253,2,13,3,14,optical-direct,20000,20000,0.078836357,0.081053512,0.002217155,true
tl-hoc-v7,v7-community-main-static-ocs-rho0p3-seed1,static-ocs,community-local,1,254,1,14,2,15,optical-direct,20000,20000,0.078864969,0.081025609,0.00216064,true
tl-hoc-v7,v7-community-main-static-ocs-rho0p3-seed1,static-ocs,community-local,1,255,0,15,1,0,optical-direct,20000,20000,0.078922197,0.081762942,0.002840745,true
tl-hoc-v7,v7-community-main-static-ocs-rho0p3-seed1,static-ocs,community-local,1,256,2,0,3,1,optical-direct,20000,20000,0.079000557,0.081546132,0.002545575,true
tl-hoc-v7,v7-community-main-static-ocs-rho0p3-seed1,static-ocs,community-local,1,257,1,1,0,2,optical-direct,20000,20000,0.079180632,0.081927561,0.002746929,true
tl-hoc-v7,v7-community-main-static-ocs-rho0p3-seed1,static-ocs,community-local,1,258,3,2,2,3,optical-direct,20000,20000,0.079323044,0.082430132,0.003107088,true
tl-hoc-v7,v7-community-main-static-ocs-rho0p3-seed1,static-ocs,community-local,1,259,3,3,2,4,optical-direct,20000,20000,0.079724239,0.083739572,0.004015333,true
tl-hoc-v7,v7-community-main-static-ocs-rho0p3-seed1,static-ocs,community-local,1,260,1,4,0,5,optical-direct,20000,20000,0.080122807,0.086618172,0.006495365,true
tl-hoc-v7,v7-community-main-static-ocs-rho0p3-seed1,static-ocs,community-local,1,261,1,5,2,6,optical-direct,20000,20000,0.080148695,0.085896892,0.005748197,true
tl-hoc-v7,v7-community-main-static-ocs-rho0p3-seed1,static-ocs,community-local,1,262,1,6,3,7,optical-direct,20000,20000,0.080161079,0.087128412,0.006967333,true
tl-hoc-v7,v7-community-main-static-ocs-rho0p3-seed1,static-ocs,community-local,1,263,2,7,3,8,optical-direct,20000,20000,0.080680343,0.090643612,0.009963269,true
tl-hoc-v7,v7-community-main-static-ocs-rho0p3-seed1,static-ocs,community-local,1,264,2,8,3,9,optical-direct,20000,20000,0.081449637,0.090454812,0.009005175,true
tl-hoc-v7,v7-community-main-static-ocs-rho0p3-seed1,static-ocs,community-local,1,265,0,9,1,10,optical-direct,20000,20000,0.081451195,0.088077052,0.006625857,true
tl-hoc-v7,v7-community-main-static-ocs-rho0p3-seed1,static-ocs,community-local,1,266,2,10,3,11,optical-direct,20000,20000,0.081553462,0.090614172,0.00906071,true
tl-hoc-v7,v7-community-main-static-ocs-rho0p3-seed1,static-ocs,community-local,1,267,0,11,1,12,optical-direct,20000,20000,0.081763442,0.088142012,0.00637857,true
tl-hoc-v7,v7-community-main-static-ocs-rho0p3-seed1,static-ocs,community-local,1,268,3,12,1,13,optical-direct,20000,20000,0.081912109,0.086140372,0.004228263,true
tl-hoc-v7,v7-community-main-static-ocs-rho0p3-seed1,static-ocs,community-local,1,269,1,13,3,14,optical-direct,20000,20000,0.082003683,0.086354772,0.004351089,true
tl-hoc-v7,v7-community-main-static-ocs-rho0p3-seed1,static-ocs,community-local,1,270,3,14,2,15,optical-direct,20000,20000,0.082011497,0.085940532,0.003929035,true
tl-hoc-v7,v7-community-main-static-ocs-rho0p3-seed1,static-ocs,community-local,1,271,1,15,0,0,optical-direct,20000,20000,0.082264356,0.086163132,0.003898776,true
tl-hoc-v7,v7-community-main-static-ocs-rho0p3-seed1,static-ocs,community-local,1,272,0,0,2,1,optical-direct,20000,20000,0.082310851,0.085940092,0.003629241,true
tl-hoc-v7,v7-community-main-static-ocs-rho0p3-seed1,static-ocs,community-local,1,273,3,1,0,2,optical-direct,20000,20000,0.082585618,0.085896892,0.003311274,true
tl-hoc-v7,v7-community-main-static-ocs-rho0p3-seed1,static-ocs,community-local,1,274,2,2,3,3,optical-direct,20000,20000,0.082646858,0.085909452,0.003262594,true
tl-hoc-v7,v7-community-main-static-ocs-rho0p3-seed1,static-ocs,community-local,1,275,0,3,1,4,optical-direct,20000,20000,0.082829052,0.086587932,0.00375888,true
tl-hoc-v7,v7-community-main-static-ocs-rho0p3-seed1,static-ocs,community-local,1,276,2,4,3,5,optical-direct,20000,20000,0.083213782,0.089194412,0.00598063,true
tl-hoc-v7,v7-community-main-static-ocs-rho0p3-seed1,static-ocs,community-local,1,277,2,5,3,6,optical-direct,20000,20000,0.083320471,0.089129452,0.005808981,true
tl-hoc-v7,v7-community-main-static-ocs-rho0p3-seed1,static-ocs,community-local,1,278,1,6,0,7,optical-direct,20000,20000,0.083323821,0.087765052,0.004441231,true
tl-hoc-v7,v7-community-main-static-ocs-rho0p3-seed1,static-ocs,community-local,1,279,3,7,2,8,optical-direct,20000,20000,0.083406584,0.088263492,0.004856908,true
tl-hoc-v7,v7-community-main-static-ocs-rho0p3-seed1,static-ocs,community-local,1,280,2,8,3,9,optical-direct,20000,20000,0.08341741,0.091202972,0.007785562,true
tl-hoc-v7,v7-community-main-static-ocs-rho0p3-seed1,static-ocs,community-local,1,281,0,9,1,10,optical-direct,20000,20000,0.084327877,0.089458903,0.005131026,true
tl-hoc-v7,v7-community-main-static-ocs-rho0p3-seed1,static-ocs,community-local,1,282,2,10,0,11,optical-direct,20000,20000,0.084835771,0.087760572,0.002924801,true
tl-hoc-v7,v7-community-main-static-ocs-rho0p3-seed1,static-ocs,community-local,1,283,2,11,3,12,optical-direct,20000,20000,0.08507876,0.092275772,0.007197012,true
tl-hoc-v7,v7-community-main-static-ocs-rho0p3-seed1,static-ocs,community-local,1,284,3,12,2,13,optical-direct,20000,20000,0.085084293,0.090061812,0.004977519,true
tl-hoc-v7,v7-community-main-static-ocs-rho0p3-seed1,static-ocs,community-local,1,285,2,13,3,14,optical-direct,20000,20000,0.085202614,0.089800972,0.004598358,true
tl-hoc-v7,v7-community-main-static-ocs-rho0p3-seed1,static-ocs,community-local,1,286,3,14,2,15,optical-direct,20000,20000,0.085461978,0.089963092,0.004501114,true
tl-hoc-v7,v7-community-main-static-ocs-rho0p3-seed1,static-ocs,community-local,1,287,2,15,3,0,optical-direct,20000,20000,0.086117071,0.089319412,0.003202341,true
tl-hoc-v7,v7-community-main-static-ocs-rho0p3-seed1,static-ocs,community-local,1,288,0,0,1,1,optical-direct,20000,20000,0.086185307,0.088420332,0.002235025,true
tl-hoc-v7,v7-community-main-static-ocs-rho0p3-seed1,static-ocs,community-local,1,289,3,1,0,2,optical-direct,20000,20000,0.086214388,0.088370708,0.00215632,true
tl-hoc-v7,v7-community-main-static-ocs-rho0p3-seed1,static-ocs,community-local,1,290,3,2,2,3,optical-direct,20000,20000,0.086229482,0.088439332,0.00220985,true
tl-hoc-v7,v7-community-main-static-ocs-rho0p3-seed1,static-ocs,community-local,1,291,3,3,2,4,optical-direct,20000,20000,0.086425029,0.092199732,0.005774703,true
tl-hoc-v7,v7-community-main-static-ocs-rho0p3-seed1,static-ocs,community-local,1,292,1,4,2,5,optical-direct,20000,20000,0.086431532,0.089309132,0.0028776,true
tl-hoc-v7,v7-community-main-static-ocs-rho0p3-seed1,static-ocs,community-local,1,293,3,5,2,6,optical-direct,20000,20000,0.08645466,0.092229172,0.005774512,true
tl-hoc-v7,v7-community-main-static-ocs-rho0p3-seed1,static-ocs,community-local,1,294,1,6,2,7,optical-direct,20000,20000,0.087011359,0.090378252,0.003366893,true
tl-hoc-v7,v7-community-main-static-ocs-rho0p3-seed1,static-ocs,community-local,1,295,1,7,0,8,optical-direct,20000,20000,0.087348492,0.092122692,0.0047742,true
tl-hoc-v7,v7-community-main-static-ocs-rho0p3-seed1,static-ocs,community-local,1,296,0,8,1,9,optical-direct,20000,20000,0.08784254,0.091628772,0.003786232,true
tl-hoc-v7,v7-community-main-static-ocs-rho0p3-seed1,static-ocs,community-local,1,297,3,9,2,10,optical-direct,20000,20000,0.088250238,0.094216572,0.005966334,true
tl-hoc-v7,v7-community-main-static-ocs-rho0p3-seed1,static-ocs,community-local,1,298,1,10,0,11,optical-direct,20000,20000,0.088340933,0.092539652,0.004198719,true
tl-hoc-v7,v7-community-main-static-ocs-rho0p3-seed1,static-ocs,community-local,1,299,3,11,2,12,optical-direct,20000,20000,0.088356078,0.094009212,0.005653134,true
tl-hoc-v7,v7-community-main-static-ocs-rho0p3-seed1,static-ocs,community-local,1,300,0,12,1,13,optical-direct,20000,20000,0.088466143,0.090798972,0.002332829,true
tl-hoc-v7,v7-community-main-static-ocs-rho0p3-seed1,static-ocs,community-local,1,301,1,13,0,14,optical-direct,20000,20000,0.089133857,0.091526572,0.002392715,true
tl-hoc-v7,v7-community-main-static-ocs-rho0p3-seed1,static-ocs,community-local,1,302,2,14,3,15,optical-direct,20000,20000,0.089159169,0.093053052,0.003893883,true
tl-hoc-v7,v7-community-main-static-ocs-rho0p3-seed1,static-ocs,community-local,1,303,1,15,3,0,optical-direct,20000,20000,0.089519097,0.091675417,0.00215632,true
tl-hoc-v7,v7-community-main-static-ocs-rho0p3-seed1,static-ocs,community-local,1,304,1,0,0,1,optical-direct,20000,20000,0.08958826,0.092538446,0.002950186,true
tl-hoc-v7,v7-community-main-static-ocs-rho0p3-seed1,static-ocs,community-local,1,305,0,1,1,2,optical-direct,20000,20000,0.089834508,0.092149823,0.002315315,true
tl-hoc-v7,v7-community-main-static-ocs-rho0p3-seed1,static-ocs,community-local,1,306,0,2,2,3,optical-direct,20000,20000,0.090615224,0.092771544,0.00215632,true
tl-hoc-v7,v7-community-main-static-ocs-rho0p3-seed1,static-ocs,community-local,1,307,3,3,2,4,optical-direct,20000,20000,0.090830106,0.095696612,0.004866506,true
tl-hoc-v7,v7-community-main-static-ocs-rho0p3-seed1,static-ocs,community-local,1,308,1,4,0,5,optical-direct,20000,20000,0.091455926,0.093624503,0.002168577,true
tl-hoc-v7,v7-community-main-static-ocs-rho0p3-seed1,static-ocs,community-local,1,309,3,5,2,6,optical-direct,20000,20000,0.092064253,0.096044772,0.003980519,true
tl-hoc-v7,v7-community-main-static-ocs-rho0p3-seed1,static-ocs,community-local,1,310,3,6,1,7,optical-direct,20000,20000,0.092114248,0.095789928,0.00367568,true
tl-hoc-v7,v7-community-main-static-ocs-rho0p3-seed1,static-ocs,community-local,1,311,3,7,1,8,optical-direct,20000,20000,0.092373311,0.096043688,0.003670377,true
tl-hoc-v7,v7-community-main-static-ocs-rho0p3-seed1,static-ocs,community-local,1,312,0,8,1,9,optical-direct,20000,20000,0.092583109,0.096059806,0.003476697,true
tl-hoc-v7,v7-community-main-static-ocs-rho0p3-seed1,static-ocs,community-local,1,313,1,9,0,10,optical-direct,20000,20000,0.092665367,0.096412126,0.003746759,true
tl-hoc-v7,v7-community-main-static-ocs-rho0p3-seed1,static-ocs,community-local,1,314,1,10,0,11,optical-direct,20000,20000,0.092859133,0.096674526,0.003815393,true
tl-hoc-v7,v7-community-main-static-ocs-rho0p3-seed1,static-ocs,community-local,1,315,3,11,2,12,optical-direct,20000,20000,0.093077287,0.096198972,0.003121685,true
tl-hoc-v7,v7-community-main-static-ocs-rho0p3-seed1,static-ocs,community-local,1,316,1,12,2,13,optical-direct,20000,20000,0.093212417,0.095368737,0.00215632,true
tl-hoc-v7,v7-community-main-static-ocs-rho0p3-seed1,static-ocs,community-local,1,317,0,13,1,14,optical-direct,20000,20000,0.093215401,0.095396486,0.002181085,true
tl-hoc-v7,v7-community-main-static-ocs-rho0p3-seed1,static-ocs,community-local,1,318,0,14,2,15,optical-direct,20000,20000,0.093450112,0.095606432,0.00215632,true
tl-hoc-v7,v7-community-main-static-ocs-rho0p3-seed1,static-ocs,community-local,1,319,1,15,0,0,optical-direct,20000,20000,0.09382286,0.098050728,0.004227868,true
tl-hoc-v7,v7-community-main-static-ocs-rho0p3-seed1,static-ocs,community-local,1,320,0,0,1,1,optical-direct,20000,20000,0.093841879,0.098599799,0.00475792,true
tl-hoc-v7,v7-community-main-static-ocs-rho0p3-seed1,static-ocs,community-local,1,321,0,1,1,2,optical-direct,20000,20000,0.093899038,0.099158679,0.005259641,true
tl-hoc-v7,v7-community-main-static-ocs-rho0p3-seed1,static-ocs,community-local,1,322,1,2,0,3,optical-direct,20000,20000,0.094208748,0.099523759,0.005315011,true
tl-hoc-v7,v7-community-main-static-ocs-rho0p3-seed1,static-ocs,community-local,1,323,0,3,1,4,optical-direct,20000,20000,0.094336922,0.099699959,0.005363037,true
tl-hoc-v7,v7-community-main-static-ocs-rho0p3-seed1,static-ocs,community-local,1,324,2,4,3,5,optical-direct,20000,20000,0.09507425,0.09945656,0.00438231,true
tl-hoc-v7,v7-community-main-static-ocs-rho0p3-seed1,static-ocs,community-local,1,325,3,5,2,6,optical-direct,20000,20000,0.095595059,0.09974088,0.004145821,true
tl-hoc-v7,v7-community-main-static-ocs-rho0p3-seed1,static-ocs,community-local,1,326,0,6,1,7,optical-direct,20000,20000,0.095676812,0.098256119,0.002579307,true
tl-hoc-v7,v7-community-main-static-ocs-rho0p3-seed1,static-ocs,community-local,1,327,3,7,2,8,optical-direct,20000,20000,0.09575128,0.09967592,0.00392464,true
tl-hoc-v7,v7-community-main-static-ocs-rho0p3-seed1,static-ocs,community-local,1,328,2,8,3,9,optical-direct,20000,20000,0.09613155,0.09840984,0.00227829,true
tl-hoc-v7,v7-community-main-static-ocs-rho0p3-seed1,static-ocs,community-local,1,329,0,9,1,10,optical-direct,20000,20000,0.09618817,0.098663439,0.002475269,true
tl-hoc-v7,v7-community-main-static-ocs-rho0p3-seed1,static-ocs,community-local,1,330,0,10,2,11,optical-direct,20000,20000,0.096426199,0.098582519,0.00215632,true
tl-hoc-v7,v7-community-main-static-ocs-rho0p3-seed1,static-ocs,community-local,1,331,1,11,0,12,optical-direct,20000,20000,0.097902282,0.100486879,0.002584597,true
tl-hoc-v7,v7-community-main-static-ocs-rho0p3-seed1,static-ocs,community-local,1,332,0,12,2,13,optical-direct,20000,20000,0.09795438,0.10014526,0.00219088,true
tl-hoc-v7,v7-community-main-static-ocs-rho0p3-seed1,static-ocs,community-local,1,333,3,13,0,14,optical-direct,20000,20000,0.097970882,0.100127202,0.00215632,true
tl-hoc-v7,v7-community-main-static-ocs-rho0p3-seed1,static-ocs,community-local,1,334,2,14,3,15,optical-direct,20000,20000,0.098735304,0.1008952,0.002159896,true
tl-hoc-v7,v7-community-main-static-ocs-rho0p3-seed1,static-ocs,community-local,1,335,0,15,1,0,optical-direct,20000,20000,0.099154111,0.102762279,0.003608168,true
tl-hoc-v7,v7-community-main-static-ocs-rho0p3-seed1,static-ocs,community-local,1,336,0,0,1,1,optical-direct,20000,20000,0.099277957,0.103204839,0.003926882,true
tl-hoc-v7,v7-community-main-static-ocs-rho0p3-seed1,static-ocs,community-local,1,337,3,1,2,2,optical-direct,20000,20000,0.099444333,0.10187244,0.002428107,true
tl-hoc-v7,v7-community-main-static-ocs-rho0p3-seed1,static-ocs,community-local,1,338,2,2,3,3,optical-direct,20000,20000,0.099472411,0.101693184,0.002220773,true
tl-hoc-v7,v7-community-main-static-ocs-rho0p3-seed1,static-ocs,community-local,1,339,1,3,0,4,optical-direct,20000,20000,0.099617095,0.103947559,0.004330464,true
tl-hoc-v7,v7-community-main-static-ocs-rho0p3-seed1,static-ocs,community-local,1,340,0,4,1,5,optical-direct,20000,20000,0.099617433,0.10317566,0.003558227,true
tl-hoc-v7,v7-community-main-static-ocs-rho0p3-seed1,static-ocs,community-local,1,341,0,5,1,6,optical-direct,20000,20000,0.099944047,0.1036091,0.003665053,true
tl-hoc-v7,v7-community-main-static-ocs-rho0p3-seed1,static-ocs,community-local,1,342,1,6,2,7,optical-direct,20000,20000,0.100018541,0.106114199,0.006095658,true
tl-hoc-v7,v7-community-main-static-ocs-rho0p3-seed1,static-ocs,community-local,1,343,0,7,1,8,optical-direct,20000,20000,0.100345583,0.107070239,0.006724656,true
tl-hoc-v7,v7-community-main-static-ocs-rho0p3-seed1,static-ocs,community-local,1,344,2,8,3,9,optical-direct,20000,20000,0.100474849,0.108225319,0.00775047,true
tl-hoc-v7,v7-community-main-static-ocs-rho0p3-seed1,static-ocs,community-local,1,345,3,9,2,10,optical-direct,20000,20000,0.100491007,0.108934439,0.008443432,true
tl-hoc-v7,v7-community-main-static-ocs-rho0p3-seed1,static-ocs,community-local,1,346,3,10,2,11,optical-direct,20000,20000,0.100919358,0.109538039,0.008618681,true
tl-hoc-v7,v7-community-main-static-ocs-rho0p3-seed1,static-ocs,community-local,1,347,1,11,0,12,optical-direct,20000,20000,0.101394026,0.107938159,0.006544133,true
tl-hoc-v7,v7-community-main-static-ocs-rho0p3-seed1,static-ocs,community-local,1,348,2,12,1,13,optical-direct,20000,20000,0.101567822,0.106224799,0.004656977,true
tl-hoc-v7,v7-community-main-static-ocs-rho0p3-seed1,static-ocs,community-local,1,349,1,13,0,14,optical-direct,20000,20000,0.101973998,0.107839439,0.005865441,true
tl-hoc-v7,v7-community-main-static-ocs-rho0p3-seed1,static-ocs,community-local,1,350,0,14,1,15,optical-direct,20000,20000,0.102267445,0.107121679,0.004854234,true
tl-hoc-v7,v7-community-main-static-ocs-rho0p3-seed1,static-ocs,community-local,1,351,3,15,2,0,optical-direct,20000,20000,0.103431492,0.106759279,0.003327787,true
tl-hoc-v7,v7-community-main-static-ocs-rho0p3-seed1,static-ocs,community-local,1,352,0,0,1,1,optical-direct,20000,20000,0.103552236,0.106116679,0.002564443,true
tl-hoc-v7,v7-community-main-static-ocs-rho0p3-seed1,static-ocs,community-local,1,353,2,1,3,2,optical-direct,20000,20000,0.103677743,0.107402359,0.003724616,true
tl-hoc-v7,v7-community-main-static-ocs-rho0p3-seed1,static-ocs,community-local,1,354,1,2,2,3,optical-direct,20000,20000,0.103763336,0.106405719,0.002642383,true
tl-hoc-v7,v7-community-main-static-ocs-rho0p3-seed1,static-ocs,community-local,1,355,2,3,3,4,optical-direct,20000,20000,0.104135256,0.108681879,0.004546623,true
tl-hoc-v7,v7-community-main-static-ocs-rho0p3-seed1,static-ocs,community-local,1,356,0,4,1,5,optical-direct,20000,20000,0.104638336,0.107882839,0.003244503,true
tl-hoc-v7,v7-community-main-static-ocs-rho0p3-seed1,static-ocs,community-local,1,357,3,5,1,6,optical-direct,20000,20000,0.104877935,0.107635839,0.002757904,true
tl-hoc-v7,v7-community-main-static-ocs-rho0p3-seed1,static-ocs,community-local,1,358,2,6,3,7,optical-direct,20000,20000,0.105196335,0.108329399,0.003133064,true
tl-hoc-v7,v7-community-main-static-ocs-rho0p3-seed1,static-ocs,community-local,1,359,3,7,2,8,optical-direct,20000,20000,0.105211914,0.109768679,0.004556765,true
tl-hoc-v7,v7-community-main-static-ocs-rho0p3-seed1,static-ocs,community-local,1,360,1,8,0,9,optical-direct,20000,20000,0.105408837,0.108085439,0.002676602,true
tl-hoc-v7,v7-community-main-static-ocs-rho0p3-seed1,static-ocs,community-local,1,361,3,9,2,10,optical-direct,20000,20000,0.106556307,0.111528039,0.004971732,true
tl-hoc-v7,v7-community-main-static-ocs-rho0p3-seed1,static-ocs,community-local,1,362,1,10,2,11,optical-direct,20000,20000,0.10670484,0.109425879,0.002721039,true
tl-hoc-v7,v7-community-main-static-ocs-rho0p3-seed1,static-ocs,community-local,1,363,0,11,1,12,optical-direct,20000,20000,0.106974009,0.110227519,0.00325351,true
tl-hoc-v7,v7-community-main-static-ocs-rho0p3-seed1,static-ocs,community-local,1,364,0,12,1,13,optical-direct,20000,20000,0.107150652,0.110987359,0.003836707,true
tl-hoc-v7,v7-community-main-static-ocs-rho0p3-seed1,static-ocs,community-local,1,365,3,13,2,14,optical-direct,20000,20000,0.108278239,0.110755999,0.00247776,true
tl-hoc-v7,v7-community-main-static-ocs-rho0p3-seed1,static-ocs,community-local,1,366,2,14,3,15,optical-direct,20000,20000,0.108353897,0.110558799,0.002204902,true
tl-hoc-v7,v7-community-main-static-ocs-rho0p3-seed1,static-ocs,community-local,1,367,1,15,0,0,optical-direct,20000,20000,0.109999686,0.113739359,0.003739673,true
tl-hoc-v7,v7-community-main-static-ocs-rho0p3-seed1,static-ocs,community-local,1,368,3,0,2,1,optical-direct,20000,20000,0.110358505,0.112524119,0.002165614,true
tl-hoc-v7,v7-community-main-static-ocs-rho0p3-seed1,static-ocs,community-local,1,369,1,1,0,2,optical-direct,20000,20000,0.110910467,0.114653759,0.003743292,true
tl-hoc-v7,v7-community-main-static-ocs-rho0p3-seed1,static-ocs,community-local,1,370,0,2,1,3,optical-direct,20000,20000,0.111114723,0.115024039,0.003909316,true
tl-hoc-v7,v7-community-main-static-ocs-rho0p3-seed1,static-ocs,community-local,1,371,0,3,1,4,optical-direct,20000,20000,0.111842421,0.116321679,0.004479258,true
tl-hoc-v7,v7-community-main-static-ocs-rho0p3-seed1,static-ocs,community-local,1,372,2,4,3,5,optical-direct,20000,20000,0.112096897,0.114781377,0.00268448,true
tl-hoc-v7,v7-community-main-static-ocs-rho0p3-seed1,static-ocs,community-local,1,373,0,5,1,6,optical-direct,20000,20000,0.112383911,0.115595919,0.003212008,true
tl-hoc-v7,v7-community-main-static-ocs-rho0p3-seed1,static-ocs,community-local,1,374,2,6,3,7,optical-direct,20000,20000,0.113215556,0.116030657,0.002815101,true
tl-hoc-v7,v7-community-main-static-ocs-rho0p3-seed1,static-ocs,community-local,1,375,0,7,1,8,optical-direct,20000,20000,0.113341253,0.117527519,0.004186266,true
tl-hoc-v7,v7-community-main-static-ocs-rho0p3-seed1,static-ocs,community-local,1,376,2,8,3,9,optical-direct,20000,20000,0.113772963,0.116532857,0.002759894,true
tl-hoc-v7,v7-community-main-static-ocs-rho0p3-seed1,static-ocs,community-local,1,377,0,9,1,10,optical-direct,20000,20000,0.114318284,0.117781279,0.003462995,true
tl-hoc-v7,v7-community-main-static-ocs-rho0p3-seed1,static-ocs,community-local,1,378,2,10,3,11,optical-direct,20000,20000,0.1145363,0.117777337,0.003241037,true
tl-hoc-v7,v7-community-main-static-ocs-rho0p3-seed1,static-ocs,community-local,1,379,3,11,2,12,optical-direct,20000,20000,0.114759166,0.117180857,0.002421691,true
tl-hoc-v7,v7-community-main-static-ocs-rho0p3-seed1,static-ocs,community-local,1,380,2,12,3,13,optical-direct,20000,20000,0.115372977,0.118716857,0.00334388,true
tl-hoc-v7,v7-community-main-static-ocs-rho0p3-seed1,static-ocs,community-local,1,381,1,13,3,14,optical-direct,20000,20000,0.115643266,0.117799586,0.00215632,true
tl-hoc-v7,v7-community-main-static-ocs-rho0p3-seed1,static-ocs,community-local,1,382,1,14,2,15,optical-direct,20000,20000,0.115748115,0.118241075,0.00249296,true
tl-hoc-v7,v7-community-main-static-ocs-rho0p3-seed1,static-ocs,community-local,1,383,2,15,3,0,optical-direct,20000,20000,0.115970441,0.119442617,0.003472176,true
tl-hoc-v7,v7-community-main-static-ocs-rho0p3-seed1,static-ocs,community-local,1,384,0,0,1,1,optical-direct,20000,20000,0.116078025,0.118249399,0.002171374,true
tl-hoc-v7,v7-community-main-static-ocs-rho0p3-seed1,static-ocs,community-local,1,385,3,1,2,2,optical-direct,20000,20000,0.116163157,0.118374977,0.00221182,true
tl-hoc-v7,v7-community-main-static-ocs-rho0p3-seed1,static-ocs,community-local,1,386,1,2,3,3,optical-direct,20000,20000,0.11651002,0.11866634,0.00215632,true
tl-hoc-v7,v7-community-main-static-ocs-rho0p3-seed1,static-ocs,community-local,1,387,2,3,3,4,optical-direct,20000,20000,0.117356686,0.120196177,0.002839491,true
tl-hoc-v7,v7-community-main-static-ocs-rho0p3-seed1,static-ocs,community-local,1,388,0,4,1,5,optical-direct,20000,20000,0.117431265,0.119677345,0.00224608,true
tl-hoc-v7,v7-community-main-static-ocs-rho0p3-seed1,static-ocs,community-local,1,389,1,5,0,6,optical-direct,20000,20000,0.118137611,0.120489025,0.002351414,true
tl-hoc-v7,v7-community-main-static-ocs-rho0p3-seed1,static-ocs,community-local,1,390,2,6,3,7,optical-direct,20000,20000,0.118346611,0.121424177,0.003077566,true
tl-hoc-v7,v7-community-main-static-ocs-rho0p3-seed1,static-ocs,community-local,1,391,3,7,1,8,optical-direct,20000,20000,0.118776915,0.122174257,0.003397342,true
tl-hoc-v7,v7-community-main-static-ocs-rho0p3-seed1,static-ocs,community-local,1,392,3,8,1,9,optical-direct,20000,20000,0.118897177,0.122711217,0.00381404,true
tl-hoc-v7,v7-community-main-static-ocs-rho0p3-seed1,static-ocs,community-local,1,393,1,9,2,10,optical-direct,20000,20000,0.119120977,0.121303217,0.00218224,true
tl-hoc-v7,v7-community-main-static-ocs-rho0p3-seed1,static-ocs,community-local,1,394,0,10,1,11,optical-direct,20000,20000,0.119196893,0.121353213,0.00215632,true
tl-hoc-v7,v7-community-main-static-ocs-rho0p3-seed1,static-ocs,community-local,1,395,3,11,2,12,optical-direct,20000,20000,0.119227823,0.123053903,0.00382608,true
tl-hoc-v7,v7-community-main-static-ocs-rho0p3-seed1,static-ocs,community-local,1,396,3,12,2,13,optical-direct,20000,20000,0.119288206,0.123148303,0.003860097,true
tl-hoc-v7,v7-community-main-static-ocs-rho0p3-seed1,static-ocs,community-local,1,397,0,13,3,14,optical-direct,20000,20000,0.119521259,0.121677579,0.00215632,true
tl-hoc-v7,v7-community-main-static-ocs-rho0p3-seed1,static-ocs,community-local,1,398,0,14,1,15,optical-direct,20000,20000,0.120037657,0.126818663,0.006781006,true
tl-hoc-v7,v7-community-main-static-ocs-rho0p3-seed1,static-ocs,community-local,1,399,0,15,1,0,optical-direct,20000,20000,0.120817412,0.127781605,0.006964193,true
tl-hoc-v7,v7-community-main-static-ocs-rho0p3-seed1,static-ocs,community-local,1,400,0,0,3,1,optical-direct,20000,20000,0.120900029,0.125305623,0.004405594,true
tl-hoc-v7,v7-community-main-static-ocs-rho0p3-seed1,static-ocs,community-local,1,401,1,1,0,2,optical-direct,20000,20000,0.121346665,0.126906743,0.005560078,true
tl-hoc-v7,v7-community-main-static-ocs-rho0p3-seed1,static-ocs,community-local,1,402,1,2,0,3,optical-direct,20000,20000,0.121446045,0.127160503,0.005714458,true
tl-hoc-v7,v7-community-main-static-ocs-rho0p3-seed1,static-ocs,community-local,1,403,0,3,1,4,optical-direct,20000,20000,0.121722909,0.125390863,0.003667954,true
tl-hoc-v7,v7-community-main-static-ocs-rho0p3-seed1,static-ocs,community-local,1,404,2,4,0,5,optical-direct,20000,20000,0.121770262,0.125305623,0.003535361,true
tl-hoc-v7,v7-community-main-static-ocs-rho0p3-seed1,static-ocs,community-local,1,405,2,5,3,6,optical-direct,20000,20000,0.12192538,0.125374743,0.003449363,true
tl-hoc-v7,v7-community-main-static-ocs-rho0p3-seed1,static-ocs,community-local,1,406,1,6,0,7,optical-direct,20000,20000,0.12195421,0.125381903,0.003427693,true
tl-hoc-v7,v7-community-main-static-ocs-rho0p3-seed1,static-ocs,community-local,1,407,3,7,2,8,optical-direct,20000,20000,0.122189098,0.125374743,0.003185645,true
tl-hoc-v7,v7-community-main-static-ocs-rho0p3-seed1,static-ocs,community-local,1,408,0,8,3,9,optical-direct,20000,20000,0.122584264,0.125317423,0.002733159,true
tl-hoc-v7,v7-community-main-static-ocs-rho0p3-seed1,static-ocs,community-local,1,409,0,9,1,10,optical-direct,20000,20000,0.122787799,0.126591303,0.003803504,true
tl-hoc-v7,v7-community-main-static-ocs-rho0p3-seed1,static-ocs,community-local,1,410,2,10,1,11,optical-direct,20000,20000,0.122937226,0.125316925,0.002379699,true
tl-hoc-v7,v7-community-main-static-ocs-rho0p3-seed1,static-ocs,community-local,1,411,0,11,1,12,optical-direct,20000,20000,0.123501512,0.127338663,0.003837151,true
tl-hoc-v7,v7-community-main-static-ocs-rho0p3-seed1,static-ocs,community-local,1,412,2,12,3,13,optical-direct,20000,20000,0.123517143,0.127021703,0.00350456,true
tl-hoc-v7,v7-community-main-static-ocs-rho0p3-seed1,static-ocs,community-local,1,413,1,13,0,14,optical-direct,20000,20000,0.123680723,0.127575023,0.0038943,true
tl-hoc-v7,v7-community-main-static-ocs-rho0p3-seed1,static-ocs,community-local,1,414,2,14,3,15,optical-direct,20000,20000,0.123885208,0.127465183,0.003579975,true
tl-hoc-v7,v7-community-main-static-ocs-rho0p3-seed1,static-ocs,community-local,1,415,2,15,1,0,optical-direct,20000,20000,0.124328805,0.127240325,0.00291152,true
tl-hoc-v7,v7-community-main-static-ocs-rho0p3-seed1,static-ocs,community-local,1,416,3,0,2,1,optical-direct,20000,20000,0.125130111,0.129449383,0.004319272,true
tl-hoc-v7,v7-community-main-static-ocs-rho0p3-seed1,static-ocs,community-local,1,417,3,1,2,2,optical-direct,20000,20000,0.125238413,0.129608743,0.00437033,true
tl-hoc-v7,v7-community-main-static-ocs-rho0p3-seed1,static-ocs,community-local,1,418,3,2,2,3,optical-direct,20000,20000,0.125805905,0.130939783,0.005133878,true
tl-hoc-v7,v7-community-main-static-ocs-rho0p3-seed1,static-ocs,community-local,1,419,2,3,3,4,optical-direct,20000,20000,0.126161915,0.130089903,0.003927988,true
tl-hoc-v7,v7-community-main-static-ocs-rho0p3-seed1,static-ocs,community-local,1,420,2,4,3,5,optical-direct,20000,20000,0.126165696,0.129930543,0.003764847,true
tl-hoc-v7,v7-community-main-static-ocs-rho0p3-seed1,static-ocs,community-local,1,421,2,5,1,6,optical-direct,20000,20000,0.126608816,0.129110416,0.0025016,true
tl-hoc-v7,v7-community-main-static-ocs-rho0p3-seed1,static-ocs,community-local,1,422,1,6,0,7,optical-direct,20000,20000,0.126917171,0.129290256,0.002373085,true
tl-hoc-v7,v7-community-main-static-ocs-rho0p3-seed1,static-ocs,community-local,1,423,0,7,1,8,optical-direct,20000,20000,0.127297002,0.129606416,0.002309414,true
tl-hoc-v7,v7-community-main-static-ocs-rho0p3-seed1,static-ocs,community-local,1,424,3,8,2,9,optical-direct,20000,20000,0.127589326,0.131035423,0.003446097,true
tl-hoc-v7,v7-community-main-static-ocs-rho0p3-seed1,static-ocs,community-local,1,425,3,9,2,10,optical-direct,20000,20000,0.12787339,0.132064223,0.004190833,true
tl-hoc-v7,v7-community-main-static-ocs-rho0p3-seed1,static-ocs,community-local,1,426,2,10,3,11,optical-direct,20000,20000,0.128022683,0.131567823,0.00354514,true
tl-hoc-v7,v7-community-main-static-ocs-rho0p3-seed1,static-ocs,community-local,1,427,3,11,2,12,optical-direct,20000,20000,0.129084979,0.134535383,0.005450404,true
tl-hoc-v7,v7-community-main-static-ocs-rho0p3-seed1,static-ocs,community-local,1,428,3,12,2,13,optical-direct,20000,20000,0.130531116,0.134423223,0.003892107,true
tl-hoc-v7,v7-community-main-static-ocs-rho0p3-seed1,static-ocs,community-local,1,429,2,13,3,14,optical-direct,20000,20000,0.13069432,0.133581623,0.002887303,true
tl-hoc-v7,v7-community-main-static-ocs-rho0p3-seed1,static-ocs,community-local,1,430,1,14,0,15,optical-direct,20000,20000,0.131297315,0.133466915,0.0021696,true
tl-hoc-v7,v7-community-main-static-ocs-rho0p3-seed1,static-ocs,community-local,1,431,0,15,1,0,optical-direct,20000,20000,0.132639088,0.136019715,0.003380627,true
tl-hoc-v7,v7-community-main-static-ocs-rho0p3-seed1,static-ocs,community-local,1,432,3,0,2,1,optical-direct,20000,20000,0.13293253,0.135098063,0.002165533,true
tl-hoc-v7,v7-community-main-static-ocs-rho0p3-seed1,static-ocs,community-local,1,433,0,1,1,2,optical-direct,20000,20000,0.133303027,0.138183555,0.004880528,true
tl-hoc-v7,v7-community-main-static-ocs-rho0p3-seed1,static-ocs,community-local,1,434,0,2,1,3,optical-direct,20000,20000,0.133333095,0.138419555,0.00508646,true
tl-hoc-v7,v7-community-main-static-ocs-rho0p3-seed1,static-ocs,community-local,1,435,1,3,2,4,optical-direct,20000,20000,0.13492039,0.137251395,0.002331005,true
tl-hoc-v7,v7-community-main-static-ocs-rho0p3-seed1,static-ocs,community-local,1,436,2,4,3,5,optical-direct,20000,20000,0.135424342,0.13764343,0.002219088,true
tl-hoc-v7,v7-community-main-static-ocs-rho0p3-seed1,static-ocs,community-local,1,437,0,5,1,6,optical-direct,20000,20000,0.137150581,0.139522808,0.002372227,true
tl-hoc-v7,v7-community-main-static-ocs-rho0p3-seed1,static-ocs,community-local,1,438,1,6,0,7,optical-direct,20000,20000,0.137504054,0.139833888,0.002329834,true
tl-hoc-v7,v7-community-main-static-ocs-rho0p3-seed1,static-ocs,community-local,1,439,3,7,2,8,optical-direct,20000,20000,0.137516769,0.139673089,0.00215632,true
tl-hoc-v7,v7-community-main-static-ocs-rho0p3-seed1,static-ocs,community-local,1,440,1,8,0,9,optical-direct,20000,20000,0.137940008,0.141880808,0.0039408,true
tl-hoc-v7,v7-community-main-static-ocs-rho0p3-seed1,static-ocs,community-local,1,441,0,9,1,10,optical-direct,20000,20000,0.138328382,0.143003968,0.004675586,true
tl-hoc-v7,v7-community-main-static-ocs-rho0p3-seed1,static-ocs,community-local,1,442,1,10,0,11,optical-direct,20000,20000,0.138641238,0.143655688,0.00501445,true
tl-hoc-v7,v7-community-main-static-ocs-rho0p3-seed1,static-ocs,community-local,1,443,1,11,0,12,optical-direct,20000,20000,0.138678667,0.143720648,0.005041981,true
tl-hoc-v7,v7-community-main-static-ocs-rho0p3-seed1,static-ocs,community-local,1,444,0,12,1,13,optical-direct,20000,20000,0.138788485,0.140978608,0.002190123,true
tl-hoc-v7,v7-community-main-static-ocs-rho0p3-seed1,static-ocs,community-local,1,445,3,13,2,14,optical-direct,20000,20000,0.139287507,0.141454169,0.002166662,true
tl-hoc-v7,v7-community-main-static-ocs-rho0p3-seed1,static-ocs,community-local,1,446,2,14,0,15,optical-direct,20000,20000,0.140023769,0.145877968,0.005854199,true
tl-hoc-v7,v7-community-main-static-ocs-rho0p3-seed1,static-ocs,community-local,1,447,1,15,0,0,optical-direct,20000,20000,0.14026196,0.147543248,0.007281288,true
tl-hoc-v7,v7-community-main-static-ocs-rho0p3-seed1,static-ocs,community-local,1,448,1,0,0,1,optical-direct,20000,20000,0.140681211,0.147702608,0.007021397,true
tl-hoc-v7,v7-community-main-static-ocs-rho0p3-seed1,static-ocs,community-local,1,449,2,1,3,2,optical-direct,20000,20000,0.140708201,0.145912528,0.005204327,true
tl-hoc-v7,v7-community-main-static-ocs-rho0p3-seed1,static-ocs,community-local,1,450,0,2,1,3,optical-direct,20000,20000,0.141026635,0.147045008,0.006018373,true
tl-hoc-v7,v7-community-main-static-ocs-rho0p3-seed1,static-ocs,community-local,1,451,3,3,2,4,optical-direct,20000,20000,0.141632951,0.148190768,0.006557817,true
tl-hoc-v7,v7-community-main-static-ocs-rho0p3-seed1,static-ocs,community-local,1,452,3,4,1,5,optical-direct,20000,20000,0.142029866,0.145877968,0.003848102,true
tl-hoc-v7,v7-community-main-static-ocs-rho0p3-seed1,static-ocs,community-local,1,453,3,5,2,6,optical-direct,20000,20000,0.142299804,0.149152528,0.006852724,true
tl-hoc-v7,v7-community-main-static-ocs-rho0p3-seed1,static-ocs,community-local,1,454,3,6,2,7,optical-direct,20000,20000,0.142958019,0.149406288,0.006448269,true
tl-hoc-v7,v7-community-main-static-ocs-rho0p3-seed1,static-ocs,community-local,1,455,2,7,1,8,optical-direct,20000,20000,0.143413936,0.145890928,0.002476992,true
tl-hoc-v7,v7-community-main-static-ocs-rho0p3-seed1,static-ocs,community-local,1,456,3,8,2,9,optical-direct,20000,20000,0.14351636,0.145889768,0.002373408,true
tl-hoc-v7,v7-community-main-static-ocs-rho0p3-seed1,static-ocs,community-local,1,457,0,9,3,10,optical-direct,20000,20000,0.146307559,0.148463879,0.00215632,true
tl-hoc-v7,v7-community-main-static-ocs-rho0p3-seed1,static-ocs,community-local,1,458,1,10,0,11,optical-direct,20000,20000,0.146591788,0.148748108,0.00215632,true
tl-hoc-v7,v7-community-main-static-ocs-rho0p3-seed1,static-ocs,community-local,1,459,2,11,1,12,optical-direct,20000,20000,0.146931468,0.149087788,0.00215632,true
tl-hoc-v7,v7-community-main-static-ocs-rho0p3-seed1,static-ocs,community-local,1,460,3,12,2,13,optical-direct,20000,20000,0.14715572,0.150270088,0.003114368,true
tl-hoc-v7,v7-community-main-static-ocs-rho0p3-seed1,static-ocs,community-local,1,461,3,13,2,14,optical-direct,20000,20000,0.147889588,0.151116207,0.003226619,true
tl-hoc-v7,v7-community-main-static-ocs-rho0p3-seed1,static-ocs,community-local,1,462,2,14,3,15,optical-direct,20000,20000,0.148581431,0.152192847,0.003611416,true
tl-hoc-v7,v7-community-main-static-ocs-rho0p3-seed1,static-ocs,community-local,1,463,0,15,1,0,optical-direct,20000,20000,0.149208928,0.152790208,0.00358128,true
tl-hoc-v7,v7-community-main-static-ocs-rho0p3-seed1,static-ocs,community-local,1,464,1,0,2,1,optical-direct,20000,20000,0.149556708,0.151773088,0.00221638,true
tl-hoc-v7,v7-community-main-static-ocs-rho0p3-seed1,static-ocs,community-local,1,465,0,1,1,2,optical-direct,20000,20000,0.149850332,0.153138368,0.003288036,true
tl-hoc-v7,v7-community-main-static-ocs-rho0p3-seed1,static-ocs,community-local,1,466,3,2,2,3,optical-direct,20000,20000,0.149960567,0.15212336,0.002162793,true
tl-hoc-v7,v7-community-main-static-ocs-rho0p3-seed1,static-ocs,community-local,1,467,2,3,1,4,optical-direct,20000,20000,0.15155589,0.153788,0.00223211,true
tl-hoc-v7,v7-community-main-static-ocs-rho0p3-seed1,static-ocs,community-local,1,468,2,4,3,5,optical-direct,20000,20000,0.152091805,0.154283005,0.0021912,true
tl-hoc-v7,v7-community-main-static-ocs-rho0p3-seed1,static-ocs,community-local,1,469,0,5,3,6,optical-direct,20000,20000,0.152323946,0.154538026,0.00221408,true
tl-hoc-v7,v7-community-main-static-ocs-rho0p3-seed1,static-ocs,community-local,1,470,3,6,2,7,optical-direct,20000,20000,0.15281721,0.155145706,0.002328496,true
tl-hoc-v7,v7-community-main-static-ocs-rho0p3-seed1,static-ocs,community-local,1,471,0,7,1,8,optical-direct,20000,20000,0.152861446,0.155760966,0.00289952,true
tl-hoc-v7,v7-community-main-static-ocs-rho0p3-seed1,static-ocs,community-local,1,472,1,8,0,9,optical-direct,20000,20000,0.153707623,0.157018566,0.003310943,true
tl-hoc-v7,v7-community-main-static-ocs-rho0p3-seed1,static-ocs,community-local,1,473,0,9,1,10,optical-direct,20000,20000,0.153722914,0.156856006,0.003133092,true
tl-hoc-v7,v7-community-main-static-ocs-rho0p3-seed1,static-ocs,community-local,1,474,2,10,3,11,optical-direct,20000,20000,0.153809432,0.155992066,0.002182634,true
tl-hoc-v7,v7-community-main-static-ocs-rho0p3-seed1,static-ocs,community-local,1,475,3,11,0,12,optical-direct,20000,20000,0.154425512,0.156858626,0.002433114,true
tl-hoc-v7,v7-community-main-static-ocs-rho0p3-seed1,static-ocs,community-local,1,476,0,12,1,13,optical-direct,20000,20000,0.154547067,0.158191166,0.003644099,true
tl-hoc-v7,v7-community-main-static-ocs-rho0p3-seed1,static-ocs,community-local,1,477,0,13,1,14,optical-direct,20000,20000,0.154767824,0.158492126,0.003724302,true
tl-hoc-v7,v7-community-main-static-ocs-rho0p3-seed1,static-ocs,community-local,1,478,2,14,3,15,optical-direct,20000,20000,0.155117815,0.158931152,0.003813337,true
tl-hoc-v7,v7-community-main-static-ocs-rho0p3-seed1,static-ocs,community-local,1,479,2,15,3,0,optical-direct,20000,20000,0.155169621,0.159043312,0.003873691,true
tl-hoc-v7,v7-community-main-static-ocs-rho0p3-seed1,static-ocs,community-local,1,480,0,0,1,1,optical-direct,20000,20000,0.155291285,0.157714046,0.002422761,true
tl-hoc-v7,v7-community-main-static-ocs-rho0p3-seed1,static-ocs,community-local,1,481,3,1,2,2,optical-direct,20000,20000,0.156017839,0.158213039,0.0021952,true
tl-hoc-v7,v7-community-main-static-ocs-rho0p3-seed1,static-ocs,community-local,1,482,0,2,1,3,optical-direct,20000,20000,0.156744161,0.159467286,0.002723125,true
tl-hoc-v7,v7-community-main-static-ocs-rho0p3-seed1,static-ocs,community-local,1,483,1,3,0,4,optical-direct,20000,20000,0.156985512,0.160194366,0.003208854,true
tl-hoc-v7,v7-community-main-static-ocs-rho0p3-seed1,static-ocs,community-local,1,484,2,4,3,5,optical-direct,20000,20000,0.157089088,0.159275272,0.002186184,true
tl-hoc-v7,v7-community-main-static-ocs-rho0p3-seed1,static-ocs,community-local,1,485,1,5,0,6,optical-direct,20000,20000,0.157796797,0.160971646,0.003174849,true
tl-hoc-v7,v7-community-main-static-ocs-rho0p3-seed1,static-ocs,community-local,1,486,3,6,0,7,optical-direct,20000,20000,0.158026504,0.160182824,0.00215632,true
tl-hoc-v7,v7-community-main-static-ocs-rho0p3-seed1,static-ocs,community-local,1,487,3,7,2,8,optical-direct,20000,20000,0.158161712,0.161374472,0.00321276,true
tl-hoc-v7,v7-community-main-static-ocs-rho0p3-seed1,static-ocs,community-local,1,488,3,8,2,9,optical-direct,20000,20000,0.158912014,0.162151272,0.003239258,true
tl-hoc-v7,v7-community-main-static-ocs-rho0p3-seed1,static-ocs,community-local,1,489,0,9,1,10,optical-direct,20000,20000,0.158988268,0.161154686,0.002166418,true
tl-hoc-v7,v7-community-main-static-ocs-rho0p3-seed1,static-ocs,community-local,1,490,2,10,3,11,optical-direct,20000,20000,0.159559136,0.163189352,0.003630216,true
tl-hoc-v7,v7-community-main-static-ocs-rho0p3-seed1,static-ocs,community-local,1,491,1,11,0,12,optical-direct,20000,20000,0.160167583,0.168394512,0.008226929,true
tl-hoc-v7,v7-community-main-static-ocs-rho0p3-seed1,static-ocs,community-local,1,492,2,12,3,13,optical-direct,20000,20000,0.160414187,0.166677552,0.006263365,true
tl-hoc-v7,v7-community-main-static-ocs-rho0p3-seed1,static-ocs,community-local,1,493,1,13,0,14,optical-direct,20000,20000,0.160473075,0.168819312,0.008346237,true
tl-hoc-v7,v7-community-main-static-ocs-rho0p3-seed1,static-ocs,community-local,1,494,1,14,0,15,optical-direct,20000,20000,0.1614649,0.168884272,0.007419372,true
tl-hoc-v7,v7-community-main-static-ocs-rho0p3-seed1,static-ocs,community-local,1,495,2,15,3,0,optical-direct,20000,20000,0.16148533,0.167227112,0.005741782,true
tl-hoc-v7,v7-community-main-static-ocs-rho0p3-seed1,static-ocs,community-local,1,496,2,0,3,1,optical-direct,20000,20000,0.162210645,0.166148232,0.003937587,true
tl-hoc-v7,v7-community-main-static-ocs-rho0p3-seed1,static-ocs,community-local,1,497,1,1,0,2,optical-direct,20000,20000,0.162495353,0.167057672,0.004562319,true
tl-hoc-v7,v7-community-main-static-ocs-rho0p3-seed1,static-ocs,community-local,1,498,1,2,0,3,optical-direct,20000,20000,0.162654079,0.167123432,0.004469353,true
tl-hoc-v7,v7-community-main-static-ocs-rho0p3-seed1,static-ocs,community-local,1,499,3,3,2,4,optical-direct,20000,20000,0.162995468,0.167110832,0.004115364,true
tl-hoc-v7,v7-community-main-static-ocs-rho0p3-seed1,static-ocs,community-local,1,500,3,4,2,5,optical-direct,20000,20000,0.163041049,0.166668272,0.003627223,true
tl-hoc-v7,v7-community-main-static-ocs-rho0p3-seed1,static-ocs,community-local,1,501,0,5,1,6,optical-direct,20000,20000,0.163215069,0.166611912,0.003396843,true
tl-hoc-v7,v7-community-main-static-ocs-rho0p3-seed1,static-ocs,community-local,1,502,0,6,1,7,optical-direct,20000,20000,0.163361967,0.167148872,0.003786905,true
tl-hoc-v7,v7-community-main-static-ocs-rho0p3-seed1,static-ocs,community-local,1,503,1,7,3,8,optical-direct,20000,20000,0.163416594,0.165598834,0.00218224,true
tl-hoc-v7,v7-community-main-static-ocs-rho0p3-seed1,static-ocs,community-local,1,504,1,8,0,9,optical-direct,20000,20000,0.164063671,0.167142149,0.003078478,true
tl-hoc-v7,v7-community-main-static-ocs-rho0p3-seed1,static-ocs,community-local,1,505,3,9,2,10,optical-direct,20000,20000,0.164099536,0.166266752,0.002167216,true
tl-hoc-v7,v7-community-main-static-ocs-rho0p3-seed1,static-ocs,community-local,1,506,0,10,1,11,optical-direct,20000,20000,0.165119597,0.168585349,0.003465752,true
tl-hoc-v7,v7-community-main-static-ocs-rho0p3-seed1,static-ocs,community-local,1,507,1,11,0,12,optical-direct,20000,20000,0.16518043,0.170726832,0.005546402,true
tl-hoc-v7,v7-community-main-static-ocs-rho0p3-seed1,static-ocs,community-local,1,508,3,12,2,13,optical-direct,20000,20000,0.165373348,0.170403152,0.005029804,true
tl-hoc-v7,v7-community-main-static-ocs-rho0p3-seed1,static-ocs,community-local,1,509,2,13,3,14,optical-direct,20000,20000,0.165431631,0.169874192,0.004442561,true
tl-hoc-v7,v7-community-main-static-ocs-rho0p3-seed1,static-ocs,community-local,1,510,0,14,1,15,optical-direct,20000,20000,0.166136368,0.171974352,0.005837984,true
tl-hoc-v7,v7-community-main-static-ocs-rho0p3-seed1,static-ocs,community-local,1,511,3,15,2,0,optical-direct,20000,20000,0.166353351,0.170003472,0.003650121,true
tl-hoc-v7,v7-community-main-static-ocs-rho0p3-seed1,static-ocs,community-local,1,512,2,0,3,1,optical-direct,20000,20000,0.166523156,0.168995112,0.002471956,true
tl-hoc-v7,v7-community-main-static-ocs-rho0p3-seed1,static-ocs,community-local,1,513,1,1,0,2,optical-direct,20000,20000,0.166630567,0.172144552,0.005513985,true
tl-hoc-v7,v7-community-main-static-ocs-rho0p3-seed1,static-ocs,community-local,1,514,1,2,0,3,optical-direct,20000,20000,0.166648241,0.172312552,0.005664311,true
tl-hoc-v7,v7-community-main-static-ocs-rho0p3-seed1,static-ocs,community-local,1,515,1,3,0,4,optical-direct,20000,20000,0.166698017,0.172665352,0.005967335,true
tl-hoc-v7,v7-community-main-static-ocs-rho0p3-seed1,static-ocs,community-local,1,516,1,4,0,5,optical-direct,20000,20000,0.167200669,0.170530232,0.003329563,true
tl-hoc-v7,v7-community-main-static-ocs-rho0p3-seed1,static-ocs,community-local,1,517,0,5,1,6,optical-direct,20000,20000,0.167266029,0.171442152,0.004176123,true
tl-hoc-v7,v7-community-main-static-ocs-rho0p3-seed1,static-ocs,community-local,1,518,0,6,1,7,optical-direct,20000,20000,0.167557936,0.171863272,0.004305336,true
tl-hoc-v7,v7-community-main-static-ocs-rho0p3-seed1,static-ocs,community-local,1,519,0,7,1,8,optical-direct,20000,20000,0.168435539,0.174050792,0.005615253,true
tl-hoc-v7,v7-community-main-static-ocs-rho0p3-seed1,static-ocs,community-local,1,520,2,8,3,9,optical-direct,20000,20000,0.16847351,0.170641192,0.002167682,true
tl-hoc-v7,v7-community-main-static-ocs-rho0p3-seed1,static-ocs,community-local,1,521,0,9,1,10,optical-direct,20000,20000,0.168674395,0.174385832,0.005711437,true
tl-hoc-v7,v7-community-main-static-ocs-rho0p3-seed1,static-ocs,community-local,1,522,0,10,1,11,optical-direct,20000,20000,0.168730926,0.174733992,0.006003066,true
tl-hoc-v7,v7-community-main-static-ocs-rho0p3-seed1,static-ocs,community-local,1,523,0,11,1,12,optical-direct,20000,20000,0.168851829,0.174400432,0.005548603,true
tl-hoc-v7,v7-community-main-static-ocs-rho0p3-seed1,static-ocs,community-local,1,524,0,12,1,13,optical-direct,20000,20000,0.169333311,0.173717232,0.004383921,true
tl-hoc-v7,v7-community-main-static-ocs-rho0p3-seed1,static-ocs,community-local,1,525,3,13,2,14,optical-direct,20000,20000,0.169661967,0.172476032,0.002814065,true
tl-hoc-v7,v7-community-main-static-ocs-rho0p3-seed1,static-ocs,community-local,1,526,1,14,0,15,optical-direct,20000,20000,0.170075853,0.174455152,0.004379299,true
tl-hoc-v7,v7-community-main-static-ocs-rho0p3-seed1,static-ocs,community-local,1,527,2,15,3,0,optical-direct,20000,20000,0.17014752,0.173268548,0.003121028,true
tl-hoc-v7,v7-community-main-static-ocs-rho0p3-seed1,static-ocs,community-local,1,528,3,0,2,1,optical-direct,20000,20000,0.170171148,0.173340272,0.003169124,true
tl-hoc-v7,v7-community-main-static-ocs-rho0p3-seed1,static-ocs,community-local,1,529,3,1,2,2,optical-direct,20000,20000,0.170876948,0.174195628,0.00331868,true
tl-hoc-v7,v7-community-main-static-ocs-rho0p3-seed1,static-ocs,community-local,1,530,1,2,0,3,optical-direct,20000,20000,0.171005428,0.175084272,0.004078844,true
tl-hoc-v7,v7-community-main-static-ocs-rho0p3-seed1,static-ocs,community-local,1,531,0,3,1,4,optical-direct,20000,20000,0.171314612,0.173657112,0.0023425,true
tl-hoc-v7,v7-community-main-static-ocs-rho0p3-seed1,static-ocs,community-local,1,532,2,4,3,5,optical-direct,20000,20000,0.172349869,0.176220214,0.003870345,true
tl-hoc-v7,v7-community-main-static-ocs-rho0p3-seed1,static-ocs,community-local,1,533,3,5,2,6,optical-direct,20000,20000,0.172529035,0.176610148,0.004081113,true
tl-hoc-v7,v7-community-main-static-ocs-rho0p3-seed1,static-ocs,community-local,1,534,3,6,2,7,optical-direct,20000,20000,0.172601709,0.176679428,0.004077719,true
tl-hoc-v7,v7-community-main-static-ocs-rho0p3-seed1,static-ocs,community-local,1,535,0,7,1,8,optical-direct,20000,20000,0.172662228,0.177674952,0.005012724,true
tl-hoc-v7,v7-community-main-static-ocs-rho0p3-seed1,static-ocs,community-local,1,536,0,8,3,9,optical-direct,20000,20000,0.172988999,0.175145319,0.00215632,true
tl-hoc-v7,v7-community-main-static-ocs-rho0p3-seed1,static-ocs,community-local,1,537,2,9,3,10,optical-direct,20000,20000,0.173008312,0.175470392,0.00246208,true
tl-hoc-v7,v7-community-main-static-ocs-rho0p3-seed1,static-ocs,community-local,1,538,0,10,1,11,optical-direct,20000,20000,0.173141085,0.178288552,0.005147467,true
tl-hoc-v7,v7-community-main-static-ocs-rho0p3-seed1,static-ocs,community-local,1,539,2,11,3,12,optical-direct,20000,20000,0.174452027,0.178363592,0.003911565,true
tl-hoc-v7,v7-community-main-static-ocs-rho0p3-seed1,static-ocs,community-local,1,540,1,12,0,13,optical-direct,20000,20000,0.174944242,0.178106472,0.00316223,true
tl-hoc-v7,v7-community-main-static-ocs-rho0p3-seed1,static-ocs,community-local,1,541,2,13,3,14,optical-direct,20000,20000,0.175022534,0.178724232,0.003701698,true
tl-hoc-v7,v7-community-main-static-ocs-rho0p3-seed1,static-ocs,community-local,1,542,3,14,2,15,optical-direct,20000,20000,0.175315919,0.179130632,0.003814713,true
tl-hoc-v7,v7-community-main-static-ocs-rho0p3-seed1,static-ocs,community-local,1,543,1,15,0,0,optical-direct,20000,20000,0.175509066,0.179772552,0.004263486,true
tl-hoc-v7,v7-community-main-static-ocs-rho0p3-seed1,static-ocs,community-local,1,544,3,0,2,1,optical-direct,20000,20000,0.175825987,0.179339374,0.003513387,true
tl-hoc-v7,v7-community-main-static-ocs-rho0p3-seed1,static-ocs,community-local,1,545,1,1,0,2,optical-direct,20000,20000,0.175954527,0.179411432,0.003456905,true
tl-hoc-v7,v7-community-main-static-ocs-rho0p3-seed1,static-ocs,community-local,1,546,0,2,1,3,optical-direct,20000,20000,0.175994084,0.178388768,0.002394684,true
tl-hoc-v7,v7-community-main-static-ocs-rho0p3-seed1,static-ocs,community-local,1,547,3,3,2,4,optical-direct,20000,20000,0.176119231,0.179799214,0.003679983,true
tl-hoc-v7,v7-community-main-static-ocs-rho0p3-seed1,static-ocs,community-local,1,548,0,4,1,5,optical-direct,20000,20000,0.177821128,0.179977448,0.00215632,true
tl-hoc-v7,v7-community-main-static-ocs-rho0p3-seed1,static-ocs,community-local,1,549,2,5,3,6,optical-direct,20000,20000,0.177881545,0.182049174,0.004167629,true
tl-hoc-v7,v7-community-main-static-ocs-rho0p3-seed1,static-ocs,community-local,1,550,2,6,3,7,optical-direct,20000,20000,0.178088748,0.182826454,0.004737706,true
tl-hoc-v7,v7-community-main-static-ocs-rho0p3-seed1,static-ocs,community-local,1,551,2,7,3,8,optical-direct,20000,20000,0.178425173,0.183782974,0.005357801,true
tl-hoc-v7,v7-community-main-static-ocs-rho0p3-seed1,static-ocs,community-local,1,552,0,8,1,9,optical-direct,20000,20000,0.178437771,0.182211968,0.003774197,true
tl-hoc-v7,v7-community-main-static-ocs-rho0p3-seed1,static-ocs,community-local,1,553,0,9,1,10,optical-direct,20000,20000,0.178535123,0.182371328,0.003836205,true
tl-hoc-v7,v7-community-main-static-ocs-rho0p3-seed1,static-ocs,community-local,1,554,3,10,2,11,optical-direct,20000,20000,0.179215742,0.182816134,0.003600392,true
tl-hoc-v7,v7-community-main-static-ocs-rho0p3-seed1,static-ocs,community-local,1,555,3,11,2,12,optical-direct,20000,20000,0.179265873,0.183168614,0.003902741,true
tl-hoc-v7,v7-community-main-static-ocs-rho0p3-seed1,static-ocs,community-local,1,556,2,12,3,13,optical-direct,20000,20000,0.179271952,0.181464334,0.002192382,true
tl-hoc-v7,v7-community-main-static-ocs-rho0p3-seed1,static-ocs,community-local,1,557,0,13,1,14,optical-direct,20000,20000,0.179662038,0.181821768,0.00215973,true
tl-hoc-v7,v7-community-main-static-ocs-rho0p3-seed1,static-ocs,community-local,1,558,0,14,1,15,optical-direct,20000,20000,0.180344886,0.187657254,0.007312368,true
tl-hoc-v7,v7-community-main-static-ocs-rho0p3-seed1,static-ocs,community-local,1,559,0,15,1,0,optical-direct,20000,20000,0.180491317,0.187713094,0.007221777,true
tl-hoc-v7,v7-community-main-static-ocs-rho0p3-seed1,static-ocs,community-local,1,560,3,0,2,1,optical-direct,20000,20000,0.180659818,0.185940294,0.005280476,true
tl-hoc-v7,v7-community-main-static-ocs-rho0p3-seed1,static-ocs,community-local,1,561,1,1,3,2,optical-direct,20000,20000,0.181322194,0.185940294,0.0046181,true
tl-hoc-v7,v7-community-main-static-ocs-rho0p3-seed1,static-ocs,community-local,1,562,1,2,0,3,optical-direct,20000,20000,0.182219539,0.185974854,0.003755315,true
tl-hoc-v7,v7-community-main-static-ocs-rho0p3-seed1,static-ocs,community-local,1,563,2,3,1,4,optical-direct,20000,20000,0.182419278,0.185940294,0.003521016,true
tl-hoc-v7,v7-community-main-static-ocs-rho0p3-seed1,static-ocs,community-local,1,564,2,4,3,5,optical-direct,20000,20000,0.183648787,0.186525254,0.002876467,true
tl-hoc-v7,v7-community-main-static-ocs-rho0p3-seed1,static-ocs,community-local,1,565,0,5,2,6,optical-direct,20000,20000,0.184047827,0.186204147,0.00215632,true
tl-hoc-v7,v7-community-main-static-ocs-rho0p3-seed1,static-ocs,community-local,1,566,0,6,1,7,optical-direct,20000,20000,0.184514774,0.186674694,0.00215992,true
tl-hoc-v7,v7-community-main-static-ocs-rho0p3-seed1,static-ocs,community-local,1,567,2,7,3,8,optical-direct,20000,20000,0.184802179,0.187760934,0.002958755,true
tl-hoc-v7,v7-community-main-static-ocs-rho0p3-seed1,static-ocs,community-local,1,568,3,8,0,9,optical-direct,20000,20000,0.184850369,0.187028289,0.00217792,true
tl-hoc-v7,v7-community-main-static-ocs-rho0p3-seed1,static-ocs,community-local,1,569,3,9,2,10,optical-direct,20000,20000,0.185399933,0.187653414,0.002253481,true
tl-hoc-v7,v7-community-main-static-ocs-rho0p3-seed1,static-ocs,community-local,1,570,0,10,1,11,optical-direct,20000,20000,0.185436787,0.189128934,0.003692147,true
tl-hoc-v7,v7-community-main-static-ocs-rho0p3-seed1,static-ocs,community-local,1,571,0,11,1,12,optical-direct,20000,20000,0.185573033,0.189379294,0.003806261,true
tl-hoc-v7,v7-community-main-static-ocs-rho0p3-seed1,static-ocs,community-local,1,572,2,12,3,13,optical-direct,20000,20000,0.185850016,0.189806047,0.003956031,true
tl-hoc-v7,v7-community-main-static-ocs-rho0p3-seed1,static-ocs,community-local,1,573,3,13,2,14,optical-direct,20000,20000,0.186174822,0.190491534,0.004316712,true
tl-hoc-v7,v7-community-main-static-ocs-rho0p3-seed1,static-ocs,community-local,1,574,3,14,2,15,optical-direct,20000,20000,0.186379047,0.190850155,0.004471108,true
tl-hoc-v7,v7-community-main-static-ocs-rho0p3-seed1,static-ocs,community-local,1,575,3,15,2,0,optical-direct,20000,20000,0.186937671,0.192552974,0.005615303,true
tl-hoc-v7,v7-community-main-static-ocs-rho0p3-seed1,static-ocs,community-local,1,576,1,0,0,1,optical-direct,20000,20000,0.187032793,0.189667705,0.002634912,true
tl-hoc-v7,v7-community-main-static-ocs-rho0p3-seed1,static-ocs,community-local,1,577,0,1,1,2,optical-direct,20000,20000,0.187215962,0.189567854,0.002351892,true
tl-hoc-v7,v7-community-main-static-ocs-rho0p3-seed1,static-ocs,community-local,1,578,2,2,3,3,optical-direct,20000,20000,0.187761927,0.190892807,0.00313088,true
tl-hoc-v7,v7-community-main-static-ocs-rho0p3-seed1,static-ocs,community-local,1,579,2,3,3,4,optical-direct,20000,20000,0.188026709,0.192359534,0.004332825,true
tl-hoc-v7,v7-community-main-static-ocs-rho0p3-seed1,static-ocs,community-local,1,580,1,4,0,5,optical-direct,20000,20000,0.188121505,0.191037345,0.00291584,true
tl-hoc-v7,v7-community-main-static-ocs-rho0p3-seed1,static-ocs,community-local,1,581,3,5,2,6,optical-direct,20000,20000,0.188125115,0.191929435,0.00380432,true
tl-hoc-v7,v7-community-main-static-ocs-rho0p3-seed1,static-ocs,community-local,1,582,3,6,2,7,optical-direct,20000,20000,0.188219643,0.192093475,0.003873832,true
tl-hoc-v7,v7-community-main-static-ocs-rho0p3-seed1,static-ocs,community-local,1,583,1,7,0,8,optical-direct,20000,20000,0.188315479,0.192067905,0.003752426,true
tl-hoc-v7,v7-community-main-static-ocs-rho0p3-seed1,static-ocs,community-local,1,584,2,8,3,9,optical-direct,20000,20000,0.188634311,0.191319374,0.002685063,true
tl-hoc-v7,v7-community-main-static-ocs-rho0p3-seed1,static-ocs,community-local,1,585,3,9,2,10,optical-direct,20000,20000,0.188735551,0.191807115,0.003071564,true
tl-hoc-v7,v7-community-main-static-ocs-rho0p3-seed1,static-ocs,community-local,1,586,2,10,0,11,optical-direct,20000,20000,0.18898319,0.191415934,0.002432744,true
tl-hoc-v7,v7-community-main-static-ocs-rho0p3-seed1,static-ocs,community-local,1,587,0,11,1,12,optical-direct,20000,20000,0.189142672,0.193118134,0.003975462,true
tl-hoc-v7,v7-community-main-static-ocs-rho0p3-seed1,static-ocs,community-local,1,588,0,12,1,13,optical-direct,20000,20000,0.189154924,0.192769974,0.00361505,true
tl-hoc-v7,v7-community-main-static-ocs-rho0p3-seed1,static-ocs,community-local,1,589,3,13,2,14,optical-direct,20000,20000,0.189773383,0.193845134,0.004071751,true
tl-hoc-v7,v7-community-main-static-ocs-rho0p3-seed1,static-ocs,community-local,1,590,3,14,1,15,optical-direct,20000,20000,0.189972641,0.192133281,0.00216064,true
tl-hoc-v7,v7-community-main-static-ocs-rho0p3-seed1,static-ocs,community-local,1,591,0,15,1,0,optical-direct,20000,20000,0.191222622,0.195918183,0.004695561,true
tl-hoc-v7,v7-community-main-static-ocs-rho0p3-seed1,static-ocs,community-local,1,592,0,0,1,1,optical-direct,20000,20000,0.191242343,0.196760743,0.0055184,true
tl-hoc-v7,v7-community-main-static-ocs-rho0p3-seed1,static-ocs,community-local,1,593,1,1,0,2,optical-direct,20000,20000,0.191301689,0.196668743,0.005367054,true
tl-hoc-v7,v7-community-main-static-ocs-rho0p3-seed1,static-ocs,community-local,1,594,0,2,1,3,optical-direct,20000,20000,0.191368896,0.197052903,0.005684007,true
tl-hoc-v7,v7-community-main-static-ocs-rho0p3-seed1,static-ocs,community-local,1,595,1,3,0,4,optical-direct,20000,20000,0.191628677,0.197558465,0.005929788,true
tl-hoc-v7,v7-community-main-static-ocs-rho0p3-seed1,static-ocs,community-local,1,596,1,4,0,5,optical-direct,20000,20000,0.191734815,0.197475745,0.00574093,true
tl-hoc-v7,v7-community-main-static-ocs-rho0p3-seed1,static-ocs,community-local,1,597,1,5,0,6,optical-direct,20000,20000,0.191961406,0.197587905,0.005626499,true
tl-hoc-v7,v7-community-main-static-ocs-rho0p3-seed1,static-ocs,community-local,1,598,0,6,1,7,optical-direct,20000,20000,0.192402754,0.198270465,0.005867711,true
tl-hoc-v7,v7-community-main-static-ocs-rho0p3-seed1,static-ocs,community-local,1,599,1,7,0,8,optical-direct,20000,20000,0.192470843,0.197644865,0.005174022,true
tl-hoc-v7,v7-community-main-static-ocs-rho0p3-seed1,static-ocs,community-local,1,600,2,8,3,9,optical-direct,20000,20000,0.19331567,0.19631791,0.00300224,true
tl-hoc-v7,v7-community-main-static-ocs-rho0p3-seed1,static-ocs,community-local,1,601,3,9,2,10,optical-direct,20000,20000,0.193675335,0.19789855,0.004223215,true
tl-hoc-v7,v7-community-main-static-ocs-rho0p3-seed1,static-ocs,community-local,1,602,2,10,3,11,optical-direct,20000,20000,0.19406581,0.19801219,0.00394638,true
tl-hoc-v7,v7-community-main-static-ocs-rho0p3-seed1,static-ocs,community-local,1,603,3,11,2,12,optical-direct,20000,20000,0.194127152,0.19831895,0.004191798,true
tl-hoc-v7,v7-community-main-static-ocs-rho0p3-seed1,static-ocs,community-local,1,604,3,12,2,13,optical-direct,20000,20000,0.194513011,0.19770887,0.003195859,true
tl-hoc-v7,v7-community-main-static-ocs-rho0p3-seed1,static-ocs,community-local,1,605,0,13,1,14,optical-direct,20000,20000,0.194819948,0.197004105,0.002184157,true
tl-hoc-v7,v7-community-main-static-ocs-rho0p3-seed1,static-ocs,community-local,1,606,2,14,3,15,optical-direct,20000,20000,0.195174647,0.19859751,0.003422863,true
tl-hoc-v7,v7-community-main-static-ocs-rho0p3-seed1,static-ocs,community-local,1,607,1,15,3,0,optical-direct,20000,20000,0.195417706,0.197574026,0.00215632,true
tl-hoc-v7,v7-community-main-static-ocs-rho0p3-seed1,static-ocs,community-local,1,608,1,0,0,1,optical-direct,20000,20000,0.195441711,0.202228823,0.006787112,true
tl-hoc-v7,v7-community-main-static-ocs-rho0p3-seed1,static-ocs,community-local,1,609,1,1,0,2,optical-direct,20000,20000,0.195655759,0.202457783,0.006802024,true
tl-hoc-v7,v7-community-main-static-ocs-rho0p3-seed1,static-ocs,community-local,1,610,1,2,2,3,optical-direct,20000,20000,0.195876789,0.198033109,0.00215632,true
tl-hoc-v7,v7-community-main-static-ocs-rho0p3-seed1,static-ocs,community-local,1,611,1,3,0,4,optical-direct,20000,20000,0.196197478,0.202460183,0.006262705,true
tl-hoc-v7,v7-community-main-static-ocs-rho0p3-seed1,static-ocs,community-local,1,612,1,4,0,5,optical-direct,20000,20000,0.196232865,0.200161745,0.00392888,true
tl-hoc-v7,v7-community-main-static-ocs-rho0p3-seed1,static-ocs,community-local,1,613,2,5,3,6,optical-direct,20000,20000,0.196242424,0.19844487,0.002202446,true
tl-hoc-v7,v7-community-main-static-ocs-rho0p3-seed1,static-ocs,community-local,1,614,1,6,2,7,optical-direct,20000,20000,0.196265887,0.198422509,0.002156622,true
tl-hoc-v7,v7-community-main-static-ocs-rho0p3-seed1,static-ocs,community-local,1,615,3,7,2,8,optical-direct,20000,20000,0.196423026,0.19960735,0.003184324,true
tl-hoc-v7,v7-community-main-static-ocs-rho0p3-seed1,static-ocs,community-local,1,616,3,8,2,9,optical-direct,20000,20000,0.196917051,0.20142551,0.004508459,true
tl-hoc-v7,v7-community-main-static-ocs-rho0p3-seed1,static-ocs,community-local,1,617,0,9,1,10,optical-direct,20000,20000,0.197091311,0.199288823,0.002197512,true
tl-hoc-v7,v7-community-main-static-ocs-rho0p3-seed1,static-ocs,community-local,1,618,2,10,3,11,optical-direct,20000,20000,0.1980022,0.20185431,0.00385211,true
tl-hoc-v7,v7-community-main-static-ocs-rho0p3-seed1,static-ocs,community-local,1,619,3,11,2,12,optical-direct,20000,20000,0.198255778,0.20357123,0.005315452,true
tl-hoc-v7,v7-community-main-static-ocs-rho0p3-seed1,static-ocs,community-local,1,620,3,12,2,13,optical-direct,20000,20000,0.198452888,0.20382499,0.005372102,true
tl-hoc-v7,v7-community-main-static-ocs-rho0p3-seed1,static-ocs,community-local,1,621,3,13,2,14,optical-direct,20000,20000,0.198585793,0.20407875,0.005492957,true
tl-hoc-v7,v7-community-main-static-ocs-rho0p3-seed1,static-ocs,community-local,1,622,1,14,0,15,optical-direct,20000,20000,0.198726357,0.202353983,0.003627626,true
tl-hoc-v7,v7-community-main-static-ocs-rho0p3-seed1,static-ocs,community-local,1,623,1,15,0,0,optical-direct,20000,20000,0.198742566,0.202960023,0.004217457,true
tl-hoc-v7,v7-community-main-static-ocs-rho0p3-seed1,static-ocs,community-local,1,624,0,0,1,1,optical-direct,20000,20000,0.198941002,0.204302903,0.005361901,true
tl-hoc-v7,v7-community-main-static-ocs-rho0p3-seed1,static-ocs,community-local,1,625,1,1,0,2,optical-direct,20000,20000,0.199719478,0.204778583,0.005059105,true
