schema_version,experiment,scheme,traffic_pattern,run_id,flow_id,source_tor,source_server,destination_tor,destination_server,path_type,size_bytes,received_bytes,start_time_s,completion_time_s,fct_s,completed
tl-hoc-v7,v7-community-main-electrical-only-rho0p3-seed1,electrical-only,community-local,1,0,1,0,0,1,eps,20000,20000,0.001,0.00330368,0.00230368,true
tl-hoc-v7,v7-community-main-electrical-only-rho0p3-seed1,electrical-only,community-local,1,1,3,1,2,2,eps,20000,20000,0.002957573,0.005261253,0.00230368,true
tl-hoc-v7,v7-community-main-electrical-only-rho0p3-seed1,electrical-only,community-local,1,2,1,2,0,3,eps,20000,20000,0.003856398,0.006540558,0.00268416,true
tl-hoc-v7,v7-community-main-electrical-only-rho0p3-seed1,electrical-only,community-local,1,3,0,3,1,4,eps,20000,20000,0.003902101,0.006341838,0.002439737,true
tl-hoc-v7,v7-community-main-electrical-only-rho0p3-seed1,electrical-only,community-local,1,4,0,4,1,5,eps,20000,20000,0.00621847,0.008591499,0.002373029,true
tl-hoc-v7,v7-community-main-electrical-only-rho0p3-seed1,electrical-only,community-local,1,5,2,5,0,6,eps,20000,20000,0.006308238,0.009885579,0.003577341,true
tl-hoc-v7,v7-community-main-electrical-only-rho0p3-seed1,electrical-only,community-local,1,6,3,6,2,7,eps,20000,20000,0.006476619,0.011386219,0.0049096,true
tl-hoc-v7,v7-community-main-electrical-only-rho0p3-seed1,electrical-only,community-local,1,7,2,7,3,8,eps,20000,20000,0.006640245,0.010719179,0.004078934,true
tl-hoc-v7,v7-community-main-electrical-only-rho0p3-seed1,electrical-only,community-local,1,8,1,8,0,9,eps,20000,20000,0.007009542,0.009574859,0.002565317,true
tl-hoc-v7,v7-community-main-electrical-only-rho0p3-seed1,electrical-only,community-local,1,9,0,9,1,10,eps,20000,20000,0.00792344,0.010681419,0.002757979,true
tl-hoc-v7,v7-community-main-electrical-only-rho0p3-seed1,electrical-only,community-local,1,10,3,10,2,11,eps,20000,20000,0.008547714,0.014026859,0.005479145,true
tl-hoc-v7,v7-community-main-electrical-only-rho0p3-seed1,electrical-only,community-local,1,11,2,11,3,12,eps,20000,20000,0.008672987,0.014156459,0.005483472,true
tl-hoc-v7,v7-community-main-electrical-only-rho0p3-seed1,electrical-only,community-local,1,12,3,12,2,13,eps,20000,20000,0.008920817,0.014855979,0.005935162,true
tl-hoc-v7,v7-community-main-electrical-only-rho0p3-seed1,electrical-only,community-local,1,13,3,13,2,14,eps,20000,20000,0.009116151,0.015560779,0.006444628,true
tl-hoc-v7,v7-community-main-electrical-only-rho0p3-seed1,electrical-only,community-local,1,14,1,14,0,15,eps,20000,20000,0.00920309,0.011996939,0.002793849,true
tl-hoc-v7,v7-community-main-electrical-only-rho0p3-seed1,electrical-only,community-local,1,15,2,15,1,0,eps,20000,20000,0.009457909,0.011830219,0.00237231,true
tl-hoc-v7,v7-community-main-electrical-only-rho0p3-seed1,electrical-only,community-local,1,16,3,0,0,1,eps,20000,20000,0.010275564,0.013579404,0.00330384,true
tl-hoc-v7,v7-community-main-electrical-only-rho0p3-seed1,electrical-only,community-local,1,17,1,1,0,2,eps,20000,20000,0.010479238,0.014356684,0.003877446,true
tl-hoc-v7,v7-community-main-electrical-only-rho0p3-seed1,electrical-only,community-local,1,18,3,2,2,3,eps,20000,20000,0.01066702,0.019335179,0.008668159,true
tl-hoc-v7,v7-community-main-electrical-only-rho0p3-seed1,electrical-only,community-local,1,19,2,3,3,4,eps,20000,20000,0.011600012,0.018339979,0.006739967,true
tl-hoc-v7,v7-community-main-electrical-only-rho0p3-seed1,electrical-only,community-local,1,20,3,4,2,5,eps,20000,20000,0.012102289,0.020169579,0.00806729,true
tl-hoc-v7,v7-community-main-electrical-only-rho0p3-seed1,electrical-only,community-local,1,21,0,5,1,6,eps,20000,20000,0.012521848,0.016053164,0.003531316,true
tl-hoc-v7,v7-community-main-electrical-only-rho0p3-seed1,electrical-only,community-local,1,22,1,6,0,7,eps,20000,20000,0.013062955,0.016772204,0.003709249,true
tl-hoc-v7,v7-community-main-electrical-only-rho0p3-seed1,electrical-only,community-local,1,23,3,7,2,8,eps,20000,20000,0.013095419,0.021403179,0.00830776,true
tl-hoc-v7,v7-community-main-electrical-only-rho0p3-seed1,electrical-only,community-local,1,24,0,8,1,9,eps,20000,20000,0.013338795,0.016785164,0.003446369,true
tl-hoc-v7,v7-community-main-electrical-only-rho0p3-seed1,electrical-only,community-local,1,25,2,9,3,10,eps,20000,20000,0.014006338,0.020428459,0.006422121,true
tl-hoc-v7,v7-community-main-electrical-only-rho0p3-seed1,electrical-only,community-local,1,26,2,10,3,11,eps,20000,20000,0.014595321,0.020811819,0.006216498,true
tl-hoc-v7,v7-community-main-electrical-only-rho0p3-seed1,electrical-only,community-local,1,27,1,11,0,12,eps,20000,20000,0.015185196,0.023710604,0.008525408,true
tl-hoc-v7,v7-community-main-electrical-only-rho0p3-seed1,electrical-only,community-local,1,28,0,12,1,13,eps,20000,20000,0.015291495,0.023430284,0.008138789,true
tl-hoc-v7,v7-community-main-electrical-only-rho0p3-seed1,electrical-only,community-local,1,29,1,13,0,14,eps,20000,20000,0.015311852,0.024065324,0.008753472,true
tl-hoc-v7,v7-community-main-electrical-only-rho0p3-seed1,electrical-only,community-local,1,30,1,14,0,15,eps,20000,20000,0.01568194,0.025341804,0.009659864,true
tl-hoc-v7,v7-community-main-electrical-only-rho0p3-seed1,electrical-only,community-local,1,31,0,15,1,0,eps,20000,20000,0.015981641,0.025711084,0.009729443,true
tl-hoc-v7,v7-community-main-electrical-only-rho0p3-seed1,electrical-only,community-local,1,32,0,0,1,1,eps,20000,20000,0.01635287,0.025581004,0.009228134,true
tl-hoc-v7,v7-community-main-electrical-only-rho0p3-seed1,electrical-only,community-local,1,33,3,1,0,2,eps,20000,20000,0.016529759,0.019559199,0.00302944,true
tl-hoc-v7,v7-community-main-electrical-only-rho0p3-seed1,electrical-only,community-local,1,34,1,2,0,3,eps,20000,20000,0.016603121,0.026942764,0.010339643,true
tl-hoc-v7,v7-community-main-electrical-only-rho0p3-seed1,electrical-only,community-local,1,35,0,3,1,4,eps,20000,20000,0.01671711,0.026214124,0.009497014,true
tl-hoc-v7,v7-community-main-electrical-only-rho0p3-seed1,electrical-only,community-local,1,36,2,4,0,5,eps,20000,20000,0.016768207,0.019117419,0.002349212,true
tl-hoc-v7,v7-community-main-electrical-only-rho0p3-seed1,electrical-only,community-local,1,37,1,5,0,6,eps,20000,20000,0.017277976,0.031053484,0.013775508,true
tl-hoc-v7,v7-community-main-electrical-only-rho0p3-seed1,electrical-only,community-local,1,38,0,6,1,7,eps,20000,20000,0.017455291,0.028031244,0.010575953,true
tl-hoc-v7,v7-community-main-electrical-only-rho0p3-seed1,electrical-only,community-local,1,39,3,7,2,8,eps,20000,20000,0.017466881,0.027147019,0.009680138,true
tl-hoc-v7,v7-community-main-electrical-only-rho0p3-seed1,electrical-only,community-local,1,40,1,8,0,9,eps,20000,20000,0.017792963,0.033672204,0.015879241,true
tl-hoc-v7,v7-community-main-electrical-only-rho0p3-seed1,electrical-only,community-local,1,41,3,9,2,10,eps,20000,20000,0.01815319,0.028333099,0.010179909,true
tl-hoc-v7,v7-community-main-electrical-only-rho0p3-seed1,electrical-only,community-local,1,42,2,10,3,11,eps,20000,20000,0.018271366,0.028071659,0.009800293,true
tl-hoc-v7,v7-community-main-electrical-only-rho0p3-seed1,electrical-only,community-local,1,43,3,11,2,12,eps,20000,20000,0.01846831,0.029288619,0.010820309,true
tl-hoc-v7,v7-community-main-electrical-only-rho0p3-seed1,electrical-only,community-local,1,44,2,12,0,13,eps,20000,20000,0.01855204,0.022714444,0.004162404,true
tl-hoc-v7,v7-community-main-electrical-only-rho0p3-seed1,electrical-only,community-local,1,45,0,13,1,14,eps,20000,20000,0.018577438,0.031594284,0.013016846,true
tl-hoc-v7,v7-community-main-electrical-only-rho0p3-seed1,electrical-only,community-local,1,46,3,14,2,15,eps,20000,20000,0.018788585,0.028990379,0.010201794,true
tl-hoc-v7,v7-community-main-electrical-only-rho0p3-seed1,electrical-only,community-local,1,47,1,15,0,0,eps,20000,20000,0.01882229,0.034544844,0.015722554,true
tl-hoc-v7,v7-community-main-electrical-only-rho0p3-seed1,electrical-only,community-local,1,48,2,0,3,1,eps,20000,20000,0.019601245,0.029081579,0.009480334,true
tl-hoc-v7,v7-community-main-electrical-only-rho0p3-seed1,electrical-only,community-local,1,49,1,1,0,2,eps,20000,20000,0.019643663,0.035481004,0.015837341,true
tl-hoc-v7,v7-community-main-electrical-only-rho0p3-seed1,electrical-only,community-local,1,50,2,2,3,3,eps,20000,20000,0.019891669,0.029567339,0.00967567,true
tl-hoc-v7,v7-community-main-electrical-only-rho0p3-seed1,electrical-only,community-local,1,51,3,3,2,4,eps,20000,20000,0.019920778,0.030921739,0.011000961,true
tl-hoc-v7,v7-community-main-electrical-only-rho0p3-seed1,electrical-only,community-local,1,52,2,4,3,5,eps,20000,20000,0.020749859,0.032865099,0.01211524,true
tl-hoc-v7,v7-community-main-electrical-only-rho0p3-seed1,electrical-only,community-local,1,53,1,5,0,6,eps,20000,20000,0.021554172,0.039876204,0.018322032,true
tl-hoc-v7,v7-community-main-electrical-only-rho0p3-seed1,electrical-only,community-local,1,54,1,6,0,7,eps,20000,20000,0.021672554,0.039941164,0.01826861,true
tl-hoc-v7,v7-community-main-electrical-only-rho0p3-seed1,electrical-only,community-local,1,55,1,7,2,8,eps,20000,20000,0.021965222,0.025811819,0.003846597,true
tl-hoc-v7,v7-community-main-electrical-only-rho0p3-seed1,electrical-only,community-local,1,56,2,8,3,9,eps,20000,20000,0.022243391,0.037318219,0.015074828,true
tl-hoc-v7,v7-community-main-electrical-only-rho0p3-seed1,electrical-only,community-local,1,57,0,9,1,10,eps,20000,20000,0.022560643,0.034910924,0.012350281,true
tl-hoc-v7,v7-community-main-electrical-only-rho0p3-seed1,electrical-only,community-local,1,58,3,10,2,11,eps,20000,20000,0.023605913,0.037464139,0.013858226,true
tl-hoc-v7,v7-community-main-electrical-only-rho0p3-seed1,electrical-only,community-local,1,59,1,11,3,12,eps,20000,20000,0.023706723,0.026817123,0.0031104,true
tl-hoc-v7,v7-community-main-electrical-only-rho0p3-seed1,electrical-only,community-local,1,60,1,12,0,13,eps,20000,20000,0.023794284,0.043378284,0.019584,true
tl-hoc-v7,v7-community-main-electrical-only-rho0p3-seed1,electrical-only,community-local,1,61,3,13,2,14,eps,20000,20000,0.024048413,0.037511339,0.013462926,true
tl-hoc-v7,v7-community-main-electrical-only-rho0p3-seed1,electrical-only,community-local,1,62,1,14,0,15,eps,20000,20000,0.025046577,0.043808204,0.018761627,true
tl-hoc-v7,v7-community-main-electrical-only-rho0p3-seed1,electrical-only,community-local,1,63,2,15,3,0,eps,20000,20000,0.025273031,0.042735179,0.017462148,true
tl-hoc-v7,v7-community-main-electrical-only-rho0p3-seed1,electrical-only,community-local,1,64,2,0,3,1,eps,20000,20000,0.025532309,0.048062219,0.02252991,true
tl-hoc-v7,v7-community-main-electrical-only-rho0p3-seed1,electrical-only,community-local,1,65,3,1,2,2,eps,20000,20000,0.026015721,0.039320939,0.013305218,true
tl-hoc-v7,v7-community-main-electrical-only-rho0p3-seed1,electrical-only,community-local,1,66,1,2,0,3,eps,20000,20000,0.02603119,0.044687404,0.018656214,true
tl-hoc-v7,v7-community-main-electrical-only-rho0p3-seed1,electrical-only,community-local,1,67,2,3,3,4,eps,20000,20000,0.026081451,0.046562539,0.020481088,true
tl-hoc-v7,v7-community-main-electrical-only-rho0p3-seed1,electrical-only,community-local,1,68,1,4,0,5,eps,20000,20000,0.026605504,0.046096524,0.01949102,true
tl-hoc-v7,v7-community-main-electrical-only-rho0p3-seed1,electrical-only,community-local,1,69,2,5,3,6,eps,20000,20000,0.026615589,0.046299499,0.01968391,true
tl-hoc-v7,v7-community-main-electrical-only-rho0p3-seed1,electrical-only,community-local,1,70,0,6,1,7,eps,20000,20000,0.02733114,0.041732939,0.014401799,true
tl-hoc-v7,v7-community-main-electrical-only-rho0p3-seed1,electrical-only,community-local,1,71,2,7,3,8,eps,20000,20000,0.027590554,0.051943819,0.024353265,true
tl-hoc-v7,v7-community-main-electrical-only-rho0p3-seed1,electrical-only,community-local,1,72,2,8,3,9,eps,20000,20000,0.027788611,0.054306859,0.026518248,true
tl-hoc-v7,v7-community-main-electrical-only-rho0p3-seed1,electrical-only,community-local,1,73,0,9,1,10,eps,20000,20000,0.028530905,0.042826924,0.014296019,true
tl-hoc-v7,v7-community-main-electrical-only-rho0p3-seed1,electrical-only,community-local,1,74,3,10,0,11,eps,20000,20000,0.028688954,0.031065754,0.0023768,true
tl-hoc-v7,v7-community-main-electrical-only-rho0p3-seed1,electrical-only,community-local,1,75,2,11,3,12,eps,20000,20000,0.028946657,0.054513419,0.025566762,true
tl-hoc-v7,v7-community-main-electrical-only-rho0p3-seed1,electrical-only,community-local,1,76,0,12,1,13,eps,20000,20000,0.029298794,0.043904684,0.01460589,true
tl-hoc-v7,v7-community-main-electrical-only-rho0p3-seed1,electrical-only,community-local,1,77,0,13,1,14,eps,20000,20000,0.029448214,0.044789964,0.01534175,true
tl-hoc-v7,v7-community-main-electrical-only-rho0p3-seed1,electrical-only,community-local,1,78,2,14,3,15,eps,20000,20000,0.02973032,0.062682219,0.032951899,true
tl-hoc-v7,v7-community-main-electrical-only-rho0p3-seed1,electrical-only,community-local,1,79,3,15,2,0,eps,20000,20000,0.030068873,0.046601419,0.016532546,true
tl-hoc-v7,v7-community-main-electrical-only-rho0p3-seed1,electrical-only,community-local,1,80,0,0,3,1,eps,20000,20000,0.030113885,0.032869324,0.002755439,true
tl-hoc-v7,v7-community-main-electrical-only-rho0p3-seed1,electrical-only,community-local,1,81,1,1,0,2,eps,20000,20000,0.030504499,0.049369324,0.018864825,true
tl-hoc-v7,v7-community-main-electrical-only-rho0p3-seed1,electrical-only,community-local,1,82,1,2,0,3,eps,20000,20000,0.030852303,0.051640204,0.020787901,true
tl-hoc-v7,v7-community-main-electrical-only-rho0p3-seed1,electrical-only,community-local,1,83,2,3,3,4,eps,20000,20000,0.030997923,0.064645739,0.033647816,true
tl-hoc-v7,v7-community-main-electrical-only-rho0p3-seed1,electrical-only,community-local,1,84,2,4,3,5,eps,20000,20000,0.031478149,0.069871979,0.03839383,true
tl-hoc-v7,v7-community-main-electrical-only-rho0p3-seed1,electrical-only,community-local,1,85,3,5,2,6,eps,20000,20000,0.03162511,0.046871179,0.015246069,true
tl-hoc-v7,v7-community-main-electrical-only-rho0p3-seed1,electrical-only,community-local,1,86,0,6,2,7,eps,20000,20000,0.032090946,0.034683084,0.002592138,true
tl-hoc-v7,v7-community-main-electrical-only-rho0p3-seed1,electrical-only,community-local,1,87,1,7,0,8,eps,20000,20000,0.032801448,0.050420364,0.017618916,true
tl-hoc-v7,v7-community-main-electrical-only-rho0p3-seed1,electrical-only,community-local,1,88,2,8,3,9,eps,20000,20000,0.032805361,0.076954539,0.044149178,true
tl-hoc-v7,v7-community-main-electrical-only-rho0p3-seed1,electrical-only,community-local,1,89,1,9,0,10,eps,20000,20000,0.033035152,0.050909164,0.017874012,true
tl-hoc-v7,v7-community-main-electrical-only-rho0p3-seed1,electrical-only,community-local,1,90,0,10,1,11,eps,20000,20000,0.033060704,0.049697804,0.0166371,true
tl-hoc-v7,v7-community-main-electrical-only-rho0p3-seed1,electrical-only,community-local,1,91,3,11,0,12,eps,20000,20000,0.033576115,0.036556524,0.002980409,true
tl-hoc-v7,v7-community-main-electrical-only-rho0p3-seed1,electrical-only,community-local,1,92,3,12,2,13,eps,20000,20000,0.033598186,0.050889644,0.017291458,true
tl-hoc-v7,v7-community-main-electrical-only-rho0p3-seed1,electrical-only,community-local,1,93,2,13,3,14,eps,20000,20000,0.033744515,0.077199979,0.043455464,true
tl-hoc-v7,v7-community-main-electrical-only-rho0p3-seed1,electrical-only,community-local,1,94,2,14,3,15,eps,20000,20000,0.034692682,0.079059179,0.044366497,true
tl-hoc-v7,v7-community-main-electrical-only-rho0p3-seed1,electrical-only,community-local,1,95,0,15,2,0,eps,20000,20000,0.034851921,0.038038284,0.003186363,true
tl-hoc-v7,v7-community-main-electrical-only-rho0p3-seed1,electrical-only,community-local,1,96,2,0,3,1,eps,20000,20000,0.035331706,0.079222859,0.043891153,true
tl-hoc-v7,v7-community-main-electrical-only-rho0p3-seed1,electrical-only,community-local,1,97,0,1,1,2,eps,20000,20000,0.035823917,0.055900204,0.020076287,true
tl-hoc-v7,v7-community-main-electrical-only-rho0p3-seed1,electrical-only,community-local,1,98,2,2,3,3,eps,20000,20000,0.035943457,0.080116779,0.044173322,true
tl-hoc-v7,v7-community-main-electrical-only-rho0p3-seed1,electrical-only,community-local,1,99,3,3,2,4,eps,20000,20000,0.036437342,0.054519339,0.018081997,true
tl-hoc-v7,v7-community-main-electrical-only-rho0p3-seed1,electrical-only,community-local,1,100,3,4,2,5,eps,20000,20000,0.036492666,0.054979499,0.018486833,true
tl-hoc-v7,v7-community-main-electrical-only-rho0p3-seed1,electrical-only,community-local,1,101,0,5,1,6,eps,20000,20000,0.03678075,0.059883884,0.023103134,true
tl-hoc-v7,v7-community-main-electrical-only-rho0p3-seed1,electrical-only,community-local,1,102,0,6,3,7,eps,20000,20000,0.036783766,0.040154284,0.003370518,true
tl-hoc-v7,v7-community-main-electrical-only-rho0p3-seed1,electrical-only,community-local,1,103,3,7,2,8,eps,20000,20000,0.037195292,0.058767819,0.021572527,true
tl-hoc-v7,v7-community-main-electrical-only-rho0p3-seed1,electrical-only,community-local,1,104,0,8,1,9,eps,20000,20000,0.037407321,0.062249964,0.024842643,true
tl-hoc-v7,v7-community-main-electrical-only-rho0p3-seed1,electrical-only,community-local,1,105,0,9,2,10,eps,20000,20000,0.037889466,0.040782379,0.002892913,true
tl-hoc-v7,v7-community-main-electrical-only-rho0p3-seed1,electrical-only,community-local,1,106,3,10,2,11,eps,20000,20000,0.038099456,0.055865099,0.017765643,true
tl-hoc-v7,v7-community-main-electrical-only-rho0p3-seed1,electrical-only,community-local,1,107,1,11,2,12,eps,20000,20000,0.038203904,0.040970859,0.002766955,true
tl-hoc-v7,v7-community-main-electrical-only-rho0p3-seed1,electrical-only,community-local,1,108,2,12,3,13,eps,20000,20000,0.038797891,0.090444779,0.051646888,true
tl-hoc-v7,v7-community-main-electrical-only-rho0p3-seed1,electrical-only,community-local,1,109,2,13,3,14,eps,20000,20000,0.039065043,0.087682539,0.048617496,true
tl-hoc-v7,v7-community-main-electrical-only-rho0p3-seed1,electrical-only,community-local,1,110,2,14,3,15,eps,20000,20000,0.039089262,0.091295179,0.052205917,true
tl-hoc-v7,v7-community-main-electrical-only-rho0p3-seed1,electrical-only,community-local,1,111,1,15,0,0,eps,20000,20000,0.039302448,0.059096364,0.019793916,true
tl-hoc-v7,v7-community-main-electrical-only-rho0p3-seed1,electrical-only,community-local,1,112,0,0,1,1,eps,20000,20000,0.039755036,0.071619404,0.031864368,true
tl-hoc-v7,v7-community-main-electrical-only-rho0p3-seed1,electrical-only,community-local,1,113,0,1,1,2,eps,20000,20000,0.039826082,0.078233804,0.038407722,true
tl-hoc-v7,v7-community-main-electrical-only-rho0p3-seed1,electrical-only,community-local,1,114,0,2,1,3,eps,20000,20000,0.040034149,0.071031084,0.030996935,true
tl-hoc-v7,v7-community-main-electrical-only-rho0p3-seed1,electrical-only,community-local,1,115,0,3,1,4,eps,20000,20000,0.040121428,0.070562124,0.030440696,true
tl-hoc-v7,v7-community-main-electrical-only-rho0p3-seed1,electrical-only,community-local,1,116,1,4,2,5,eps,20000,20000,0.040358021,0.044417579,0.004059558,true
tl-hoc-v7,v7-community-main-electrical-only-rho0p3-seed1,electrical-only,community-local,1,117,0,5,1,6,eps,20000,20000,0.040435991,0.070260844,0.029824853,true
tl-hoc-v7,v7-community-main-electrical-only-rho0p3-seed1,electrical-only,community-local,1,118,2,6,1,7,eps,20000,20000,0.040452845,0.043985419,0.003532574,true
tl-hoc-v7,v7-community-main-electrical-only-rho0p3-seed1,electrical-only,community-local,1,119,2,7,3,8,eps,20000,20000,0.040696712,0.093087979,0.052391267,true
tl-hoc-v7,v7-community-main-electrical-only-rho0p3-seed1,electrical-only,community-local,1,120,0,8,1,9,eps,20000,20000,0.040759738,0.072586124,0.031826386,true
tl-hoc-v7,v7-community-main-electrical-only-rho0p3-seed1,electrical-only,community-local,1,121,2,9,3,10,eps,20000,20000,0.040927971,0.092614859,0.051686888,true
tl-hoc-v7,v7-community-main-electrical-only-rho0p3-seed1,electrical-only,community-local,1,122,3,10,2,11,eps,20000,20000,0.04096583,0.059279659,0.018313829,true
tl-hoc-v7,v7-community-main-electrical-only-rho0p3-seed1,electrical-only,community-local,1,123,0,11,1,12,eps,20000,20000,0.041203484,0.078557004,0.03735352,true
tl-hoc-v7,v7-community-main-electrical-only-rho0p3-seed1,electrical-only,community-local,1,124,2,12,3,13,eps,20000,20000,0.041239396,0.094025099,0.052785703,true
tl-hoc-v7,v7-community-main-electrical-only-rho0p3-seed1,electrical-only,community-local,1,125,3,13,2,14,eps,20000,20000,0.041352958,0.061674219,0.020321261,true
tl-hoc-v7,v7-community-main-electrical-only-rho0p3-seed1,electrical-only,community-local,1,126,2,14,3,15,eps,20000,20000,0.041440842,0.094918699,0.053477857,true
tl-hoc-v7,v7-community-main-electrical-only-rho0p3-seed1,electrical-only,community-local,1,127,2,15,3,0,eps,20000,20000,0.042584739,0.098299019,0.05571428,true
tl-hoc-v7,v7-community-main-electrical-only-rho0p3-seed1,electrical-only,community-local,1,128,1,0,0,1,eps,20000,20000,0.042693463,0.072683244,0.029989781,true
tl-hoc-v7,v7-community-main-electrical-only-rho0p3-seed1,electrical-only,community-local,1,129,2,1,3,2,eps,20000,20000,0.042782156,0.096186219,0.053404063,true
tl-hoc-v7,v7-community-main-electrical-only-rho0p3-seed1,electrical-only,community-local,1,130,1,2,0,3,eps,20000,20000,0.042814163,0.069948524,0.027134361,true
tl-hoc-v7,v7-community-main-electrical-only-rho0p3-seed1,electrical-only,community-local,1,131,1,3,0,4,eps,20000,20000,0.043095538,0.067437484,0.024341946,true
tl-hoc-v7,v7-community-main-electrical-only-rho0p3-seed1,electrical-only,community-local,1,132,3,4,2,5,eps,20000,20000,0.043275924,0.067595499,0.024319575,true
tl-hoc-v7,v7-community-main-electrical-only-rho0p3-seed1,electrical-only,community-local,1,133,1,5,0,6,eps,20000,20000,0.043428796,0.066486124,0.023057328,true
tl-hoc-v7,v7-community-main-electrical-only-rho0p3-seed1,electrical-only,community-local,1,134,0,6,1,7,eps,20000,20000,0.043987669,0.082968364,0.038980695,true
tl-hoc-v7,v7-community-main-electrical-only-rho0p3-seed1,electrical-only,community-local,1,135,0,7,1,8,eps,20000,20000,0.04410172,0.082769804,0.038668084,true
tl-hoc-v7,v7-community-main-electrical-only-rho0p3-seed1,electrical-only,community-local,1,136,3,8,1,9,eps,20000,20000,0.044522951,0.047618859,0.003095908,true
tl-hoc-v7,v7-community-main-electrical-only-rho0p3-seed1,electrical-only,community-local,1,137,0,9,1,10,eps,20000,20000,0.04483935,0.083033324,0.038193974,true
tl-hoc-v7,v7-community-main-electrical-only-rho0p3-seed1,electrical-only,community-local,1,138,0,10,1,11,eps,20000,20000,0.045024921,0.086049804,0.041024883,true
tl-hoc-v7,v7-community-main-electrical-only-rho0p3-seed1,electrical-only,community-local,1,139,0,11,2,12,eps,20000,20000,0.045489525,0.053156044,0.007666519,true
tl-hoc-v7,v7-community-main-electrical-only-rho0p3-seed1,electrical-only,community-local,1,140,1,12,3,13,eps,20000,20000,0.045675621,0.048962859,0.003287238,true
tl-hoc-v7,v7-community-main-electrical-only-rho0p3-seed1,electrical-only,community-local,1,141,2,13,3,14,eps,20000,20000,0.045862049,0.107175819,0.06131377,true
tl-hoc-v7,v7-community-main-electrical-only-rho0p3-seed1,electrical-only,community-local,1,142,3,14,2,15,eps,20000,20000,0.046011805,0.070744619,0.024732814,true
tl-hoc-v7,v7-community-main-electrical-only-rho0p3-seed1,electrical-only,community-local,1,143,1,15,0,0,eps,20000,20000,0.04606729,0.078394764,0.032327474,true
tl-hoc-v7,v7-community-main-electrical-only-rho0p3-seed1,electrical-only,community-local,1,144,1,0,0,1,eps,20000,20000,0.046989838,0.079417644,0.032427806,true
tl-hoc-v7,v7-community-main-electrical-only-rho0p3-seed1,electrical-only,community-local,1,145,1,1,0,2,eps,20000,20000,0.047817114,0.072001804,0.02418469,true
tl-hoc-v7,v7-community-main-electrical-only-rho0p3-seed1,electrical-only,community-local,1,146,3,2,2,3,eps,20000,20000,0.048324803,0.070934699,0.022609896,true
tl-hoc-v7,v7-community-main-electrical-only-rho0p3-seed1,electrical-only,community-local,1,147,0,3,1,4,eps,20000,20000,0.048644126,0.098561484,0.049917358,true
tl-hoc-v7,v7-community-main-electrical-only-rho0p3-seed1,electrical-only,community-local,1,148,0,4,1,5,eps,20000,20000,0.048656347,0.099791404,0.051135057,true
tl-hoc-v7,v7-community-main-electrical-only-rho0p3-seed1,electrical-only,community-local,1,149,3,5,2,6,eps,20000,20000,0.049010431,0.071325259,0.022314828,true
tl-hoc-v7,v7-community-main-electrical-only-rho0p3-seed1,electrical-only,community-local,1,150,0,6,2,7,eps,20000,20000,0.049056763,0.052881484,0.003824721,true
tl-hoc-v7,v7-community-main-electrical-only-rho0p3-seed1,electrical-only,community-local,1,151,2,7,3,8,eps,20000,20000,0.049172979,0.110711019,0.06153804,true
tl-hoc-v7,v7-community-main-electrical-only-rho0p3-seed1,electrical-only,community-local,1,152,3,8,2,9,eps,20000,20000,0.049322166,0.076701419,0.027379253,true
tl-hoc-v7,v7-community-main-electrical-only-rho0p3-seed1,electrical-only,community-local,1,153,0,9,1,10,eps,20000,20000,0.049429197,0.093196204,0.043767007,true
tl-hoc-v7,v7-community-main-electrical-only-rho0p3-seed1,electrical-only,community-local,1,154,1,10,0,11,eps,20000,20000,0.049454813,0.082816844,0.033362031,true
tl-hoc-v7,v7-community-main-electrical-only-rho0p3-seed1,electrical-only,community-local,1,155,1,11,0,12,eps,20000,20000,0.049509825,0.082113324,0.032603499,true
tl-hoc-v7,v7-community-main-electrical-only-rho0p3-seed1,electrical-only,community-local,1,156,0,12,3,13,eps,20000,20000,0.049568586,0.052860106,0.00329152,true
tl-hoc-v7,v7-community-main-electrical-only-rho0p3-seed1,electrical-only,community-local,1,157,1,13,2,14,eps,20000,20000,0.050499307,0.054185484,0.003686177,true
tl-hoc-v7,v7-community-main-electrical-only-rho0p3-seed1,electrical-only,community-local,1,158,2,14,3,15,eps,20000,20000,0.050653919,0.115353259,0.06469934,true
tl-hoc-v7,v7-community-main-electrical-only-rho0p3-seed1,electrical-only,community-local,1,159,2,15,3,0,eps,20000,20000,0.050671023,0.112540459,0.061869436,true
tl-hoc-v7,v7-community-main-electrical-only-rho0p3-seed1,electrical-only,community-local,1,160,1,0,0,1,eps,20000,20000,0.051121274,0.084981099,0.033859825,true
tl-hoc-v7,v7-community-main-electrical-only-rho0p3-seed1,electrical-only,community-local,1,161,2,1,3,2,eps,20000,20000,0.051239538,0.116066699,0.064827161,true
tl-hoc-v7,v7-community-main-electrical-only-rho0p3-seed1,electrical-only,community-local,1,162,0,2,1,3,eps,20000,20000,0.05131574,0.098110284,0.046794544,true
tl-hoc-v7,v7-community-main-electrical-only-rho0p3-seed1,electrical-only,community-local,1,163,3,3,2,4,eps,20000,20000,0.05265039,0.079495019,0.026844629,true
tl-hoc-v7,v7-community-main-electrical-only-rho0p3-seed1,electrical-only,community-local,1,164,3,4,2,5,eps,20000,20000,0.053395431,0.078419979,0.025024548,true
tl-hoc-v7,v7-community-main-electrical-only-rho0p3-seed1,electrical-only,community-local,1,165,1,5,0,6,eps,20000,20000,0.053870233,0.089998924,0.036128691,true
tl-hoc-v7,v7-community-main-electrical-only-rho0p3-seed1,electrical-only,community-local,1,166,1,6,0,7,eps,20000,20000,0.054221242,0.087506764,0.033285522,true
tl-hoc-v7,v7-community-main-electrical-only-rho0p3-seed1,electrical-only,community-local,1,167,1,7,0,8,eps,20000,20000,0.054234739,0.090373004,0.036138265,true
tl-hoc-v7,v7-community-main-electrical-only-rho0p3-seed1,electrical-only,community-local,1,168,0,8,1,9,eps,20000,20000,0.054795186,0.104936204,0.050141018,true
tl-hoc-v7,v7-community-main-electrical-only-rho0p3-seed1,electrical-only,community-local,1,169,1,9,0,10,eps,20000,20000,0.055274484,0.088701804,0.03342732,true
tl-hoc-v7,v7-community-main-electrical-only-rho0p3-seed1,electrical-only,community-local,1,170,2,10,3,11,eps,20000,20000,0.05547698,0.120667499,0.065190519,true
tl-hoc-v7,v7-community-main-electrical-only-rho0p3-seed1,electrical-only,community-local,1,171,3,11,2,12,eps,20000,20000,0.055729952,0.081982859,0.026252907,true
tl-hoc-v7,v7-community-main-electrical-only-rho0p3-seed1,electrical-only,community-local,1,172,2,12,3,13,eps,20000,20000,0.055768548,0.121055106,0.065286558,true
tl-hoc-v7,v7-community-main-electrical-only-rho0p3-seed1,electrical-only,community-local,1,173,1,13,0,14,eps,20000,20000,0.055821169,0.091202764,0.035381595,true
tl-hoc-v7,v7-community-main-electrical-only-rho0p3-seed1,electrical-only,community-local,1,174,0,14,1,15,eps,20000,20000,0.056058129,0.111739244,0.055681115,true
tl-hoc-v7,v7-community-main-electrical-only-rho0p3-seed1,electrical-only,community-local,1,175,3,15,2,0,eps,20000,20000,0.056139096,0.081123179,0.024984083,true
tl-hoc-v7,v7-community-main-electrical-only-rho0p3-seed1,electrical-only,community-local,1,176,2,0,3,1,eps,20000,20000,0.056966507,0.1175393,0.060572793,true
tl-hoc-v7,v7-community-main-electrical-only-rho0p3-seed1,electrical-only,community-local,1,177,0,1,1,2,eps,20000,20000,0.057173234,0.114178124,0.05700489,true
tl-hoc-v7,v7-community-main-electrical-only-rho0p3-seed1,electrical-only,community-local,1,178,3,2,2,3,eps,20000,20000,0.057220524,0.084155491,0.026934967,true
tl-hoc-v7,v7-community-main-electrical-only-rho0p3-seed1,electrical-only,community-local,1,179,3,3,2,4,eps,20000,20000,0.057702173,0.090297804,0.032595631,true
tl-hoc-v7,v7-community-main-electrical-only-rho0p3-seed1,electrical-only,community-local,1,180,2,4,3,5,eps,20000,20000,0.057781902,0.124181099,0.066399197,true
tl-hoc-v7,v7-community-main-electrical-only-rho0p3-seed1,electrical-only,community-local,1,181,0,5,1,6,eps,20000,20000,0.057807622,0.119101324,0.061293702,true
tl-hoc-v7,v7-community-main-electrical-only-rho0p3-seed1,electrical-only,community-local,1,182,3,6,2,7,eps,20000,20000,0.05784105,0.088044364,0.030203314,true
tl-hoc-v7,v7-community-main-electrical-only-rho0p3-seed1,electrical-only,community-local,1,183,0,7,2,8,eps,20000,20000,0.057900044,0.060575979,0.002675935,true
tl-hoc-v7,v7-community-main-electrical-only-rho0p3-seed1,electrical-only,community-local,1,184,2,8,3,9,eps,20000,20000,0.058046969,0.124992939,0.06694597,true
tl-hoc-v7,v7-community-main-electrical-only-rho0p3-seed1,electrical-only,community-local,1,185,1,9,0,10,eps,20000,20000,0.058080356,0.099805004,0.041724648,true
tl-hoc-v7,v7-community-main-electrical-only-rho0p3-seed1,electrical-only,community-local,1,186,0,10,1,11,eps,20000,20000,0.058131897,0.120402379,0.062270482,true
tl-hoc-v7,v7-community-main-electrical-only-rho0p3-seed1,electrical-only,community-local,1,187,0,11,3,12,eps,20000,20000,0.059023175,0.062245899,0.003222724,true
tl-hoc-v7,v7-community-main-electrical-only-rho0p3-seed1,electrical-only,community-local,1,188,3,12,2,13,eps,20000,20000,0.059309642,0.092602059,0.033292417,true
tl-hoc-v7,v7-community-main-electrical-only-rho0p3-seed1,electrical-only,community-local,1,189,2,13,3,14,eps,20000,20000,0.059919764,0.132204459,0.072284695,true
tl-hoc-v7,v7-community-main-electrical-only-rho0p3-seed1,electrical-only,community-local,1,190,0,14,1,15,eps,20000,20000,0.060245192,0.117121164,0.056875972,true
tl-hoc-v7,v7-community-main-electrical-only-rho0p3-seed1,electrical-only,community-local,1,191,3,15,2,0,eps,20000,20000,0.060375968,0.091766059,0.031390091,true
tl-hoc-v7,v7-community-main-electrical-only-rho0p3-seed1,electrical-only,community-local,1,192,0,0,1,1,eps,20000,20000,0.060809966,0.123408684,0.062598718,true
tl-hoc-v7,v7-community-main-electrical-only-rho0p3-seed1,electrical-only,community-local,1,193,3,1,2,2,eps,20000,20000,0.061056528,0.094323019,0.033266491,true
tl-hoc-v7,v7-community-main-electrical-only-rho0p3-seed1,electrical-only,community-local,1,194,3,2,1,3,eps,20000,20000,0.061501489,0.065290444,0.003788955,true
tl-hoc-v7,v7-community-main-electrical-only-rho0p3-seed1,electrical-only,community-local,1,195,1,3,0,4,eps,20000,20000,0.061561759,0.109924524,0.048362765,true
tl-hoc-v7,v7-community-main-electrical-only-rho0p3-seed1,electrical-only,community-local,1,196,1,4,0,5,eps,20000,20000,0.061949005,0.110298924,0.048349919,true
tl-hoc-v7,v7-community-main-electrical-only-rho0p3-seed1,electrical-only,community-local,1,197,1,5,0,6,eps,20000,20000,0.062134518,0.122417484,0.060282966,true
tl-hoc-v7,v7-community-main-electrical-only-rho0p3-seed1,electrical-only,community-local,1,198,0,6,1,7,eps,20000,20000,0.062569186,0.127262124,0.064692938,true
tl-hoc-v7,v7-community-main-electrical-only-rho0p3-seed1,electrical-only,community-local,1,199,0,7,1,8,eps,20000,20000,0.06303984,0.128929164,0.065889324,true
tl-hoc-v7,v7-community-main-electrical-only-rho0p3-seed1,electrical-only,community-local,1,200,1,8,0,9,eps,20000,20000,0.063208791,0.112085324,0.048876533,true
tl-hoc-v7,v7-community-main-electrical-only-rho0p3-seed1,electrical-only,community-local,1,201,2,9,3,10,eps,20000,20000,0.064073103,0.135829579,0.071756476,true
tl-hoc-v7,v7-community-main-electrical-only-rho0p3-seed1,electrical-only,community-local,1,202,0,10,1,11,eps,20000,20000,0.06414895,0.134348204,0.070199254,true
tl-hoc-v7,v7-community-main-electrical-only-rho0p3-seed1,electrical-only,community-local,1,203,3,11,2,12,eps,20000,20000,0.064151628,0.101532619,0.037380991,true
tl-hoc-v7,v7-community-main-electrical-only-rho0p3-seed1,electrical-only,community-local,1,204,0,12,1,13,eps,20000,20000,0.065021107,0.135198604,0.070177497,true
tl-hoc-v7,v7-community-main-electrical-only-rho0p3-seed1,electrical-only,community-local,1,205,2,13,3,14,eps,20000,20000,0.065137395,0.138388459,0.073251064,true
tl-hoc-v7,v7-community-main-electrical-only-rho0p3-seed1,electrical-only,community-local,1,206,2,14,3,15,eps,20000,20000,0.065198283,0.138453419,0.073255136,true
tl-hoc-v7,v7-community-main-electrical-only-rho0p3-seed1,electrical-only,community-local,1,207,3,15,2,0,eps,20000,20000,0.065206415,0.108403819,0.043197404,true
tl-hoc-v7,v7-community-main-electrical-only-rho0p3-seed1,electrical-only,community-local,1,208,0,0,1,1,eps,20000,20000,0.065406909,0.135263564,0.069856655,true
tl-hoc-v7,v7-community-main-electrical-only-rho0p3-seed1,electrical-only,community-local,1,209,3,1,2,2,eps,20000,20000,0.065957584,0.114571979,0.048614395,true
tl-hoc-v7,v7-community-main-electrical-only-rho0p3-seed1,electrical-only,community-local,1,210,0,2,1,3,eps,20000,20000,0.066110738,0.136320364,0.070209626,true
tl-hoc-v7,v7-community-main-electrical-only-rho0p3-seed1,electrical-only,community-local,1,211,1,3,0,4,eps,20000,20000,0.06642393,0.119716044,0.053292114,true
tl-hoc-v7,v7-community-main-electrical-only-rho0p3-seed1,electrical-only,community-local,1,212,3,4,2,5,eps,20000,20000,0.066435753,0.108515979,0.042080226,true
tl-hoc-v7,v7-community-main-electrical-only-rho0p3-seed1,electrical-only,community-local,1,213,0,5,1,6,eps,20000,20000,0.066581703,0.137721004,0.071139301,true
tl-hoc-v7,v7-community-main-electrical-only-rho0p3-seed1,electrical-only,community-local,1,214,3,6,1,7,eps,20000,20000,0.066608961,0.069961644,0.003352683,true
tl-hoc-v7,v7-community-main-electrical-only-rho0p3-seed1,electrical-only,community-local,1,215,3,7,2,8,eps,20000,20000,0.067002798,0.147360139,0.080357341,true
tl-hoc-v7,v7-community-main-electrical-only-rho0p3-seed1,electrical-only,community-local,1,216,0,8,1,9,eps,20000,20000,0.067007063,0.136818764,0.069811701,true
tl-hoc-v7,v7-community-main-electrical-only-rho0p3-seed1,electrical-only,community-local,1,217,2,9,3,10,eps,20000,20000,0.067212178,0.141681739,0.074469561,true
tl-hoc-v7,v7-community-main-electrical-only-rho0p3-seed1,electrical-only,community-local,1,218,1,10,0,11,eps,20000,20000,0.068296297,0.124609164,0.056312867,true
tl-hoc-v7,v7-community-main-electrical-only-rho0p3-seed1,electrical-only,community-local,1,219,0,11,1,12,eps,20000,20000,0.068431878,0.138422284,0.069990406,true
tl-hoc-v7,v7-community-main-electrical-only-rho0p3-seed1,electrical-only,community-local,1,220,3,12,2,13,eps,20000,20000,0.068644817,0.112871339,0.044226522,true
tl-hoc-v7,v7-community-main-electrical-only-rho0p3-seed1,electrical-only,community-local,1,221,1,13,0,14,eps,20000,20000,0.06868194,0.124777164,0.056095224,true
tl-hoc-v7,v7-community-main-electrical-only-rho0p3-seed1,electrical-only,community-local,1,222,0,14,1,15,eps,20000,20000,0.068915046,0.138344364,0.069429318,true
tl-hoc-v7,v7-community-main-electrical-only-rho0p3-seed1,electrical-only,community-local,1,223,1,15,0,0,eps,20000,20000,0.069637992,0.125683724,0.056045732,true
tl-hoc-v7,v7-community-main-electrical-only-rho0p3-seed1,electrical-only,community-local,1,224,2,0,3,1,eps,20000,20000,0.069892785,0.147739979,0.077847194,true
tl-hoc-v7,v7-community-main-electrical-only-rho0p3-seed1,electrical-only,community-local,1,225,3,1,1,2,eps,20000,20000,0.070002971,0.074187499,0.004184528,true
tl-hoc-v7,v7-community-main-electrical-only-rho0p3-seed1,electrical-only,community-local,1,226,1,2,0,3,eps,20000,20000,0.070148925,0.122869324,0.052720399,true
tl-hoc-v7,v7-community-main-electrical-only-rho0p3-seed1,electrical-only,community-local,1,227,1,3,0,4,eps,20000,20000,0.070904278,0.126577004,0.055672726,true
tl-hoc-v7,v7-community-main-electrical-only-rho0p3-seed1,electrical-only,community-local,1,228,2,4,1,5,eps,20000,20000,0.070996411,0.076184204,0.005187793,true
tl-hoc-v7,v7-community-main-electrical-only-rho0p3-seed1,electrical-only,community-local,1,229,2,5,1,6,eps,20000,20000,0.071004469,0.076213644,0.005209175,true
tl-hoc-v7,v7-community-main-electrical-only-rho0p3-seed1,electrical-only,community-local,1,230,2,6,3,7,eps,20000,20000,0.072128932,0.150132619,0.078003687,true
tl-hoc-v7,v7-community-main-electrical-only-rho0p3-seed1,electrical-only,community-local,1,231,3,7,2,8,eps,20000,20000,0.072316286,0.123702539,0.051386253,true
tl-hoc-v7,v7-community-main-electrical-only-rho0p3-seed1,electrical-only,community-local,1,232,1,8,0,9,eps,20000,20000,0.072457982,0.128373644,0.055915662,true
tl-hoc-v7,v7-community-main-electrical-only-rho0p3-seed1,electrical-only,community-local,1,233,2,9,3,10,eps,20000,20000,0.072744829,0.150824459,0.07807963,true
tl-hoc-v7,v7-community-main-electrical-only-rho0p3-seed1,electrical-only,community-local,1,234,2,10,3,11,eps,20000,20000,0.072789921,0.151619019,0.078829098,true
tl-hoc-v7,v7-community-main-electrical-only-rho0p3-seed1,electrical-only,community-local,1,235,1,11,0,12,eps,20000,20000,0.073788786,0.131736524,0.057947738,true
tl-hoc-v7,v7-community-main-electrical-only-rho0p3-seed1,electrical-only,community-local,1,236,3,12,2,13,eps,20000,20000,0.073914223,0.122627819,0.048713596,true
tl-hoc-v7,v7-community-main-electrical-only-rho0p3-seed1,electrical-only,community-local,1,237,1,13,0,14,eps,20000,20000,0.074932229,0.135297004,0.060364775,true
tl-hoc-v7,v7-community-main-electrical-only-rho0p3-seed1,electrical-only,community-local,1,238,0,14,1,15,eps,20000,20000,0.075014363,0.150526924,0.075512561,true
tl-hoc-v7,v7-community-main-electrical-only-rho0p3-seed1,electrical-only,community-local,1,239,2,15,3,0,eps,20000,20000,0.07510968,0.153582219,0.078472539,true
tl-hoc-v7,v7-community-main-electrical-only-rho0p3-seed1,electrical-only,community-local,1,240,3,0,2,1,eps,20000,20000,0.075774227,0.124403019,0.048628792,true
tl-hoc-v7,v7-community-main-electrical-only-rho0p3-seed1,electrical-only,community-local,1,241,1,1,0,2,eps,20000,20000,0.075863637,0.132376844,0.056513207,true
tl-hoc-v7,v7-community-main-electrical-only-rho0p3-seed1,electrical-only,community-local,1,242,1,2,0,3,eps,20000,20000,0.076426283,0.136324044,0.059897761,true
tl-hoc-v7,v7-community-main-electrical-only-rho0p3-seed1,electrical-only,community-local,1,243,3,3,2,4,eps,20000,20000,0.076687962,0.126396139,0.049708177,true
tl-hoc-v7,v7-community-main-electrical-only-rho0p3-seed1,electrical-only,community-local,1,244,0,4,1,5,eps,20000,20000,0.076758721,0.155139404,0.078380683,true
tl-hoc-v7,v7-community-main-electrical-only-rho0p3-seed1,electrical-only,community-local,1,245,1,5,0,6,eps,20000,20000,0.077054978,0.135997164,0.058942186,true
tl-hoc-v7,v7-community-main-electrical-only-rho0p3-seed1,electrical-only,community-local,1,246,3,6,2,7,eps,20000,20000,0.077071423,0.126878539,0.049807116,true
tl-hoc-v7,v7-community-main-electrical-only-rho0p3-seed1,electrical-only,community-local,1,247,1,7,0,8,eps,20000,20000,0.077076756,0.136981324,0.059904568,true
tl-hoc-v7,v7-community-main-electrical-only-rho0p3-seed1,electrical-only,community-local,1,248,2,8,3,9,eps,20000,20000,0.077093752,0.156984204,0.079890452,true
tl-hoc-v7,v7-community-main-electrical-only-rho0p3-seed1,electrical-only,community-local,1,249,1,9,0,10,eps,20000,20000,0.077263702,0.149170924,0.071907222,true
tl-hoc-v7,v7-community-main-electrical-only-rho0p3-seed1,electrical-only,community-local,1,250,3,10,1,11,eps,20000,20000,0.07755042,0.080527979,0.002977559,true
tl-hoc-v7,v7-community-main-electrical-only-rho0p3-seed1,electrical-only,community-local,1,251,0,11,1,12,eps,20000,20000,0.078224187,0.154095884,0.075871697,true
tl-hoc-v7,v7-community-main-electrical-only-rho0p3-seed1,electrical-only,community-local,1,252,3,12,2,13,eps,20000,20000,0.078738366,0.133011979,0.054273613,true
tl-hoc-v7,v7-community-main-electrical-only-rho0p3-seed1,electrical-only,community-local,1,253,2,13,3,14,eps,20000,20000,0.078836357,0.158079339,0.079242982,true
tl-hoc-v7,v7-community-main-electrical-only-rho0p3-seed1,electrical-only,community-local,1,254,1,14,2,15,eps,20000,20000,0.078864969,0.081568489,0.00270352,true
tl-hoc-v7,v7-community-main-electrical-only-rho0p3-seed1,electrical-only,community-local,1,255,0,15,1,0,eps,20000,20000,0.078922197,0.162186604,0.083264407,true
tl-hoc-v7,v7-community-main-electrical-only-rho0p3-seed1,electrical-only,community-local,1,256,2,0,3,1,eps,20000,20000,0.079000557,0.158467019,0.079466462,true
tl-hoc-v7,v7-community-main-electrical-only-rho0p3-seed1,electrical-only,community-local,1,257,1,1,0,2,eps,20000,20000,0.079180632,0.137050604,0.057869972,true
tl-hoc-v7,v7-community-main-electrical-only-rho0p3-seed1,electrical-only,community-local,1,258,3,2,2,3,eps,20000,20000,0.079323044,0.132891179,0.053568135,true
tl-hoc-v7,v7-community-main-electrical-only-rho0p3-seed1,electrical-only,community-local,1,259,3,3,2,4,eps,20000,20000,0.079724239,0.137892524,0.058168285,true
tl-hoc-v7,v7-community-main-electrical-only-rho0p3-seed1,electrical-only,community-local,1,260,1,4,0,5,eps,20000,20000,0.080122807,0.138871244,0.058748437,true
tl-hoc-v7,v7-community-main-electrical-only-rho0p3-seed1,electrical-only,community-local,1,261,1,5,2,6,eps,20000,20000,0.080148695,0.084864684,0.004715989,true
tl-hoc-v7,v7-community-main-electrical-only-rho0p3-seed1,electrical-only,community-local,1,262,1,6,3,7,eps,20000,20000,0.080161079,0.084574444,0.004413365,true
tl-hoc-v7,v7-community-main-electrical-only-rho0p3-seed1,electrical-only,community-local,1,263,2,7,3,8,eps,20000,20000,0.080680343,0.160374059,0.079693716,true
tl-hoc-v7,v7-community-main-electrical-only-rho0p3-seed1,electrical-only,community-local,1,264,2,8,3,9,eps,20000,20000,0.081449637,0.161606379,0.080156742,true
tl-hoc-v7,v7-community-main-electrical-only-rho0p3-seed1,electrical-only,community-local,1,265,0,9,1,10,eps,20000,20000,0.081451195,0.158347404,0.076896209,true
tl-hoc-v7,v7-community-main-electrical-only-rho0p3-seed1,electrical-only,community-local,1,266,2,10,3,11,eps,20000,20000,0.081553462,0.161679979,0.080126517,true
tl-hoc-v7,v7-community-main-electrical-only-rho0p3-seed1,electrical-only,community-local,1,267,0,11,1,12,eps,20000,20000,0.081763442,0.164064044,0.082300602,true
tl-hoc-v7,v7-community-main-electrical-only-rho0p3-seed1,electrical-only,community-local,1,268,3,12,1,13,eps,20000,20000,0.081912109,0.086453259,0.00454115,true
tl-hoc-v7,v7-community-main-electrical-only-rho0p3-seed1,electrical-only,community-local,1,269,1,13,3,14,eps,20000,20000,0.082003683,0.085778219,0.003774536,true
tl-hoc-v7,v7-community-main-electrical-only-rho0p3-seed1,electrical-only,community-local,1,270,3,14,2,15,eps,20000,20000,0.082011497,0.137658699,0.055647202,true
tl-hoc-v7,v7-community-main-electrical-only-rho0p3-seed1,electrical-only,community-local,1,271,1,15,0,0,eps,20000,20000,0.082264356,0.155111244,0.072846888,true
tl-hoc-v7,v7-community-main-electrical-only-rho0p3-seed1,electrical-only,community-local,1,272,0,0,2,1,eps,20000,20000,0.082310851,0.085418051,0.0031072,true
tl-hoc-v7,v7-community-main-electrical-only-rho0p3-seed1,electrical-only,community-local,1,273,3,1,0,2,eps,20000,20000,0.082585618,0.086127179,0.003541561,true
tl-hoc-v7,v7-community-main-electrical-only-rho0p3-seed1,electrical-only,community-local,1,274,2,2,3,3,eps,20000,20000,0.082646858,0.163737579,0.081090721,true
tl-hoc-v7,v7-community-main-electrical-only-rho0p3-seed1,electrical-only,community-local,1,275,0,3,1,4,eps,20000,20000,0.082829052,0.166738924,0.083909872,true
tl-hoc-v7,v7-community-main-electrical-only-rho0p3-seed1,electrical-only,community-local,1,276,2,4,3,5,eps,20000,20000,0.083213782,0.164946059,0.081732277,true
tl-hoc-v7,v7-community-main-electrical-only-rho0p3-seed1,electrical-only,community-local,1,277,2,5,3,6,eps,20000,20000,0.083320471,0.165028619,0.081708148,true
tl-hoc-v7,v7-community-main-electrical-only-rho0p3-seed1,electrical-only,community-local,1,278,1,6,0,7,eps,20000,20000,0.083323821,0.144713004,0.061389183,true
tl-hoc-v7,v7-community-main-electrical-only-rho0p3-seed1,electrical-only,community-local,1,279,3,7,2,8,eps,20000,20000,0.083406584,0.138067019,0.054660435,true
tl-hoc-v7,v7-community-main-electrical-only-rho0p3-seed1,electrical-only,community-local,1,280,2,8,3,9,eps,20000,20000,0.08341741,0.164467954,0.081050544,true
tl-hoc-v7,v7-community-main-electrical-only-rho0p3-seed1,electrical-only,community-local,1,281,0,9,1,10,eps,20000,20000,0.084327877,0.169329324,0.085001447,true
tl-hoc-v7,v7-community-main-electrical-only-rho0p3-seed1,electrical-only,community-local,1,282,2,10,0,11,eps,20000,20000,0.084835771,0.088129644,0.003293873,true
tl-hoc-v7,v7-community-main-electrical-only-rho0p3-seed1,electrical-only,community-local,1,283,2,11,3,12,eps,20000,20000,0.08507876,0.165510699,0.080431939,true
tl-hoc-v7,v7-community-main-electrical-only-rho0p3-seed1,electrical-only,community-local,1,284,3,12,2,13,eps,20000,20000,0.085084293,0.144669739,0.059585446,true
tl-hoc-v7,v7-community-main-electrical-only-rho0p3-seed1,electrical-only,community-local,1,285,2,13,3,14,eps,20000,20000,0.085202614,0.165575659,0.080373045,true
tl-hoc-v7,v7-community-main-electrical-only-rho0p3-seed1,electrical-only,community-local,1,286,3,14,2,15,eps,20000,20000,0.085461978,0.147268939,0.061806961,true
tl-hoc-v7,v7-community-main-electrical-only-rho0p3-seed1,electrical-only,community-local,1,287,2,15,3,0,eps,20000,20000,0.086117071,0.166087019,0.079969948,true
tl-hoc-v7,v7-community-main-electrical-only-rho0p3-seed1,electrical-only,community-local,1,288,0,0,1,1,eps,20000,20000,0.086185307,0.174108044,0.087922737,true
tl-hoc-v7,v7-community-main-electrical-only-rho0p3-seed1,electrical-only,community-local,1,289,3,1,0,2,eps,20000,20000,0.086214388,0.089638284,0.003423896,true
tl-hoc-v7,v7-community-main-electrical-only-rho0p3-seed1,electrical-only,community-local,1,290,3,2,2,3,eps,20000,20000,0.086229482,0.152221579,0.065992097,true
tl-hoc-v7,v7-community-main-electrical-only-rho0p3-seed1,electrical-only,community-local,1,291,3,3,2,4,eps,20000,20000,0.086425029,0.149142219,0.06271719,true
tl-hoc-v7,v7-community-main-electrical-only-rho0p3-seed1,electrical-only,community-local,1,292,1,4,2,5,eps,20000,20000,0.086431532,0.091569964,0.005138432,true
tl-hoc-v7,v7-community-main-electrical-only-rho0p3-seed1,electrical-only,community-local,1,293,3,5,2,6,eps,20000,20000,0.08645466,0.149821099,0.063366439,true
tl-hoc-v7,v7-community-main-electrical-only-rho0p3-seed1,electrical-only,community-local,1,294,1,6,2,7,eps,20000,20000,0.087011359,0.092106924,0.005095565,true
tl-hoc-v7,v7-community-main-electrical-only-rho0p3-seed1,electrical-only,community-local,1,295,1,7,0,8,eps,20000,20000,0.087348492,0.167505964,0.080157472,true
tl-hoc-v7,v7-community-main-electrical-only-rho0p3-seed1,electrical-only,community-local,1,296,0,8,1,9,eps,20000,20000,0.08784254,0.176495724,0.088653184,true
tl-hoc-v7,v7-community-main-electrical-only-rho0p3-seed1,electrical-only,community-local,1,297,3,9,2,10,eps,20000,20000,0.088250238,0.146126379,0.057876141,true
tl-hoc-v7,v7-community-main-electrical-only-rho0p3-seed1,electrical-only,community-local,1,298,1,10,0,11,eps,20000,20000,0.088340933,0.148419244,0.060078311,true
tl-hoc-v7,v7-community-main-electrical-only-rho0p3-seed1,electrical-only,community-local,1,299,3,11,2,12,eps,20000,20000,0.088356078,0.151899659,0.063543581,true
tl-hoc-v7,v7-community-main-electrical-only-rho0p3-seed1,electrical-only,community-local,1,300,0,12,1,13,eps,20000,20000,0.088466143,0.177317484,0.088851341,true
tl-hoc-v7,v7-community-main-electrical-only-rho0p3-seed1,electrical-only,community-local,1,301,1,13,0,14,eps,20000,20000,0.089133857,0.160557644,0.071423787,true
tl-hoc-v7,v7-community-main-electrical-only-rho0p3-seed1,electrical-only,community-local,1,302,2,14,3,15,eps,20000,20000,0.089159169,0.172537739,0.08337857,true
tl-hoc-v7,v7-community-main-electrical-only-rho0p3-seed1,electrical-only,community-local,1,303,1,15,3,0,eps,20000,20000,0.089519097,0.093032619,0.003513522,true
tl-hoc-v7,v7-community-main-electrical-only-rho0p3-seed1,electrical-only,community-local,1,304,1,0,0,1,eps,20000,20000,0.08958826,0.150541644,0.060953384,true
tl-hoc-v7,v7-community-main-electrical-only-rho0p3-seed1,electrical-only,community-local,1,305,0,1,1,2,eps,20000,20000,0.089834508,0.181143724,0.091309216,true
tl-hoc-v7,v7-community-main-electrical-only-rho0p3-seed1,electrical-only,community-local,1,306,0,2,2,3,eps,20000,20000,0.090615224,0.093727659,0.003112435,true
tl-hoc-v7,v7-community-main-electrical-only-rho0p3-seed1,electrical-only,community-local,1,307,3,3,2,4,eps,20000,20000,0.090830106,0.153859019,0.063028913,true
tl-hoc-v7,v7-community-main-electrical-only-rho0p3-seed1,electrical-only,community-local,1,308,1,4,0,5,eps,20000,20000,0.091455926,0.151877324,0.060421398,true
tl-hoc-v7,v7-community-main-electrical-only-rho0p3-seed1,electrical-only,community-local,1,309,3,5,2,6,eps,20000,20000,0.092064253,0.156054699,0.063990446,true
tl-hoc-v7,v7-community-main-electrical-only-rho0p3-seed1,electrical-only,community-local,1,310,3,6,1,7,eps,20000,20000,0.092114248,0.096908684,0.004794436,true
tl-hoc-v7,v7-community-main-electrical-only-rho0p3-seed1,electrical-only,community-local,1,311,3,7,1,8,eps,20000,20000,0.092373311,0.098101644,0.005728333,true
tl-hoc-v7,v7-community-main-electrical-only-rho0p3-seed1,electrical-only,community-local,1,312,0,8,1,9,eps,20000,20000,0.092583109,0.187645004,0.095061895,true
tl-hoc-v7,v7-community-main-electrical-only-rho0p3-seed1,electrical-only,community-local,1,313,1,9,0,10,eps,20000,20000,0.092665367,0.149235884,0.056570517,true
tl-hoc-v7,v7-community-main-electrical-only-rho0p3-seed1,electrical-only,community-local,1,314,1,10,0,11,eps,20000,20000,0.092859133,0.153281484,0.060422351,true
tl-hoc-v7,v7-community-main-electrical-only-rho0p3-seed1,electrical-only,community-local,1,315,3,11,2,12,eps,20000,20000,0.093077287,0.155225259,0.062147972,true
tl-hoc-v7,v7-community-main-electrical-only-rho0p3-seed1,electrical-only,community-local,1,316,1,12,2,13,eps,20000,20000,0.093212417,0.098466699,0.005254282,true
tl-hoc-v7,v7-community-main-electrical-only-rho0p3-seed1,electrical-only,community-local,1,317,0,13,1,14,eps,20000,20000,0.093215401,0.190326924,0.097111523,true
tl-hoc-v7,v7-community-main-electrical-only-rho0p3-seed1,electrical-only,community-local,1,318,0,14,2,15,eps,20000,20000,0.093450112,0.098750699,0.005300587,true
tl-hoc-v7,v7-community-main-electrical-only-rho0p3-seed1,electrical-only,community-local,1,319,1,15,0,0,eps,20000,20000,0.09382286,0.182707244,0.088884384,true
tl-hoc-v7,v7-community-main-electrical-only-rho0p3-seed1,electrical-only,community-local,1,320,0,0,1,1,eps,20000,20000,0.093841879,0.190235404,0.096393525,true
tl-hoc-v7,v7-community-main-electrical-only-rho0p3-seed1,electrical-only,community-local,1,321,0,1,1,2,eps,20000,20000,0.093899038,0.265691084,0.171792046,true
tl-hoc-v7,v7-community-main-electrical-only-rho0p3-seed1,electrical-only,community-local,1,322,1,2,0,3,eps,20000,20000,0.094208748,0.154140524,0.059931776,true
tl-hoc-v7,v7-community-main-electrical-only-rho0p3-seed1,electrical-only,community-local,1,323,0,3,1,4,eps,20000,20000,0.094336922,0.192314764,0.097977842,true
tl-hoc-v7,v7-community-main-electrical-only-rho0p3-seed1,electrical-only,community-local,1,324,2,4,3,5,eps,20000,20000,0.09507425,0.176780779,0.081706529,true
tl-hoc-v7,v7-community-main-electrical-only-rho0p3-seed1,electrical-only,community-local,1,325,3,5,2,6,eps,20000,20000,0.095595059,0.205300139,0.10970508,true
tl-hoc-v7,v7-community-main-electrical-only-rho0p3-seed1,electrical-only,community-local,1,326,0,6,1,7,eps,20000,20000,0.095676812,0.192389004,0.096712192,true
tl-hoc-v7,v7-community-main-electrical-only-rho0p3-seed1,electrical-only,community-local,1,327,3,7,2,8,eps,20000,20000,0.09575128,0.161804779,0.066053499,true
tl-hoc-v7,v7-community-main-electrical-only-rho0p3-seed1,electrical-only,community-local,1,328,2,8,3,9,eps,20000,20000,0.09613155,0.177404139,0.081272589,true
tl-hoc-v7,v7-community-main-electrical-only-rho0p3-seed1,electrical-only,community-local,1,329,0,9,1,10,eps,20000,20000,0.09618817,0.195856524,0.099668354,true
tl-hoc-v7,v7-community-main-electrical-only-rho0p3-seed1,electrical-only,community-local,1,330,0,10,2,11,eps,20000,20000,0.096426199,0.100366379,0.00394018,true
tl-hoc-v7,v7-community-main-electrical-only-rho0p3-seed1,electrical-only,community-local,1,331,1,11,0,12,eps,20000,20000,0.097902282,0.156577324,0.058675042,true
tl-hoc-v7,v7-community-main-electrical-only-rho0p3-seed1,electrical-only,community-local,1,332,0,12,2,13,eps,20000,20000,0.09795438,0.103238219,0.005283839,true
tl-hoc-v7,v7-community-main-electrical-only-rho0p3-seed1,electrical-only,community-local,1,333,3,13,0,14,eps,20000,20000,0.097970882,0.100888939,0.002918057,true
tl-hoc-v7,v7-community-main-electrical-only-rho0p3-seed1,electrical-only,community-local,1,334,2,14,3,15,eps,20000,20000,0.098735304,0.178831019,0.080095715,true
tl-hoc-v7,v7-community-main-electrical-only-rho0p3-seed1,electrical-only,community-local,1,335,0,15,1,0,eps,20000,20000,0.099154111,0.200314604,0.101160493,true
tl-hoc-v7,v7-community-main-electrical-only-rho0p3-seed1,electrical-only,community-local,1,336,0,0,1,1,eps,20000,20000,0.099277957,0.278490284,0.179212327,true
tl-hoc-v7,v7-community-main-electrical-only-rho0p3-seed1,electrical-only,community-local,1,337,3,1,2,2,eps,20000,20000,0.099444333,0.163764139,0.064319806,true
tl-hoc-v7,v7-community-main-electrical-only-rho0p3-seed1,electrical-only,community-local,1,338,2,2,3,3,eps,20000,20000,0.099472411,0.180291659,0.080819248,true
tl-hoc-v7,v7-community-main-electrical-only-rho0p3-seed1,electrical-only,community-local,1,339,1,3,0,4,eps,20000,20000,0.099617095,0.187977964,0.088360869,true
tl-hoc-v7,v7-community-main-electrical-only-rho0p3-seed1,electrical-only,community-local,1,340,0,4,1,5,eps,20000,20000,0.099617433,0.203690444,0.104073011,true
tl-hoc-v7,v7-community-main-electrical-only-rho0p3-seed1,electrical-only,community-local,1,341,0,5,1,6,eps,20000,20000,0.099944047,0.204086124,0.104142077,true
tl-hoc-v7,v7-community-main-electrical-only-rho0p3-seed1,electrical-only,community-local,1,342,1,6,2,7,eps,20000,20000,0.100018541,0.103535499,0.003516958,true
tl-hoc-v7,v7-community-main-electrical-only-rho0p3-seed1,electrical-only,community-local,1,343,0,7,1,8,eps,20000,20000,0.100345583,0.204438604,0.104093021,true
tl-hoc-v7,v7-community-main-electrical-only-rho0p3-seed1,electrical-only,community-local,1,344,2,8,3,9,eps,20000,20000,0.100474849,0.177469099,0.07699425,true
tl-hoc-v7,v7-community-main-electrical-only-rho0p3-seed1,electrical-only,community-local,1,345,3,9,2,10,eps,20000,20000,0.100491007,0.165383339,0.064892332,true
tl-hoc-v7,v7-community-main-electrical-only-rho0p3-seed1,electrical-only,community-local,1,346,3,10,2,11,eps,20000,20000,0.100919358,0.162192459,0.061273101,true
tl-hoc-v7,v7-community-main-electrical-only-rho0p3-seed1,electrical-only,community-local,1,347,1,11,0,12,eps,20000,20000,0.101394026,0.159491724,0.058097698,true
tl-hoc-v7,v7-community-main-electrical-only-rho0p3-seed1,electrical-only,community-local,1,348,2,12,1,13,eps,20000,20000,0.101567822,0.104957099,0.003389277,true
tl-hoc-v7,v7-community-main-electrical-only-rho0p3-seed1,electrical-only,community-local,1,349,1,13,0,14,eps,20000,20000,0.101973998,0.160290924,0.058316926,true
tl-hoc-v7,v7-community-main-electrical-only-rho0p3-seed1,electrical-only,community-local,1,350,0,14,1,15,eps,20000,20000,0.102267445,0.208613644,0.106346199,true
tl-hoc-v7,v7-community-main-electrical-only-rho0p3-seed1,electrical-only,community-local,1,351,3,15,2,0,eps,20000,20000,0.103431492,0.167918219,0.064486727,true
tl-hoc-v7,v7-community-main-electrical-only-rho0p3-seed1,electrical-only,community-local,1,352,0,0,1,1,eps,20000,20000,0.103552236,0.207956044,0.104403808,true
tl-hoc-v7,v7-community-main-electrical-only-rho0p3-seed1,electrical-only,community-local,1,353,2,1,3,2,eps,20000,20000,0.103677743,0.184160299,0.080482556,true
tl-hoc-v7,v7-community-main-electrical-only-rho0p3-seed1,electrical-only,community-local,1,354,1,2,2,3,eps,20000,20000,0.103763336,0.106843244,0.003079908,true
tl-hoc-v7,v7-community-main-electrical-only-rho0p3-seed1,electrical-only,community-local,1,355,2,3,3,4,eps,20000,20000,0.104135256,0.183969259,0.079834003,true
tl-hoc-v7,v7-community-main-electrical-only-rho0p3-seed1,electrical-only,community-local,1,356,0,4,1,5,eps,20000,20000,0.104638336,0.211480684,0.106842348,true
tl-hoc-v7,v7-community-main-electrical-only-rho0p3-seed1,electrical-only,community-local,1,357,3,5,1,6,eps,20000,20000,0.104877935,0.107514859,0.002636924,true
tl-hoc-v7,v7-community-main-electrical-only-rho0p3-seed1,electrical-only,community-local,1,358,2,6,3,7,eps,20000,20000,0.105196335,0.186126059,0.080929724,true
tl-hoc-v7,v7-community-main-electrical-only-rho0p3-seed1,electrical-only,community-local,1,359,3,7,2,8,eps,20000,20000,0.105211914,0.170672459,0.065460545,true
tl-hoc-v7,v7-community-main-electrical-only-rho0p3-seed1,electrical-only,community-local,1,360,1,8,0,9,eps,20000,20000,0.105408837,0.162848204,0.057439367,true
tl-hoc-v7,v7-community-main-electrical-only-rho0p3-seed1,electrical-only,community-local,1,361,3,9,2,10,eps,20000,20000,0.106556307,0.170746059,0.064189752,true
tl-hoc-v7,v7-community-main-electrical-only-rho0p3-seed1,electrical-only,community-local,1,362,1,10,2,11,eps,20000,20000,0.10670484,0.110106539,0.003401699,true
tl-hoc-v7,v7-community-main-electrical-only-rho0p3-seed1,electrical-only,community-local,1,363,0,11,1,12,eps,20000,20000,0.106974009,0.215465484,0.108491475,true
tl-hoc-v7,v7-community-main-electrical-only-rho0p3-seed1,electrical-only,community-local,1,364,0,12,1,13,eps,20000,20000,0.107150652,0.216131404,0.108980752,true
tl-hoc-v7,v7-community-main-electrical-only-rho0p3-seed1,electrical-only,community-local,1,365,3,13,2,14,eps,20000,20000,0.108278239,0.172648139,0.0643699,true
tl-hoc-v7,v7-community-main-electrical-only-rho0p3-seed1,electrical-only,community-local,1,366,2,14,3,15,eps,20000,20000,0.108353897,0.190094699,0.081740802,true
tl-hoc-v7,v7-community-main-electrical-only-rho0p3-seed1,electrical-only,community-local,1,367,1,15,0,0,eps,20000,20000,0.109999686,0.166001964,0.056002278,true
tl-hoc-v7,v7-community-main-electrical-only-rho0p3-seed1,electrical-only,community-local,1,368,3,0,2,1,eps,20000,20000,0.110358505,0.174942379,0.064583874,true
tl-hoc-v7,v7-community-main-electrical-only-rho0p3-seed1,electrical-only,community-local,1,369,1,1,0,2,eps,20000,20000,0.110910467,0.166895244,0.055984777,true
tl-hoc-v7,v7-community-main-electrical-only-rho0p3-seed1,electrical-only,community-local,1,370,0,2,1,3,eps,20000,20000,0.111114723,0.223240684,0.112125961,true
tl-hoc-v7,v7-community-main-electrical-only-rho0p3-seed1,electrical-only,community-local,1,371,0,3,1,4,eps,20000,20000,0.111842421,0.224206764,0.112364343,true
tl-hoc-v7,v7-community-main-electrical-only-rho0p3-seed1,electrical-only,community-local,1,372,2,4,3,5,eps,20000,20000,0.112096897,0.192196779,0.080099882,true
tl-hoc-v7,v7-community-main-electrical-only-rho0p3-seed1,electrical-only,community-local,1,373,0,5,1,6,eps,20000,20000,0.112383911,0.224413324,0.112029413,true
tl-hoc-v7,v7-community-main-electrical-only-rho0p3-seed1,electrical-only,community-local,1,374,2,6,3,7,eps,20000,20000,0.113215556,0.189201099,0.075985543,true
tl-hoc-v7,v7-community-main-electrical-only-rho0p3-seed1,electrical-only,community-local,1,375,0,7,1,8,eps,20000,20000,0.113341253,0.225521964,0.112180711,true
tl-hoc-v7,v7-community-main-electrical-only-rho0p3-seed1,electrical-only,community-local,1,376,2,8,3,9,eps,20000,20000,0.113772963,0.194495019,0.080722056,true
tl-hoc-v7,v7-community-main-electrical-only-rho0p3-seed1,electrical-only,community-local,1,377,0,9,1,10,eps,20000,20000,0.114318284,0.226630284,0.112312,true
tl-hoc-v7,v7-community-main-electrical-only-rho0p3-seed1,electrical-only,community-local,1,378,2,10,3,11,eps,20000,20000,0.1145363,0.195427819,0.080891519,true
tl-hoc-v7,v7-community-main-electrical-only-rho0p3-seed1,electrical-only,community-local,1,379,3,11,2,12,eps,20000,20000,0.114759166,0.180355179,0.065596013,true
tl-hoc-v7,v7-community-main-electrical-only-rho0p3-seed1,electrical-only,community-local,1,380,2,12,3,13,eps,20000,20000,0.115372977,0.191104299,0.075731322,true
tl-hoc-v7,v7-community-main-electrical-only-rho0p3-seed1,electrical-only,community-local,1,381,1,13,3,14,eps,20000,20000,0.115643266,0.120234946,0.00459168,true
tl-hoc-v7,v7-community-main-electrical-only-rho0p3-seed1,electrical-only,community-local,1,382,1,14,2,15,eps,20000,20000,0.115748115,0.121059426,0.005311311,true
tl-hoc-v7,v7-community-main-electrical-only-rho0p3-seed1,electrical-only,community-local,1,383,2,15,3,0,eps,20000,20000,0.115970441,0.191835659,0.075865218,true
tl-hoc-v7,v7-community-main-electrical-only-rho0p3-seed1,electrical-only,community-local,1,384,0,0,1,1,eps,20000,20000,0.116078025,0.230095884,0.114017859,true
tl-hoc-v7,v7-community-main-electrical-only-rho0p3-seed1,electrical-only,community-local,1,385,3,1,2,2,eps,20000,20000,0.116163157,0.177261899,0.061098742,true
tl-hoc-v7,v7-community-main-electrical-only-rho0p3-seed1,electrical-only,community-local,1,386,1,2,3,3,eps,20000,20000,0.11651002,0.11978474,0.00327472,true
tl-hoc-v7,v7-community-main-electrical-only-rho0p3-seed1,electrical-only,community-local,1,387,2,3,3,4,eps,20000,20000,0.117356686,0.197408619,0.080051933,true
tl-hoc-v7,v7-community-main-electrical-only-rho0p3-seed1,electrical-only,community-local,1,388,0,4,1,5,eps,20000,20000,0.117431265,0.231668044,0.114236779,true
tl-hoc-v7,v7-community-main-electrical-only-rho0p3-seed1,electrical-only,community-local,1,389,1,5,0,6,eps,20000,20000,0.118137611,0.171298924,0.053161313,true
tl-hoc-v7,v7-community-main-electrical-only-rho0p3-seed1,electrical-only,community-local,1,390,2,6,3,7,eps,20000,20000,0.118346611,0.198778859,0.080432248,true
tl-hoc-v7,v7-community-main-electrical-only-rho0p3-seed1,electrical-only,community-local,1,391,3,7,1,8,eps,20000,20000,0.118776915,0.123277899,0.004500984,true
tl-hoc-v7,v7-community-main-electrical-only-rho0p3-seed1,electrical-only,community-local,1,392,3,8,1,9,eps,20000,20000,0.118897177,0.124077419,0.005180242,true
tl-hoc-v7,v7-community-main-electrical-only-rho0p3-seed1,electrical-only,community-local,1,393,1,9,2,10,eps,20000,20000,0.119120977,0.123390539,0.004269562,true
tl-hoc-v7,v7-community-main-electrical-only-rho0p3-seed1,electrical-only,community-local,1,394,0,10,1,11,eps,20000,20000,0.119196893,0.227571564,0.108374671,true
tl-hoc-v7,v7-community-main-electrical-only-rho0p3-seed1,electrical-only,community-local,1,395,3,11,2,12,eps,20000,20000,0.119227823,0.184903819,0.065675996,true
tl-hoc-v7,v7-community-main-electrical-only-rho0p3-seed1,electrical-only,community-local,1,396,3,12,2,13,eps,20000,20000,0.119288206,0.180957259,0.061669053,true
tl-hoc-v7,v7-community-main-electrical-only-rho0p3-seed1,electrical-only,community-local,1,397,0,13,3,14,eps,20000,20000,0.119521259,0.122768139,0.00324688,true
tl-hoc-v7,v7-community-main-electrical-only-rho0p3-seed1,electrical-only,community-local,1,398,0,14,1,15,eps,20000,20000,0.120037657,0.227030284,0.106992627,true
tl-hoc-v7,v7-community-main-electrical-only-rho0p3-seed1,electrical-only,community-local,1,399,0,15,1,0,eps,20000,20000,0.120817412,0.236244524,0.115427112,true
tl-hoc-v7,v7-community-main-electrical-only-rho0p3-seed1,electrical-only,community-local,1,400,0,0,3,1,eps,20000,20000,0.120900029,0.124708204,0.003808175,true
tl-hoc-v7,v7-community-main-electrical-only-rho0p3-seed1,electrical-only,community-local,1,401,1,1,0,2,eps,20000,20000,0.121346665,0.171612844,0.050266179,true
tl-hoc-v7,v7-community-main-electrical-only-rho0p3-seed1,electrical-only,community-local,1,402,1,2,0,3,eps,20000,20000,0.121446045,0.178049004,0.056602959,true
tl-hoc-v7,v7-community-main-electrical-only-rho0p3-seed1,electrical-only,community-local,1,403,0,3,1,4,eps,20000,20000,0.121722909,0.236923404,0.115200495,true
tl-hoc-v7,v7-community-main-electrical-only-rho0p3-seed1,electrical-only,community-local,1,404,2,4,0,5,eps,20000,20000,0.121770262,0.124677579,0.002907317,true
tl-hoc-v7,v7-community-main-electrical-only-rho0p3-seed1,electrical-only,community-local,1,405,2,5,3,6,eps,20000,20000,0.12192538,0.200630059,0.078704679,true
tl-hoc-v7,v7-community-main-electrical-only-rho0p3-seed1,electrical-only,community-local,1,406,1,6,0,7,eps,20000,20000,0.12195421,0.173168204,0.051213994,true
tl-hoc-v7,v7-community-main-electrical-only-rho0p3-seed1,electrical-only,community-local,1,407,3,7,2,8,eps,20000,20000,0.122189098,0.187867979,0.065678881,true
tl-hoc-v7,v7-community-main-electrical-only-rho0p3-seed1,electrical-only,community-local,1,408,0,8,3,9,eps,20000,20000,0.122584264,0.126967819,0.004383555,true
tl-hoc-v7,v7-community-main-electrical-only-rho0p3-seed1,electrical-only,community-local,1,409,0,9,1,10,eps,20000,20000,0.122787799,0.230757484,0.107969685,true
tl-hoc-v7,v7-community-main-electrical-only-rho0p3-seed1,electrical-only,community-local,1,410,2,10,1,11,eps,20000,20000,0.122937226,0.127136139,0.004198913,true
tl-hoc-v7,v7-community-main-electrical-only-rho0p3-seed1,electrical-only,community-local,1,411,0,11,1,12,eps,20000,20000,0.123501512,0.237494924,0.113993412,true
tl-hoc-v7,v7-community-main-electrical-only-rho0p3-seed1,electrical-only,community-local,1,412,2,12,3,13,eps,20000,20000,0.123517143,0.202503179,0.078986036,true
tl-hoc-v7,v7-community-main-electrical-only-rho0p3-seed1,electrical-only,community-local,1,413,1,13,0,14,eps,20000,20000,0.123680723,0.175228524,0.051547801,true
tl-hoc-v7,v7-community-main-electrical-only-rho0p3-seed1,electrical-only,community-local,1,414,2,14,3,15,eps,20000,20000,0.123885208,0.203323979,0.079438771,true
tl-hoc-v7,v7-community-main-electrical-only-rho0p3-seed1,electrical-only,community-local,1,415,2,15,1,0,eps,20000,20000,0.124328805,0.128228364,0.003899559,true
tl-hoc-v7,v7-community-main-electrical-only-rho0p3-seed1,electrical-only,community-local,1,416,3,0,2,1,eps,20000,20000,0.125130111,0.209357899,0.084227788,true
tl-hoc-v7,v7-community-main-electrical-only-rho0p3-seed1,electrical-only,community-local,1,417,3,1,2,2,eps,20000,20000,0.125238413,0.191183979,0.065945566,true
tl-hoc-v7,v7-community-main-electrical-only-rho0p3-seed1,electrical-only,community-local,1,418,3,2,2,3,eps,20000,20000,0.125805905,0.187798699,0.061992794,true
tl-hoc-v7,v7-community-main-electrical-only-rho0p3-seed1,electrical-only,community-local,1,419,2,3,3,4,eps,20000,20000,0.126161915,0.204283499,0.078121584,true
tl-hoc-v7,v7-community-main-electrical-only-rho0p3-seed1,electrical-only,community-local,1,420,2,4,3,5,eps,20000,20000,0.126165696,0.204213899,0.078048203,true
tl-hoc-v7,v7-community-main-electrical-only-rho0p3-seed1,electrical-only,community-local,1,421,2,5,1,6,eps,20000,20000,0.126608816,0.131125259,0.004516443,true
tl-hoc-v7,v7-community-main-electrical-only-rho0p3-seed1,electrical-only,community-local,1,422,1,6,0,7,eps,20000,20000,0.126917171,0.174299724,0.047382553,true
tl-hoc-v7,v7-community-main-electrical-only-rho0p3-seed1,electrical-only,community-local,1,423,0,7,1,8,eps,20000,20000,0.127297002,0.243157324,0.115860322,true
tl-hoc-v7,v7-community-main-electrical-only-rho0p3-seed1,electrical-only,community-local,1,424,3,8,2,9,eps,20000,20000,0.127589326,0.194260939,0.066671613,true
tl-hoc-v7,v7-community-main-electrical-only-rho0p3-seed1,electrical-only,community-local,1,425,3,9,2,10,eps,20000,20000,0.12787339,0.193552139,0.065678749,true
tl-hoc-v7,v7-community-main-electrical-only-rho0p3-seed1,electrical-only,community-local,1,426,2,10,3,11,eps,20000,20000,0.128022683,0.205980139,0.077957456,true
tl-hoc-v7,v7-community-main-electrical-only-rho0p3-seed1,electrical-only,community-local,1,427,3,11,2,12,eps,20000,20000,0.129084979,0.191984459,0.06289948,true
tl-hoc-v7,v7-community-main-electrical-only-rho0p3-seed1,electrical-only,community-local,1,428,3,12,2,13,eps,20000,20000,0.130531116,0.239619979,0.109088863,true
tl-hoc-v7,v7-community-main-electrical-only-rho0p3-seed1,electrical-only,community-local,1,429,2,13,3,14,eps,20000,20000,0.13069432,0.229566859,0.098872539,true
tl-hoc-v7,v7-community-main-electrical-only-rho0p3-seed1,electrical-only,community-local,1,430,1,14,0,15,eps,20000,20000,0.131297315,0.180906604,0.049609289,true
tl-hoc-v7,v7-community-main-electrical-only-rho0p3-seed1,electrical-only,community-local,1,431,0,15,1,0,eps,20000,20000,0.132639088,0.247505804,0.114866716,true
tl-hoc-v7,v7-community-main-electrical-only-rho0p3-seed1,electrical-only,community-local,1,432,3,0,2,1,eps,20000,20000,0.13293253,0.199900939,0.066968409,true
tl-hoc-v7,v7-community-main-electrical-only-rho0p3-seed1,electrical-only,community-local,1,433,0,1,1,2,eps,20000,20000,0.133303027,0.249412524,0.116109497,true
tl-hoc-v7,v7-community-main-electrical-only-rho0p3-seed1,electrical-only,community-local,1,434,0,2,1,3,eps,20000,20000,0.133333095,0.250987884,0.117654789,true
tl-hoc-v7,v7-community-main-electrical-only-rho0p3-seed1,electrical-only,community-local,1,435,1,3,2,4,eps,20000,20000,0.13492039,0.137827564,0.002907174,true
tl-hoc-v7,v7-community-main-electrical-only-rho0p3-seed1,electrical-only,community-local,1,436,2,4,3,5,eps,20000,20000,0.135424342,0.243062219,0.107637877,true
tl-hoc-v7,v7-community-main-electrical-only-rho0p3-seed1,electrical-only,community-local,1,437,0,5,1,6,eps,20000,20000,0.137150581,0.261286444,0.124135863,true
tl-hoc-v7,v7-community-main-electrical-only-rho0p3-seed1,electrical-only,community-local,1,438,1,6,0,7,eps,20000,20000,0.137504054,0.187242764,0.04973871,true
tl-hoc-v7,v7-community-main-electrical-only-rho0p3-seed1,electrical-only,community-local,1,439,3,7,2,8,eps,20000,20000,0.137516769,0.205235179,0.06771841,true
tl-hoc-v7,v7-community-main-electrical-only-rho0p3-seed1,electrical-only,community-local,1,440,1,8,0,9,eps,20000,20000,0.137940008,0.184874604,0.046934596,true
tl-hoc-v7,v7-community-main-electrical-only-rho0p3-seed1,electrical-only,community-local,1,441,0,9,1,10,eps,20000,20000,0.138328382,0.254794604,0.116466222,true
tl-hoc-v7,v7-community-main-electrical-only-rho0p3-seed1,electrical-only,community-local,1,442,1,10,0,11,eps,20000,20000,0.138641238,0.186976044,0.048334806,true
tl-hoc-v7,v7-community-main-electrical-only-rho0p3-seed1,electrical-only,community-local,1,443,1,11,0,12,eps,20000,20000,0.138678667,0.188579404,0.049900737,true
tl-hoc-v7,v7-community-main-electrical-only-rho0p3-seed1,electrical-only,community-local,1,444,0,12,1,13,eps,20000,20000,0.138788485,0.255001164,0.116212679,true
tl-hoc-v7,v7-community-main-electrical-only-rho0p3-seed1,electrical-only,community-local,1,445,3,13,2,14,eps,20000,20000,0.139287507,0.206726219,0.067438712,true
tl-hoc-v7,v7-community-main-electrical-only-rho0p3-seed1,electrical-only,community-local,1,446,2,14,0,15,eps,20000,20000,0.140023769,0.142770379,0.00274661,true
tl-hoc-v7,v7-community-main-electrical-only-rho0p3-seed1,electrical-only,community-local,1,447,1,15,0,0,eps,20000,20000,0.14026196,0.188454284,0.048192324,true
tl-hoc-v7,v7-community-main-electrical-only-rho0p3-seed1,electrical-only,community-local,1,448,1,0,0,1,eps,20000,20000,0.140681211,0.188940524,0.048259313,true
tl-hoc-v7,v7-community-main-electrical-only-rho0p3-seed1,electrical-only,community-local,1,449,2,1,3,2,eps,20000,20000,0.140708201,0.216539979,0.075831778,true
tl-hoc-v7,v7-community-main-electrical-only-rho0p3-seed1,electrical-only,community-local,1,450,0,2,1,3,eps,20000,20000,0.141026635,0.257168844,0.116142209,true
tl-hoc-v7,v7-community-main-electrical-only-rho0p3-seed1,electrical-only,community-local,1,451,3,3,2,4,eps,20000,20000,0.141632951,0.210616139,0.068983188,true
tl-hoc-v7,v7-community-main-electrical-only-rho0p3-seed1,electrical-only,community-local,1,452,3,4,1,5,eps,20000,20000,0.142029866,0.144990219,0.002960353,true
tl-hoc-v7,v7-community-main-electrical-only-rho0p3-seed1,electrical-only,community-local,1,453,3,5,2,6,eps,20000,20000,0.142299804,0.212947659,0.070647855,true
tl-hoc-v7,v7-community-main-electrical-only-rho0p3-seed1,electrical-only,community-local,1,454,3,6,2,7,eps,20000,20000,0.142958019,0.252809739,0.10985172,true
tl-hoc-v7,v7-community-main-electrical-only-rho0p3-seed1,electrical-only,community-local,1,455,2,7,1,8,eps,20000,20000,0.143413936,0.147002284,0.003588348,true
tl-hoc-v7,v7-community-main-electrical-only-rho0p3-seed1,electrical-only,community-local,1,456,3,8,2,9,eps,20000,20000,0.14351636,0.214720779,0.071204419,true
tl-hoc-v7,v7-community-main-electrical-only-rho0p3-seed1,electrical-only,community-local,1,457,0,9,3,10,eps,20000,20000,0.146307559,0.149126059,0.0028185,true
tl-hoc-v7,v7-community-main-electrical-only-rho0p3-seed1,electrical-only,community-local,1,458,1,10,0,11,eps,20000,20000,0.146591788,0.194941164,0.048349376,true
tl-hoc-v7,v7-community-main-electrical-only-rho0p3-seed1,electrical-only,community-local,1,459,2,11,1,12,eps,20000,20000,0.146931468,0.149846859,0.002915391,true
tl-hoc-v7,v7-community-main-electrical-only-rho0p3-seed1,electrical-only,community-local,1,460,3,12,2,13,eps,20000,20000,0.14715572,0.217695819,0.070540099,true
tl-hoc-v7,v7-community-main-electrical-only-rho0p3-seed1,electrical-only,community-local,1,461,3,13,2,14,eps,20000,20000,0.147889588,0.218722379,0.070832791,true
tl-hoc-v7,v7-community-main-electrical-only-rho0p3-seed1,electrical-only,community-local,1,462,2,14,3,15,eps,20000,20000,0.148581431,0.222069099,0.073487668,true
tl-hoc-v7,v7-community-main-electrical-only-rho0p3-seed1,electrical-only,community-local,1,463,0,15,1,0,eps,20000,20000,0.149208928,0.263895404,0.114686476,true
tl-hoc-v7,v7-community-main-electrical-only-rho0p3-seed1,electrical-only,community-local,1,464,1,0,2,1,eps,20000,20000,0.149556708,0.152599179,0.003042471,true
tl-hoc-v7,v7-community-main-electrical-only-rho0p3-seed1,electrical-only,community-local,1,465,0,1,1,2,eps,20000,20000,0.149850332,0.259194924,0.109344592,true
tl-hoc-v7,v7-community-main-electrical-only-rho0p3-seed1,electrical-only,community-local,1,466,3,2,2,3,eps,20000,20000,0.149960567,0.223474699,0.073514132,true
tl-hoc-v7,v7-community-main-electrical-only-rho0p3-seed1,electrical-only,community-local,1,467,2,3,1,4,eps,20000,20000,0.15155589,0.154655819,0.003099929,true
tl-hoc-v7,v7-community-main-electrical-only-rho0p3-seed1,electrical-only,community-local,1,468,2,4,3,5,eps,20000,20000,0.152091805,0.226937419,0.074845614,true
tl-hoc-v7,v7-community-main-electrical-only-rho0p3-seed1,electrical-only,community-local,1,469,0,5,3,6,eps,20000,20000,0.152323946,0.155222284,0.002898338,true
tl-hoc-v7,v7-community-main-electrical-only-rho0p3-seed1,electrical-only,community-local,1,470,3,6,2,7,eps,20000,20000,0.15281721,0.252163019,0.099345809,true
tl-hoc-v7,v7-community-main-electrical-only-rho0p3-seed1,electrical-only,community-local,1,471,0,7,1,8,eps,20000,20000,0.152861446,0.267711884,0.114850438,true
tl-hoc-v7,v7-community-main-electrical-only-rho0p3-seed1,electrical-only,community-local,1,472,1,8,0,9,eps,20000,20000,0.153707623,0.198579884,0.044872261,true
tl-hoc-v7,v7-community-main-electrical-only-rho0p3-seed1,electrical-only,community-local,1,473,0,9,1,10,eps,20000,20000,0.153722914,0.268201644,0.11447873,true
tl-hoc-v7,v7-community-main-electrical-only-rho0p3-seed1,electrical-only,community-local,1,474,2,10,3,11,eps,20000,20000,0.153809432,0.228977099,0.075167667,true
tl-hoc-v7,v7-community-main-electrical-only-rho0p3-seed1,electrical-only,community-local,1,475,3,11,0,12,eps,20000,20000,0.154425512,0.157457644,0.003032132,true
tl-hoc-v7,v7-community-main-electrical-only-rho0p3-seed1,electrical-only,community-local,1,476,0,12,1,13,eps,20000,20000,0.154547067,0.268416844,0.113869777,true
tl-hoc-v7,v7-community-main-electrical-only-rho0p3-seed1,electrical-only,community-local,1,477,0,13,1,14,eps,20000,20000,0.154767824,0.268481804,0.11371398,true
tl-hoc-v7,v7-community-main-electrical-only-rho0p3-seed1,electrical-only,community-local,1,478,2,14,3,15,eps,20000,20000,0.155117815,0.229196619,0.074078804,true
tl-hoc-v7,v7-community-main-electrical-only-rho0p3-seed1,electrical-only,community-local,1,479,2,15,3,0,eps,20000,20000,0.155169621,0.229360299,0.074190678,true
tl-hoc-v7,v7-community-main-electrical-only-rho0p3-seed1,electrical-only,community-local,1,480,0,0,1,1,eps,20000,20000,0.155291285,0.263830444,0.108539159,true
tl-hoc-v7,v7-community-main-electrical-only-rho0p3-seed1,electrical-only,community-local,1,481,3,1,2,2,eps,20000,20000,0.156017839,0.230309899,0.07429206,true
tl-hoc-v7,v7-community-main-electrical-only-rho0p3-seed1,electrical-only,community-local,1,482,0,2,1,3,eps,20000,20000,0.156744161,0.269731084,0.112986923,true
tl-hoc-v7,v7-community-main-electrical-only-rho0p3-seed1,electrical-only,community-local,1,483,1,3,0,4,eps,20000,20000,0.156985512,0.202742444,0.045756932,true
tl-hoc-v7,v7-community-main-electrical-only-rho0p3-seed1,electrical-only,community-local,1,484,2,4,3,5,eps,20000,20000,0.157089088,0.231885099,0.074796011,true
tl-hoc-v7,v7-community-main-electrical-only-rho0p3-seed1,electrical-only,community-local,1,485,1,5,0,6,eps,20000,20000,0.157796797,0.234048844,0.076252047,true
tl-hoc-v7,v7-community-main-electrical-only-rho0p3-seed1,electrical-only,community-local,1,486,3,6,0,7,eps,20000,20000,0.158026504,0.162018219,0.003991715,true
tl-hoc-v7,v7-community-main-electrical-only-rho0p3-seed1,electrical-only,community-local,1,487,3,7,2,8,eps,20000,20000,0.158161712,0.232319179,0.074157467,true
tl-hoc-v7,v7-community-main-electrical-only-rho0p3-seed1,electrical-only,community-local,1,488,3,8,2,9,eps,20000,20000,0.158912014,0.229111819,0.070199805,true
tl-hoc-v7,v7-community-main-electrical-only-rho0p3-seed1,electrical-only,community-local,1,489,0,9,1,10,eps,20000,20000,0.158988268,0.271153164,0.112164896,true
tl-hoc-v7,v7-community-main-electrical-only-rho0p3-seed1,electrical-only,community-local,1,490,2,10,3,11,eps,20000,20000,0.159559136,0.236176139,0.076617003,true
tl-hoc-v7,v7-community-main-electrical-only-rho0p3-seed1,electrical-only,community-local,1,491,1,11,0,12,eps,20000,20000,0.160167583,0.206517964,0.046350381,true
tl-hoc-v7,v7-community-main-electrical-only-rho0p3-seed1,electrical-only,community-local,1,492,2,12,3,13,eps,20000,20000,0.160414187,0.233860619,0.073446432,true
tl-hoc-v7,v7-community-main-electrical-only-rho0p3-seed1,electrical-only,community-local,1,493,1,13,0,14,eps,20000,20000,0.160473075,0.208231244,0.047758169,true
tl-hoc-v7,v7-community-main-electrical-only-rho0p3-seed1,electrical-only,community-local,1,494,1,14,0,15,eps,20000,20000,0.1614649,0.209545804,0.048080904,true
tl-hoc-v7,v7-community-main-electrical-only-rho0p3-seed1,electrical-only,community-local,1,495,2,15,3,0,eps,20000,20000,0.16148533,0.235716299,0.074230969,true
tl-hoc-v7,v7-community-main-electrical-only-rho0p3-seed1,electrical-only,community-local,1,496,2,0,3,1,eps,20000,20000,0.162210645,0.235346539,0.073135894,true
tl-hoc-v7,v7-community-main-electrical-only-rho0p3-seed1,electrical-only,community-local,1,497,1,1,0,2,eps,20000,20000,0.162495353,0.208686764,0.046191411,true
tl-hoc-v7,v7-community-main-electrical-only-rho0p3-seed1,electrical-only,community-local,1,498,1,2,0,3,eps,20000,20000,0.162654079,0.213487084,0.050833005,true
tl-hoc-v7,v7-community-main-electrical-only-rho0p3-seed1,electrical-only,community-local,1,499,3,3,2,4,eps,20000,20000,0.162995468,0.238060779,0.075065311,true
tl-hoc-v7,v7-community-main-electrical-only-rho0p3-seed1,electrical-only,community-local,1,500,3,4,2,5,eps,20000,20000,0.163041049,0.234521419,0.07148037,true
tl-hoc-v7,v7-community-main-electrical-only-rho0p3-seed1,electrical-only,community-local,1,501,0,5,1,6,eps,20000,20000,0.163215069,0.269796044,0.106580975,true
tl-hoc-v7,v7-community-main-electrical-only-rho0p3-seed1,electrical-only,community-local,1,502,0,6,1,7,eps,20000,20000,0.163361967,0.270002604,0.106640637,true
tl-hoc-v7,v7-community-main-electrical-only-rho0p3-seed1,electrical-only,community-local,1,503,1,7,3,8,eps,20000,20000,0.163416594,0.166402034,0.00298544,true
tl-hoc-v7,v7-community-main-electrical-only-rho0p3-seed1,electrical-only,community-local,1,504,1,8,0,9,eps,20000,20000,0.164063671,0.204022604,0.039958933,true
tl-hoc-v7,v7-community-main-electrical-only-rho0p3-seed1,electrical-only,community-local,1,505,3,9,2,10,eps,20000,20000,0.164099536,0.239258859,0.075159323,true
tl-hoc-v7,v7-community-main-electrical-only-rho0p3-seed1,electrical-only,community-local,1,506,0,10,1,11,eps,20000,20000,0.165119597,0.275239564,0.110119967,true
tl-hoc-v7,v7-community-main-electrical-only-rho0p3-seed1,electrical-only,community-local,1,507,1,11,0,12,eps,20000,20000,0.16518043,0.213603564,0.048423134,true
tl-hoc-v7,v7-community-main-electrical-only-rho0p3-seed1,electrical-only,community-local,1,508,3,12,2,13,eps,20000,20000,0.165373348,0.240620939,0.075247591,true
tl-hoc-v7,v7-community-main-electrical-only-rho0p3-seed1,electrical-only,community-local,1,509,2,13,3,14,eps,20000,20000,0.165431631,0.238138059,0.072706428,true
tl-hoc-v7,v7-community-main-electrical-only-rho0p3-seed1,electrical-only,community-local,1,510,0,14,1,15,eps,20000,20000,0.166136368,0.271690124,0.105553756,true
tl-hoc-v7,v7-community-main-electrical-only-rho0p3-seed1,electrical-only,community-local,1,511,3,15,2,0,eps,20000,20000,0.166353351,0.240801899,0.074448548,true
tl-hoc-v7,v7-community-main-electrical-only-rho0p3-seed1,electrical-only,community-local,1,512,2,0,3,1,eps,20000,20000,0.166523156,0.238979819,0.072456663,true
tl-hoc-v7,v7-community-main-electrical-only-rho0p3-seed1,electrical-only,community-local,1,513,1,1,0,2,eps,20000,20000,0.166630567,0.214157804,0.047527237,true
tl-hoc-v7,v7-community-main-electrical-only-rho0p3-seed1,electrical-only,community-local,1,514,1,2,0,3,eps,20000,20000,0.166648241,0.215926924,0.049278683,true
tl-hoc-v7,v7-community-main-electrical-only-rho0p3-seed1,electrical-only,community-local,1,515,1,3,0,4,eps,20000,20000,0.166698017,0.265171884,0.098473867,true
tl-hoc-v7,v7-community-main-electrical-only-rho0p3-seed1,electrical-only,community-local,1,516,1,4,0,5,eps,20000,20000,0.167200669,0.219427084,0.052226415,true
tl-hoc-v7,v7-community-main-electrical-only-rho0p3-seed1,electrical-only,community-local,1,517,0,5,1,6,eps,20000,20000,0.167266029,0.272321484,0.105055455,true
tl-hoc-v7,v7-community-main-electrical-only-rho0p3-seed1,electrical-only,community-local,1,518,0,6,1,7,eps,20000,20000,0.167557936,0.272386444,0.104828508,true
tl-hoc-v7,v7-community-main-electrical-only-rho0p3-seed1,electrical-only,community-local,1,519,0,7,1,8,eps,20000,20000,0.168435539,0.272974924,0.104539385,true
tl-hoc-v7,v7-community-main-electrical-only-rho0p3-seed1,electrical-only,community-local,1,520,2,8,3,9,eps,20000,20000,0.16847351,0.239474699,0.071001189,true
tl-hoc-v7,v7-community-main-electrical-only-rho0p3-seed1,electrical-only,community-local,1,521,0,9,1,10,eps,20000,20000,0.168674395,0.273194444,0.104520049,true
tl-hoc-v7,v7-community-main-electrical-only-rho0p3-seed1,electrical-only,community-local,1,522,0,10,1,11,eps,20000,20000,0.168730926,0.273426924,0.104695998,true
tl-hoc-v7,v7-community-main-electrical-only-rho0p3-seed1,electrical-only,community-local,1,523,0,11,1,12,eps,20000,20000,0.168851829,0.273491884,0.104640055,true
tl-hoc-v7,v7-community-main-electrical-only-rho0p3-seed1,electrical-only,community-local,1,524,0,12,1,13,eps,20000,20000,0.169333311,0.277286924,0.107953613,true
tl-hoc-v7,v7-community-main-electrical-only-rho0p3-seed1,electrical-only,community-local,1,525,3,13,2,14,eps,20000,20000,0.169661967,0.245227499,0.075565532,true
tl-hoc-v7,v7-community-main-electrical-only-rho0p3-seed1,electrical-only,community-local,1,526,1,14,0,15,eps,20000,20000,0.170075853,0.221556844,0.051480991,true
tl-hoc-v7,v7-community-main-electrical-only-rho0p3-seed1,electrical-only,community-local,1,527,2,15,3,0,eps,20000,20000,0.17014752,0.241059819,0.070912299,true
tl-hoc-v7,v7-community-main-electrical-only-rho0p3-seed1,electrical-only,community-local,1,528,3,0,2,1,eps,20000,20000,0.170171148,0.241749579,0.071578431,true
tl-hoc-v7,v7-community-main-electrical-only-rho0p3-seed1,electrical-only,community-local,1,529,3,1,2,2,eps,20000,20000,0.170876948,0.245739179,0.074862231,true
tl-hoc-v7,v7-community-main-electrical-only-rho0p3-seed1,electrical-only,community-local,1,530,1,2,0,3,eps,20000,20000,0.171005428,0.221875084,0.050869656,true
tl-hoc-v7,v7-community-main-electrical-only-rho0p3-seed1,electrical-only,community-local,1,531,0,3,1,4,eps,20000,20000,0.171314612,0.274226284,0.102911672,true
tl-hoc-v7,v7-community-main-electrical-only-rho0p3-seed1,electrical-only,community-local,1,532,2,4,3,5,eps,20000,20000,0.172349869,0.239306699,0.06695683,true
tl-hoc-v7,v7-community-main-electrical-only-rho0p3-seed1,electrical-only,community-local,1,533,3,5,2,6,eps,20000,20000,0.172529035,0.246856619,0.074327584,true
tl-hoc-v7,v7-community-main-electrical-only-rho0p3-seed1,electrical-only,community-local,1,534,3,6,2,7,eps,20000,20000,0.172601709,0.246791659,0.07418995,true
tl-hoc-v7,v7-community-main-electrical-only-rho0p3-seed1,electrical-only,community-local,1,535,0,7,1,8,eps,20000,20000,0.172662228,0.275304524,0.102642296,true
tl-hoc-v7,v7-community-main-electrical-only-rho0p3-seed1,electrical-only,community-local,1,536,0,8,3,9,eps,20000,20000,0.172988999,0.177136044,0.004147045,true
tl-hoc-v7,v7-community-main-electrical-only-rho0p3-seed1,electrical-only,community-local,1,537,2,9,3,10,eps,20000,20000,0.173008312,0.241923179,0.068914867,true
tl-hoc-v7,v7-community-main-electrical-only-rho0p3-seed1,electrical-only,community-local,1,538,0,10,1,11,eps,20000,20000,0.173141085,0.275562604,0.102421519,true
tl-hoc-v7,v7-community-main-electrical-only-rho0p3-seed1,electrical-only,community-local,1,539,2,11,3,12,eps,20000,20000,0.174452027,0.242919819,0.068467792,true
tl-hoc-v7,v7-community-main-electrical-only-rho0p3-seed1,electrical-only,community-local,1,540,1,12,0,13,eps,20000,20000,0.174944242,0.225387564,0.050443322,true
tl-hoc-v7,v7-community-main-electrical-only-rho0p3-seed1,electrical-only,community-local,1,541,2,13,3,14,eps,20000,20000,0.175022534,0.242989099,0.067966565,true
tl-hoc-v7,v7-community-main-electrical-only-rho0p3-seed1,electrical-only,community-local,1,542,3,14,2,15,eps,20000,20000,0.175315919,0.249812459,0.07449654,true
tl-hoc-v7,v7-community-main-electrical-only-rho0p3-seed1,electrical-only,community-local,1,543,1,15,0,0,eps,20000,20000,0.175509066,0.248177324,0.072668258,true
tl-hoc-v7,v7-community-main-electrical-only-rho0p3-seed1,electrical-only,community-local,1,544,3,0,2,1,eps,20000,20000,0.175825987,0.250036299,0.074210312,true
tl-hoc-v7,v7-community-main-electrical-only-rho0p3-seed1,electrical-only,community-local,1,545,1,1,0,2,eps,20000,20000,0.175954527,0.223786764,0.047832237,true
tl-hoc-v7,v7-community-main-electrical-only-rho0p3-seed1,electrical-only,community-local,1,546,0,2,1,3,eps,20000,20000,0.175994084,0.276056684,0.1000626,true
tl-hoc-v7,v7-community-main-electrical-only-rho0p3-seed1,electrical-only,community-local,1,547,3,3,2,4,eps,20000,20000,0.176119231,0.247751179,0.071631948,true
tl-hoc-v7,v7-community-main-electrical-only-rho0p3-seed1,electrical-only,community-local,1,548,0,4,1,5,eps,20000,20000,0.177821128,0.276357644,0.098536516,true
tl-hoc-v7,v7-community-main-electrical-only-rho0p3-seed1,electrical-only,community-local,1,549,2,5,3,6,eps,20000,20000,0.177881545,0.249429099,0.071547554,true
tl-hoc-v7,v7-community-main-electrical-only-rho0p3-seed1,electrical-only,community-local,1,550,2,6,3,7,eps,20000,20000,0.178088748,0.244281899,0.066193151,true
tl-hoc-v7,v7-community-main-electrical-only-rho0p3-seed1,electrical-only,community-local,1,551,2,7,3,8,eps,20000,20000,0.178425173,0.244346859,0.065921686,true
tl-hoc-v7,v7-community-main-electrical-only-rho0p3-seed1,electrical-only,community-local,1,552,0,8,1,9,eps,20000,20000,0.178437771,0.276826604,0.098388833,true
tl-hoc-v7,v7-community-main-electrical-only-rho0p3-seed1,electrical-only,community-local,1,553,0,9,1,10,eps,20000,20000,0.178535123,0.281575404,0.103040281,true
tl-hoc-v7,v7-community-main-electrical-only-rho0p3-seed1,electrical-only,community-local,1,554,3,10,2,11,eps,20000,20000,0.179215742,0.251199819,0.071984077,true
tl-hoc-v7,v7-community-main-electrical-only-rho0p3-seed1,electrical-only,community-local,1,555,3,11,2,12,eps,20000,20000,0.179265873,0.251264779,0.071998906,true
tl-hoc-v7,v7-community-main-electrical-only-rho0p3-seed1,electrical-only,community-local,1,556,2,12,3,13,eps,20000,20000,0.179271952,0.245047339,0.065775387,true
tl-hoc-v7,v7-community-main-electrical-only-rho0p3-seed1,electrical-only,community-local,1,557,0,13,1,14,eps,20000,20000,0.179662038,0.277127564,0.097465526,true
tl-hoc-v7,v7-community-main-electrical-only-rho0p3-seed1,electrical-only,community-local,1,558,0,14,1,15,eps,20000,20000,0.180344886,0.277351884,0.097006998,true
tl-hoc-v7,v7-community-main-electrical-only-rho0p3-seed1,electrical-only,community-local,1,559,0,15,1,0,eps,20000,20000,0.180491317,0.277421164,0.096929847,true
tl-hoc-v7,v7-community-main-electrical-only-rho0p3-seed1,electrical-only,community-local,1,560,3,0,2,1,eps,20000,20000,0.180659818,0.252850859,0.072191041,true
tl-hoc-v7,v7-community-main-electrical-only-rho0p3-seed1,electrical-only,community-local,1,561,1,1,3,2,eps,20000,20000,0.181322194,0.184319659,0.002997465,true
tl-hoc-v7,v7-community-main-electrical-only-rho0p3-seed1,electrical-only,community-local,1,562,1,2,0,3,eps,20000,20000,0.182219539,0.229450604,0.047231065,true
tl-hoc-v7,v7-community-main-electrical-only-rho0p3-seed1,electrical-only,community-local,1,563,2,3,1,4,eps,20000,20000,0.182419278,0.185561579,0.003142301,true
tl-hoc-v7,v7-community-main-electrical-only-rho0p3-seed1,electrical-only,community-local,1,564,2,4,3,5,eps,20000,20000,0.183648787,0.245940619,0.062291832,true
tl-hoc-v7,v7-community-main-electrical-only-rho0p3-seed1,electrical-only,community-local,1,565,0,5,2,6,eps,20000,20000,0.184047827,0.187882284,0.003834457,true
tl-hoc-v7,v7-community-main-electrical-only-rho0p3-seed1,electrical-only,community-local,1,566,0,6,1,7,eps,20000,20000,0.184514774,0.278443084,0.09392831,true
tl-hoc-v7,v7-community-main-electrical-only-rho0p3-seed1,electrical-only,community-local,1,567,2,7,3,8,eps,20000,20000,0.184802179,0.246714379,0.0619122,true
tl-hoc-v7,v7-community-main-electrical-only-rho0p3-seed1,electrical-only,community-local,1,568,3,8,0,9,eps,20000,20000,0.184850369,0.188940524,0.004090155,true
tl-hoc-v7,v7-community-main-electrical-only-rho0p3-seed1,electrical-only,community-local,1,569,3,9,2,10,eps,20000,20000,0.185399933,0.255093419,0.069693486,true
tl-hoc-v7,v7-community-main-electrical-only-rho0p3-seed1,electrical-only,community-local,1,570,0,10,1,11,eps,20000,20000,0.185436787,0.278662604,0.093225817,true
tl-hoc-v7,v7-community-main-electrical-only-rho0p3-seed1,electrical-only,community-local,1,571,0,11,1,12,eps,20000,20000,0.185573033,0.278727564,0.093154531,true
tl-hoc-v7,v7-community-main-electrical-only-rho0p3-seed1,electrical-only,community-local,1,572,2,12,3,13,eps,20000,20000,0.185850016,0.250192139,0.064342123,true
tl-hoc-v7,v7-community-main-electrical-only-rho0p3-seed1,electrical-only,community-local,1,573,3,13,2,14,eps,20000,20000,0.186174822,0.254821899,0.068647077,true
tl-hoc-v7,v7-community-main-electrical-only-rho0p3-seed1,electrical-only,community-local,1,574,3,14,2,15,eps,20000,20000,0.186379047,0.255028459,0.068649412,true
tl-hoc-v7,v7-community-main-electrical-only-rho0p3-seed1,electrical-only,community-local,1,575,3,15,2,0,eps,20000,20000,0.186937671,0.255158379,0.068220708,true
tl-hoc-v7,v7-community-main-electrical-only-rho0p3-seed1,electrical-only,community-local,1,576,1,0,0,1,eps,20000,20000,0.187032793,0.237503084,0.050470291,true
tl-hoc-v7,v7-community-main-electrical-only-rho0p3-seed1,electrical-only,community-local,1,577,0,1,1,2,eps,20000,20000,0.187215962,0.278934124,0.091718162,true
tl-hoc-v7,v7-community-main-electrical-only-rho0p3-seed1,electrical-only,community-local,1,578,2,2,3,3,eps,20000,20000,0.187761927,0.247367339,0.059605412,true
tl-hoc-v7,v7-community-main-electrical-only-rho0p3-seed1,electrical-only,community-local,1,579,2,3,3,4,eps,20000,20000,0.188026709,0.247440939,0.05941423,true
tl-hoc-v7,v7-community-main-electrical-only-rho0p3-seed1,electrical-only,community-local,1,580,1,4,0,5,eps,20000,20000,0.188121505,0.233983884,0.045862379,true
tl-hoc-v7,v7-community-main-electrical-only-rho0p3-seed1,electrical-only,community-local,1,581,3,5,2,6,eps,20000,20000,0.188125115,0.255364939,0.067239824,true
tl-hoc-v7,v7-community-main-electrical-only-rho0p3-seed1,electrical-only,community-local,1,582,3,6,2,7,eps,20000,20000,0.188219643,0.255571499,0.067351856,true
tl-hoc-v7,v7-community-main-electrical-only-rho0p3-seed1,electrical-only,community-local,1,583,1,7,0,8,eps,20000,20000,0.188315479,0.237094764,0.048779285,true
tl-hoc-v7,v7-community-main-electrical-only-rho0p3-seed1,electrical-only,community-local,1,584,2,8,3,9,eps,20000,20000,0.188634311,0.246357579,0.057723268,true
tl-hoc-v7,v7-community-main-electrical-only-rho0p3-seed1,electrical-only,community-local,1,585,3,9,2,10,eps,20000,20000,0.188735551,0.255919659,0.067184108,true
tl-hoc-v7,v7-community-main-electrical-only-rho0p3-seed1,electrical-only,community-local,1,586,2,10,0,11,eps,20000,20000,0.18898319,0.192473872,0.003490682,true
tl-hoc-v7,v7-community-main-electrical-only-rho0p3-seed1,electrical-only,community-local,1,587,0,11,1,12,eps,20000,20000,0.189142672,0.279140684,0.089998012,true
tl-hoc-v7,v7-community-main-electrical-only-rho0p3-seed1,electrical-only,community-local,1,588,0,12,1,13,eps,20000,20000,0.189154924,0.279205644,0.09005072,true
tl-hoc-v7,v7-community-main-electrical-only-rho0p3-seed1,electrical-only,community-local,1,589,3,13,2,14,eps,20000,20000,0.189773383,0.258652939,0.068879556,true
tl-hoc-v7,v7-community-main-electrical-only-rho0p3-seed1,electrical-only,community-local,1,590,3,14,1,15,eps,20000,20000,0.189972641,0.192954604,0.002981963,true
tl-hoc-v7,v7-community-main-electrical-only-rho0p3-seed1,electrical-only,community-local,1,591,0,15,1,0,eps,20000,20000,0.191222622,0.279477164,0.088254542,true
tl-hoc-v7,v7-community-main-electrical-only-rho0p3-seed1,electrical-only,community-local,1,592,0,0,1,1,eps,20000,20000,0.191242343,0.279412204,0.088169861,true
tl-hoc-v7,v7-community-main-electrical-only-rho0p3-seed1,electrical-only,community-local,1,593,1,1,0,2,eps,20000,20000,0.191301689,0.236982604,0.045680915,true
tl-hoc-v7,v7-community-main-electrical-only-rho0p3-seed1,electrical-only,community-local,1,594,0,2,1,3,eps,20000,20000,0.191368896,0.279550764,0.088181868,true
tl-hoc-v7,v7-community-main-electrical-only-rho0p3-seed1,electrical-only,community-local,1,595,1,3,0,4,eps,20000,20000,0.191628677,0.239340684,0.047712007,true
tl-hoc-v7,v7-community-main-electrical-only-rho0p3-seed1,electrical-only,community-local,1,596,1,4,0,5,eps,20000,20000,0.191734815,0.239461484,0.047726669,true
tl-hoc-v7,v7-community-main-electrical-only-rho0p3-seed1,electrical-only,community-local,1,597,1,5,0,6,eps,20000,20000,0.191961406,0.241172044,0.049210638,true
tl-hoc-v7,v7-community-main-electrical-only-rho0p3-seed1,electrical-only,community-local,1,598,0,6,1,7,eps,20000,20000,0.192402754,0.279615724,0.08721297,true
tl-hoc-v7,v7-community-main-electrical-only-rho0p3-seed1,electrical-only,community-local,1,599,1,7,0,8,eps,20000,20000,0.192470843,0.241020044,0.048549201,true
tl-hoc-v7,v7-community-main-electrical-only-rho0p3-seed1,electrical-only,community-local,1,600,2,8,3,9,eps,20000,20000,0.19331567,0.248385739,0.055070069,true
tl-hoc-v7,v7-community-main-electrical-only-rho0p3-seed1,electrical-only,community-local,1,601,3,9,2,10,eps,20000,20000,0.193675335,0.256932939,0.063257604,true
tl-hoc-v7,v7-community-main-electrical-only-rho0p3-seed1,electrical-only,community-local,1,602,2,10,3,11,eps,20000,20000,0.19406581,0.248467979,0.054402169,true
tl-hoc-v7,v7-community-main-electrical-only-rho0p3-seed1,electrical-only,community-local,1,603,3,11,2,12,eps,20000,20000,0.194127152,0.259331499,0.065204347,true
tl-hoc-v7,v7-community-main-electrical-only-rho0p3-seed1,electrical-only,community-local,1,604,3,12,2,13,eps,20000,20000,0.194513011,0.257139499,0.062626488,true
tl-hoc-v7,v7-community-main-electrical-only-rho0p3-seed1,electrical-only,community-local,1,605,0,13,1,14,eps,20000,20000,0.194819948,0.279779404,0.084959456,true
tl-hoc-v7,v7-community-main-electrical-only-rho0p3-seed1,electrical-only,community-local,1,606,2,14,3,15,eps,20000,20000,0.195174647,0.248893579,0.053718932,true
tl-hoc-v7,v7-community-main-electrical-only-rho0p3-seed1,electrical-only,community-local,1,607,1,15,3,0,eps,20000,20000,0.195417706,0.198770219,0.003352513,true
tl-hoc-v7,v7-community-main-electrical-only-rho0p3-seed1,electrical-only,community-local,1,608,1,0,0,1,eps,20000,20000,0.195441711,0.240726924,0.045285213,true
tl-hoc-v7,v7-community-main-electrical-only-rho0p3-seed1,electrical-only,community-local,1,609,1,1,0,2,eps,20000,20000,0.195655759,0.241619084,0.045963325,true
tl-hoc-v7,v7-community-main-electrical-only-rho0p3-seed1,electrical-only,community-local,1,610,1,2,2,3,eps,20000,20000,0.195876789,0.199673484,0.003796695,true
tl-hoc-v7,v7-community-main-electrical-only-rho0p3-seed1,electrical-only,community-local,1,611,1,3,0,4,eps,20000,20000,0.196197478,0.241352364,0.045154886,true
tl-hoc-v7,v7-community-main-electrical-only-rho0p3-seed1,electrical-only,community-local,1,612,1,4,0,5,eps,20000,20000,0.196232865,0.240847724,0.044614859,true
tl-hoc-v7,v7-community-main-electrical-only-rho0p3-seed1,electrical-only,community-local,1,613,2,5,3,6,eps,20000,20000,0.196242424,0.249147659,0.052905235,true
tl-hoc-v7,v7-community-main-electrical-only-rho0p3-seed1,electrical-only,community-local,1,614,1,6,2,7,eps,20000,20000,0.196265887,0.200184844,0.003918957,true
tl-hoc-v7,v7-community-main-electrical-only-rho0p3-seed1,electrical-only,community-local,1,615,3,7,2,8,eps,20000,20000,0.196423026,0.257278059,0.060855033,true
tl-hoc-v7,v7-community-main-electrical-only-rho0p3-seed1,electrical-only,community-local,1,616,3,8,2,9,eps,20000,20000,0.196917051,0.257213099,0.060296048,true
tl-hoc-v7,v7-community-main-electrical-only-rho0p3-seed1,electrical-only,community-local,1,617,0,9,1,10,eps,20000,20000,0.197091311,0.279844364,0.082753053,true
tl-hoc-v7,v7-community-main-electrical-only-rho0p3-seed1,electrical-only,community-local,1,618,2,10,3,11,eps,20000,20000,0.1980022,0.249264139,0.051261939,true
tl-hoc-v7,v7-community-main-electrical-only-rho0p3-seed1,electrical-only,community-local,1,619,3,11,2,12,eps,20000,20000,0.198255778,0.257343019,0.059087241,true
tl-hoc-v7,v7-community-main-electrical-only-rho0p3-seed1,electrical-only,community-local,1,620,3,12,2,13,eps,20000,20000,0.198452888,0.259830219,0.061377331,true
tl-hoc-v7,v7-community-main-electrical-only-rho0p3-seed1,electrical-only,community-local,1,621,3,13,2,14,eps,20000,20000,0.198585793,0.257549579,0.058963786,true
tl-hoc-v7,v7-community-main-electrical-only-rho0p3-seed1,electrical-only,community-local,1,622,1,14,0,15,eps,20000,20000,0.198726357,0.240565964,0.041839607,true
tl-hoc-v7,v7-community-main-electrical-only-rho0p3-seed1,electrical-only,community-local,1,623,1,15,0,0,eps,20000,20000,0.198742566,0.240470764,0.041728198,true
tl-hoc-v7,v7-community-main-electrical-only-rho0p3-seed1,electrical-only,community-local,1,624,0,0,1,1,eps,20000,20000,0.198941002,0.279909324,0.080968322,true
tl-hoc-v7,v7-community-main-electrical-only-rho0p3-seed1,electrical-only,community-local,1,625,1,1,0,2,eps,20000,20000,0.199719478,0.242336524,0.042617046,true
