experiment,scheme,traffic_pattern,run_id,flow_id,source_tor,source_server,destination_tor,destination_server,path_type,size_bytes,received_bytes,start_time_s,completion_time_s,fct_s,completed
phase15h-r4-cross-community-distractor-replay-ocs-volume-seed1401-load0p7,ocs-volume,cross-community-distractor-replay,1401,0,0,0,1,0,eps,630000,630000,0.0041,0.00921478,0.00511478,true
phase15h-r4-cross-community-distractor-replay-ocs-volume-seed1401-load0p7,ocs-volume,cross-community-distractor-replay,1401,1,1,0,2,0,eps,630000,630000,0.00412,0.008649246,0.004529246,true
phase15h-r4-cross-community-distractor-replay-ocs-volume-seed1401-load0p7,ocs-volume,cross-community-distractor-replay,1401,2,4,0,5,0,eps,630000,630000,0.00414,0.008944704,0.004804704,true
phase15h-r4-cross-community-distractor-replay-ocs-volume-seed1401-load0p7,ocs-volume,cross-community-distractor-replay,1401,3,5,0,6,0,eps,630000,630000,0.00416,0.009414396,0.005254396,true
phase15h-r4-cross-community-distractor-replay-ocs-volume-seed1401-load0p7,ocs-volume,cross-community-distractor-replay,1401,4,2,0,3,0,eps,630000,630000,0.00418,0.00952888,0.00534888,true
phase15h-r4-cross-community-distractor-replay-ocs-volume-seed1401-load0p7,ocs-volume,cross-community-distractor-replay,1401,5,6,0,7,0,eps,630000,630000,0.0042,0.008905011,0.004705011,true
phase15h-r4-cross-community-distractor-replay-ocs-volume-seed1401-load0p7,ocs-volume,cross-community-distractor-replay,1401,6,3,0,4,0,eps,792000,792000,0.00422,0.012364321,0.008144321,true
phase15h-r4-cross-community-distractor-replay-ocs-volume-seed1401-load0p7,ocs-volume,cross-community-distractor-replay,1401,7,0,0,4,0,eps,348000,348000,0.00424,0.0079391,0.0036991,true
phase15h-r4-cross-community-distractor-replay-ocs-volume-seed1401-load0p7,ocs-volume,cross-community-distractor-replay,1401,8,1,0,5,0,eps,312000,312000,0.00426,0.007244281,0.002984281,true
phase15h-r4-cross-community-distractor-replay-ocs-volume-seed1401-load0p7,ocs-volume,cross-community-distractor-replay,1401,9,2,0,6,0,eps,300000,300000,0.00428,0.007540017,0.003260017,true
phase15h-r4-cross-community-distractor-replay-ocs-volume-seed1401-load0p7,ocs-volume,cross-community-distractor-replay,1401,10,0,0,1,0,eps,630000,630000,0.0043,0.009521657,0.005221657,true
phase15h-r4-cross-community-distractor-replay-ocs-volume-seed1401-load0p7,ocs-volume,cross-community-distractor-replay,1401,11,1,0,2,0,eps,630000,630000,0.00432,0.008917661,0.004597661,true
phase15h-r4-cross-community-distractor-replay-ocs-volume-seed1401-load0p7,ocs-volume,cross-community-distractor-replay,1401,12,4,0,5,0,eps,630000,630000,0.00434,0.009251745,0.004911745,true
phase15h-r4-cross-community-distractor-replay-ocs-volume-seed1401-load0p7,ocs-volume,cross-community-distractor-replay,1401,13,5,0,6,0,eps,630000,630000,0.00436,0.009701145,0.005341145,true
phase15h-r4-cross-community-distractor-replay-ocs-volume-seed1401-load0p7,ocs-volume,cross-community-distractor-replay,1401,14,2,0,3,0,eps,630000,630000,0.00438,0.009858991,0.005478991,true
phase15h-r4-cross-community-distractor-replay-ocs-volume-seed1401-load0p7,ocs-volume,cross-community-distractor-replay,1401,15,6,0,7,0,eps,630000,630000,0.0044,0.009182155,0.004782155,true
phase15h-r4-cross-community-distractor-replay-ocs-volume-seed1401-load0p7,ocs-volume,cross-community-distractor-replay,1401,16,3,0,4,0,eps,792000,792000,0.00442,0.013048491,0.008628491,true
phase15h-r4-cross-community-distractor-replay-ocs-volume-seed1401-load0p7,ocs-volume,cross-community-distractor-replay,1401,17,0,0,4,0,eps,348000,348000,0.00444,0.008293504,0.003853504,true
phase15h-r4-cross-community-distractor-replay-ocs-volume-seed1401-load0p7,ocs-volume,cross-community-distractor-replay,1401,18,1,0,5,0,eps,312000,312000,0.00446,0.00746583,0.00300583,true
phase15h-r4-cross-community-distractor-replay-ocs-volume-seed1401-load0p7,ocs-volume,cross-community-distractor-replay,1401,19,2,0,6,0,eps,300000,300000,0.00448,0.007898641,0.003418641,true
phase15h-r4-cross-community-distractor-replay-ocs-volume-seed1401-load0p7,ocs-volume,cross-community-distractor-replay,1401,20,0,0,1,0,eps,630000,630000,0.0045,0.009754394,0.005254394,true
phase15h-r4-cross-community-distractor-replay-ocs-volume-seed1401-load0p7,ocs-volume,cross-community-distractor-replay,1401,21,1,0,2,0,eps,630000,630000,0.00452,0.009173777,0.004653777,true
phase15h-r4-cross-community-distractor-replay-ocs-volume-seed1401-load0p7,ocs-volume,cross-community-distractor-replay,1401,22,4,0,5,0,eps,630000,630000,0.00454,0.009542012,0.005002012,true
phase15h-r4-cross-community-distractor-replay-ocs-volume-seed1401-load0p7,ocs-volume,cross-community-distractor-replay,1401,23,5,0,6,0,eps,630000,630000,0.00456,0.010095396,0.005535396,true
phase15h-r4-cross-community-distractor-replay-ocs-volume-seed1401-load0p7,ocs-volume,cross-community-distractor-replay,1401,24,2,0,3,0,eps,630000,630000,0.00458,0.010241884,0.005661884,true
phase15h-r4-cross-community-distractor-replay-ocs-volume-seed1401-load0p7,ocs-volume,cross-community-distractor-replay,1401,25,6,0,7,0,eps,630000,630000,0.0046,0.009448958,0.004848958,true
phase15h-r4-cross-community-distractor-replay-ocs-volume-seed1401-load0p7,ocs-volume,cross-community-distractor-replay,1401,26,3,0,4,0,eps,792000,792000,0.00462,0.013625165,0.009005165,true
phase15h-r4-cross-community-distractor-replay-ocs-volume-seed1401-load0p7,ocs-volume,cross-community-distractor-replay,1401,27,0,0,4,0,eps,348000,348000,0.00464,0.008635426,0.003995426,true
phase15h-r4-cross-community-distractor-replay-ocs-volume-seed1401-load0p7,ocs-volume,cross-community-distractor-replay,1401,28,1,0,5,0,eps,312000,312000,0.00466,0.00767953,0.00301953,true
phase15h-r4-cross-community-distractor-replay-ocs-volume-seed1401-load0p7,ocs-volume,cross-community-distractor-replay,1401,29,2,0,6,0,eps,300000,300000,0.00468,0.00822689,0.00354689,true
phase15h-r4-cross-community-distractor-replay-ocs-volume-seed1401-load0p7,ocs-volume,cross-community-distractor-replay,1401,30,0,0,1,0,eps,3480000,1940320,0.0051,,,false
phase15h-r4-cross-community-distractor-replay-ocs-volume-seed1401-load0p7,ocs-volume,cross-community-distractor-replay,1401,31,1,0,2,0,ocs,3480000,3480000,0.00512,0.01292249,0.00780249,true
phase15h-r4-cross-community-distractor-replay-ocs-volume-seed1401-load0p7,ocs-volume,cross-community-distractor-replay,1401,32,4,0,5,0,ocs,2520000,2520000,0.00514,0.011730845,0.006590845,true
phase15h-r4-cross-community-distractor-replay-ocs-volume-seed1401-load0p7,ocs-volume,cross-community-distractor-replay,1401,33,5,0,6,0,eps,1386000,1386000,0.00516,0.037647106,0.032487106,true
phase15h-r4-cross-community-distractor-replay-ocs-volume-seed1401-load0p7,ocs-volume,cross-community-distractor-replay,1401,34,2,0,3,0,eps,2520000,1581736,0.00518,,,false
phase15h-r4-cross-community-distractor-replay-ocs-volume-seed1401-load0p7,ocs-volume,cross-community-distractor-replay,1401,35,6,0,7,0,ocs,4320000,4320000,0.0052,0.013321745,0.008121745,true
phase15h-r4-cross-community-distractor-replay-ocs-volume-seed1401-load0p7,ocs-volume,cross-community-distractor-replay,1401,36,3,0,4,0,eps,1425600,1425600,0.00522,0.040471698,0.035251698,true
phase15h-r4-cross-community-distractor-replay-ocs-volume-seed1401-load0p7,ocs-volume,cross-community-distractor-replay,1401,37,0,0,4,0,eps,1392000,1392000,0.00524,0.044555079,0.039315079,true
phase15h-r4-cross-community-distractor-replay-ocs-volume-seed1401-load0p7,ocs-volume,cross-community-distractor-replay,1401,38,1,0,5,0,eps,1248000,1248000,0.00526,0.012107642,0.006847642,true
phase15h-r4-cross-community-distractor-replay-ocs-volume-seed1401-load0p7,ocs-volume,cross-community-distractor-replay,1401,39,2,0,6,0,eps,1200000,1200000,0.00528,0.033707412,0.028427412,true
phase15h-r4-cross-community-distractor-replay-ocs-volume-seed1401-load0p7,ocs-volume,cross-community-distractor-replay,1401,40,0,0,1,0,eps,3480000,1871712,0.0053,,,false
phase15h-r4-cross-community-distractor-replay-ocs-volume-seed1401-load0p7,ocs-volume,cross-community-distractor-replay,1401,41,1,0,2,0,ocs,3480000,3480000,0.00532,0.013189321,0.007869321,true
phase15h-r4-cross-community-distractor-replay-ocs-volume-seed1401-load0p7,ocs-volume,cross-community-distractor-replay,1401,42,4,0,5,0,ocs,2520000,2520000,0.00534,0.011979321,0.006639321,true
phase15h-r4-cross-community-distractor-replay-ocs-volume-seed1401-load0p7,ocs-volume,cross-community-distractor-replay,1401,43,5,0,6,0,eps,1386000,1386000,0.00536,0.040112867,0.034752867,true
phase15h-r4-cross-community-distractor-replay-ocs-volume-seed1401-load0p7,ocs-volume,cross-community-distractor-replay,1401,44,2,0,3,0,eps,2520000,1547432,0.00538,,,false
phase15h-r4-cross-community-distractor-replay-ocs-volume-seed1401-load0p7,ocs-volume,cross-community-distractor-replay,1401,45,6,0,7,0,ocs,4320000,4320000,0.0054,0.0136845,0.0082845,true
phase15h-r4-cross-community-distractor-replay-ocs-volume-seed1401-load0p7,ocs-volume,cross-community-distractor-replay,1401,46,3,0,4,0,eps,1425600,1425600,0.00542,0.043181482,0.037761482,true
phase15h-r4-cross-community-distractor-replay-ocs-volume-seed1401-load0p7,ocs-volume,cross-community-distractor-replay,1401,47,0,0,4,0,eps,1392000,1142752,0.00544,,,false
phase15h-r4-cross-community-distractor-replay-ocs-volume-seed1401-load0p7,ocs-volume,cross-community-distractor-replay,1401,48,1,0,5,0,eps,1248000,1248000,0.00546,0.012433453,0.006973453,true
phase15h-r4-cross-community-distractor-replay-ocs-volume-seed1401-load0p7,ocs-volume,cross-community-distractor-replay,1401,49,2,0,6,0,eps,1200000,1200000,0.00548,0.035465048,0.029985048,true
phase15h-r4-cross-community-distractor-replay-ocs-volume-seed1401-load0p7,ocs-volume,cross-community-distractor-replay,1401,50,0,0,1,0,eps,3480000,1819720,0.0055,,,false
phase15h-r4-cross-community-distractor-replay-ocs-volume-seed1401-load0p7,ocs-volume,cross-community-distractor-replay,1401,51,1,0,2,0,ocs,3480000,3480000,0.00552,0.013183691,0.007663691,true
phase15h-r4-cross-community-distractor-replay-ocs-volume-seed1401-load0p7,ocs-volume,cross-community-distractor-replay,1401,52,4,0,5,0,ocs,2520000,2520000,0.00554,0.012321419,0.006781419,true
phase15h-r4-cross-community-distractor-replay-ocs-volume-seed1401-load0p7,ocs-volume,cross-community-distractor-replay,1401,53,5,0,6,0,eps,1386000,1386000,0.00556,0.042762151,0.037202151,true
phase15h-r4-cross-community-distractor-replay-ocs-volume-seed1401-load0p7,ocs-volume,cross-community-distractor-replay,1401,54,2,0,3,0,eps,2520000,1510448,0.00558,,,false
phase15h-r4-cross-community-distractor-replay-ocs-volume-seed1401-load0p7,ocs-volume,cross-community-distractor-replay,1401,55,6,0,7,0,ocs,4320000,4320000,0.0056,0.013997796,0.008397796,true
phase15h-r4-cross-community-distractor-replay-ocs-volume-seed1401-load0p7,ocs-volume,cross-community-distractor-replay,1401,56,3,0,4,0,eps,1425600,1425600,0.00562,0.046045294,0.040425294,true
phase15h-r4-cross-community-distractor-replay-ocs-volume-seed1401-load0p7,ocs-volume,cross-community-distractor-replay,1401,57,0,0,4,0,eps,1392000,1392000,0.00564,0.04946793,0.04382793,true
phase15h-r4-cross-community-distractor-replay-ocs-volume-seed1401-load0p7,ocs-volume,cross-community-distractor-replay,1401,58,1,0,5,0,eps,1248000,1248000,0.00566,0.012631387,0.006971387,true
phase15h-r4-cross-community-distractor-replay-ocs-volume-seed1401-load0p7,ocs-volume,cross-community-distractor-replay,1401,59,2,0,6,0,eps,1200000,1200000,0.00568,0.038159401,0.032479401,true
phase15h-r4-cross-community-distractor-replay-ocs-volume-seed1401-load0p7,ocs-volume,cross-community-distractor-replay,1401,60,0,0,1,0,eps,630000,630000,0.0091,0.02165004,0.01255004,true
phase15h-r4-cross-community-distractor-replay-ocs-volume-seed1401-load0p7,ocs-volume,cross-community-distractor-replay,1401,61,1,0,2,0,ocs,630000,630000,0.00912,0.012951851,0.003831851,true
phase15h-r4-cross-community-distractor-replay-ocs-volume-seed1401-load0p7,ocs-volume,cross-community-distractor-replay,1401,62,4,0,5,0,ocs,630000,630000,0.00914,0.013106254,0.003966254,true
phase15h-r4-cross-community-distractor-replay-ocs-volume-seed1401-load0p7,ocs-volume,cross-community-distractor-replay,1401,63,5,0,6,0,eps,630000,630000,0.00916,0.024675925,0.015515925,true
phase15h-r4-cross-community-distractor-replay-ocs-volume-seed1401-load0p7,ocs-volume,cross-community-distractor-replay,1401,64,2,0,3,0,eps,630000,630000,0.00918,0.024386394,0.015206394,true
phase15h-r4-cross-community-distractor-replay-ocs-volume-seed1401-load0p7,ocs-volume,cross-community-distractor-replay,1401,65,6,0,7,0,ocs,630000,630000,0.0092,0.013024151,0.003824151,true
phase15h-r4-cross-community-distractor-replay-ocs-volume-seed1401-load0p7,ocs-volume,cross-community-distractor-replay,1401,66,3,0,4,0,eps,792000,792000,0.00922,0.030530217,0.021310217,true
phase15h-r4-cross-community-distractor-replay-ocs-volume-seed1401-load0p7,ocs-volume,cross-community-distractor-replay,1401,67,0,0,4,0,eps,348000,291048,0.00924,,,false
phase15h-r4-cross-community-distractor-replay-ocs-volume-seed1401-load0p7,ocs-volume,cross-community-distractor-replay,1401,68,1,0,5,0,eps,312000,312000,0.00926,0.012747208,0.003487208,true
phase15h-r4-cross-community-distractor-replay-ocs-volume-seed1401-load0p7,ocs-volume,cross-community-distractor-replay,1401,69,2,0,6,0,eps,300000,300000,0.00928,0.015443682,0.006163682,true
phase15h-r4-cross-community-distractor-replay-ocs-volume-seed1401-load0p7,ocs-volume,cross-community-distractor-replay,1401,70,0,0,1,0,eps,630000,630000,0.0093,0.022311613,0.013011613,true
phase15h-r4-cross-community-distractor-replay-ocs-volume-seed1401-load0p7,ocs-volume,cross-community-distractor-replay,1401,71,1,0,2,0,ocs,630000,630000,0.00932,0.013277439,0.003957439,true
phase15h-r4-cross-community-distractor-replay-ocs-volume-seed1401-load0p7,ocs-volume,cross-community-distractor-replay,1401,72,4,0,5,0,ocs,630000,630000,0.00934,0.013351313,0.004011313,true
phase15h-r4-cross-community-distractor-replay-ocs-volume-seed1401-load0p7,ocs-volume,cross-community-distractor-replay,1401,73,5,0,6,0,eps,630000,630000,0.00936,0.025417864,0.016057864,true
phase15h-r4-cross-community-distractor-replay-ocs-volume-seed1401-load0p7,ocs-volume,cross-community-distractor-replay,1401,74,2,0,3,0,eps,630000,630000,0.00938,0.024804022,0.015424022,true
phase15h-r4-cross-community-distractor-replay-ocs-volume-seed1401-load0p7,ocs-volume,cross-community-distractor-replay,1401,75,6,0,7,0,ocs,630000,630000,0.0094,0.0132468,0.0038468,true
phase15h-r4-cross-community-distractor-replay-ocs-volume-seed1401-load0p7,ocs-volume,cross-community-distractor-replay,1401,76,3,0,4,0,eps,792000,792000,0.00942,0.03299262,0.02357262,true
phase15h-r4-cross-community-distractor-replay-ocs-volume-seed1401-load0p7,ocs-volume,cross-community-distractor-replay,1401,77,0,0,4,0,eps,348000,348000,0.00944,0.01651792,0.00707792,true
phase15h-r4-cross-community-distractor-replay-ocs-volume-seed1401-load0p7,ocs-volume,cross-community-distractor-replay,1401,78,1,0,5,0,eps,312000,312000,0.00946,0.012931843,0.003471843,true
phase15h-r4-cross-community-distractor-replay-ocs-volume-seed1401-load0p7,ocs-volume,cross-community-distractor-replay,1401,79,2,0,6,0,eps,300000,300000,0.00948,0.015771701,0.006291701,true
phase15h-r4-cross-community-distractor-replay-ocs-volume-seed1401-load0p7,ocs-volume,cross-community-distractor-replay,1401,80,0,0,1,0,eps,630000,630000,0.0095,0.022939993,0.013439993,true
phase15h-r4-cross-community-distractor-replay-ocs-volume-seed1401-load0p7,ocs-volume,cross-community-distractor-replay,1401,81,1,0,2,0,ocs,630000,630000,0.00952,0.013273749,0.003753749,true
phase15h-r4-cross-community-distractor-replay-ocs-volume-seed1401-load0p7,ocs-volume,cross-community-distractor-replay,1401,82,4,0,5,0,ocs,630000,630000,0.00954,0.013477176,0.003937176,true
phase15h-r4-cross-community-distractor-replay-ocs-volume-seed1401-load0p7,ocs-volume,cross-community-distractor-replay,1401,83,5,0,6,0,eps,630000,630000,0.00956,0.026066673,0.016506673,true
phase15h-r4-cross-community-distractor-replay-ocs-volume-seed1401-load0p7,ocs-volume,cross-community-distractor-replay,1401,84,2,0,3,0,eps,630000,630000,0.00958,0.025612923,0.016032923,true
phase15h-r4-cross-community-distractor-replay-ocs-volume-seed1401-load0p7,ocs-volume,cross-community-distractor-replay,1401,85,6,0,7,0,ocs,630000,630000,0.0096,0.013407738,0.003807738,true
phase15h-r4-cross-community-distractor-replay-ocs-volume-seed1401-load0p7,ocs-volume,cross-community-distractor-replay,1401,86,3,0,4,0,eps,792000,792000,0.00962,0.031934492,0.022314492,true
phase15h-r4-cross-community-distractor-replay-ocs-volume-seed1401-load0p7,ocs-volume,cross-community-distractor-replay,1401,87,0,0,4,0,eps,348000,348000,0.00964,0.016616521,0.006976521,true
phase15h-r4-cross-community-distractor-replay-ocs-volume-seed1401-load0p7,ocs-volume,cross-community-distractor-replay,1401,88,1,0,5,0,eps,312000,312000,0.00966,0.013146028,0.003486028,true
phase15h-r4-cross-community-distractor-replay-ocs-volume-seed1401-load0p7,ocs-volume,cross-community-distractor-replay,1401,89,2,0,6,0,eps,300000,300000,0.00968,0.015766637,0.006086637,true
phase15h-r4-cross-community-distractor-replay-ocs-volume-seed1401-load0p7,ocs-volume,cross-community-distractor-replay,1401,90,0,0,1,0,eps,3480000,1134712,0.0101,,,false
phase15h-r4-cross-community-distractor-replay-ocs-volume-seed1401-load0p7,ocs-volume,cross-community-distractor-replay,1401,91,1,0,2,0,ocs,3480000,3480000,0.01012,0.018502882,0.008382882,true
phase15h-r4-cross-community-distractor-replay-ocs-volume-seed1401-load0p7,ocs-volume,cross-community-distractor-replay,1401,92,4,0,5,0,ocs,2520000,2520000,0.01014,0.037146473,0.027006473,true
phase15h-r4-cross-community-distractor-replay-ocs-volume-seed1401-load0p7,ocs-volume,cross-community-distractor-replay,1401,93,5,0,6,0,eps,1386000,1001248,0.01016,,,false
phase15h-r4-cross-community-distractor-replay-ocs-volume-seed1401-load0p7,ocs-volume,cross-community-distractor-replay,1401,94,2,0,3,0,eps,2520000,1024832,0.01018,,,false
phase15h-r4-cross-community-distractor-replay-ocs-volume-seed1401-load0p7,ocs-volume,cross-community-distractor-replay,1401,95,6,0,7,0,ocs,4320000,4320000,0.0102,0.019539941,0.009339941,true
phase15h-r4-cross-community-distractor-replay-ocs-volume-seed1401-load0p7,ocs-volume,cross-community-distractor-replay,1401,96,3,0,4,0,eps,1425600,1043056,0.01022,,,false
phase15h-r4-cross-community-distractor-replay-ocs-volume-seed1401-load0p7,ocs-volume,cross-community-distractor-replay,1401,97,0,0,4,0,eps,1392000,1026440,0.01024,,,false
phase15h-r4-cross-community-distractor-replay-ocs-volume-seed1401-load0p7,ocs-volume,cross-community-distractor-replay,1401,98,1,0,5,0,eps,1248000,1248000,0.01026,0.017477036,0.007217036,true
phase15h-r4-cross-community-distractor-replay-ocs-volume-seed1401-load0p7,ocs-volume,cross-community-distractor-replay,1401,99,2,0,6,0,eps,1200000,973376,0.01028,,,false
phase15h-r4-cross-community-distractor-replay-ocs-volume-seed1401-load0p7,ocs-volume,cross-community-distractor-replay,1401,100,0,0,1,0,eps,3480000,1118096,0.0103,,,false
phase15h-r4-cross-community-distractor-replay-ocs-volume-seed1401-load0p7,ocs-volume,cross-community-distractor-replay,1401,101,1,0,2,0,ocs,3480000,3480000,0.01032,0.018633228,0.008313228,true
phase15h-r4-cross-community-distractor-replay-ocs-volume-seed1401-load0p7,ocs-volume,cross-community-distractor-replay,1401,102,4,0,5,0,ocs,2520000,2520000,0.01034,0.017506618,0.007166618,true
phase15h-r4-cross-community-distractor-replay-ocs-volume-seed1401-load0p7,ocs-volume,cross-community-distractor-replay,1401,103,5,0,6,0,eps,1386000,985704,0.01036,,,false
phase15h-r4-cross-community-distractor-replay-ocs-volume-seed1401-load0p7,ocs-volume,cross-community-distractor-replay,1401,104,2,0,3,0,eps,2520000,1007680,0.01038,,,false
phase15h-r4-cross-community-distractor-replay-ocs-volume-seed1401-load0p7,ocs-volume,cross-community-distractor-replay,1401,105,6,0,7,0,ocs,4320000,4320000,0.0104,0.019650429,0.009250429,true
phase15h-r4-cross-community-distractor-replay-ocs-volume-seed1401-load0p7,ocs-volume,cross-community-distractor-replay,1401,106,3,0,4,0,eps,1425600,997496,0.01042,,,false
phase15h-r4-cross-community-distractor-replay-ocs-volume-seed1401-load0p7,ocs-volume,cross-community-distractor-replay,1401,107,0,0,4,0,eps,1392000,803464,0.01044,,,false
phase15h-r4-cross-community-distractor-replay-ocs-volume-seed1401-load0p7,ocs-volume,cross-community-distractor-replay,1401,108,1,0,5,0,eps,1248000,1248000,0.01046,0.017814599,0.007354599,true
phase15h-r4-cross-community-distractor-replay-ocs-volume-seed1401-load0p7,ocs-volume,cross-community-distractor-replay,1401,109,2,0,6,0,eps,1200000,962656,0.01048,,,false
phase15h-r4-cross-community-distractor-replay-ocs-volume-seed1401-load0p7,ocs-volume,cross-community-distractor-replay,1401,110,0,0,1,0,eps,3480000,1105232,0.0105,,,false
phase15h-r4-cross-community-distractor-replay-ocs-volume-seed1401-load0p7,ocs-volume,cross-community-distractor-replay,1401,111,1,0,2,0,ocs,3480000,3480000,0.01052,0.018814675,0.008294675,true
phase15h-r4-cross-community-distractor-replay-ocs-volume-seed1401-load0p7,ocs-volume,cross-community-distractor-replay,1401,112,4,0,5,0,ocs,2520000,2520000,0.01054,0.017792214,0.007252214,true
phase15h-r4-cross-community-distractor-replay-ocs-volume-seed1401-load0p7,ocs-volume,cross-community-distractor-replay,1401,113,5,0,6,0,eps,1386000,977664,0.01056,,,false
phase15h-r4-cross-community-distractor-replay-ocs-volume-seed1401-load0p7,ocs-volume,cross-community-distractor-replay,1401,114,2,0,3,0,eps,2520000,1000712,0.01058,,,false
phase15h-r4-cross-community-distractor-replay-ocs-volume-seed1401-load0p7,ocs-volume,cross-community-distractor-replay,1401,115,6,0,7,0,ocs,4320000,4320000,0.0106,0.019894487,0.009294487,true
phase15h-r4-cross-community-distractor-replay-ocs-volume-seed1401-load0p7,ocs-volume,cross-community-distractor-replay,1401,116,3,0,4,0,eps,1425600,1020008,0.01062,,,false
phase15h-r4-cross-community-distractor-replay-ocs-volume-seed1401-load0p7,ocs-volume,cross-community-distractor-replay,1401,117,0,0,4,0,eps,1392000,1008216,0.01064,,,false
phase15h-r4-cross-community-distractor-replay-ocs-volume-seed1401-load0p7,ocs-volume,cross-community-distractor-replay,1401,118,1,0,5,0,eps,1248000,1248000,0.01066,0.017913364,0.007253364,true
phase15h-r4-cross-community-distractor-replay-ocs-volume-seed1401-load0p7,ocs-volume,cross-community-distractor-replay,1401,119,2,0,6,0,eps,1200000,957832,0.01068,,,false
phase15h-r4-cross-community-distractor-replay-ocs-volume-seed1401-load0p7,ocs-volume,cross-community-distractor-replay,1401,120,0,0,1,0,eps,630000,630000,0.0141,0.0345056,0.0204056,true
phase15h-r4-cross-community-distractor-replay-ocs-volume-seed1401-load0p7,ocs-volume,cross-community-distractor-replay,1401,121,1,0,2,0,ocs,630000,630000,0.01412,0.017947704,0.003827704,true
phase15h-r4-cross-community-distractor-replay-ocs-volume-seed1401-load0p7,ocs-volume,cross-community-distractor-replay,1401,122,4,0,5,0,ocs,630000,630000,0.01414,0.018133444,0.003993444,true
phase15h-r4-cross-community-distractor-replay-ocs-volume-seed1401-load0p7,ocs-volume,cross-community-distractor-replay,1401,123,5,0,6,0,eps,630000,630000,0.01416,0.039679536,0.025519536,true
phase15h-r4-cross-community-distractor-replay-ocs-volume-seed1401-load0p7,ocs-volume,cross-community-distractor-replay,1401,124,2,0,3,0,eps,630000,630000,0.01418,0.038973486,0.024793486,true
phase15h-r4-cross-community-distractor-replay-ocs-volume-seed1401-load0p7,ocs-volume,cross-community-distractor-replay,1401,125,6,0,7,0,ocs,630000,630000,0.0142,0.018003367,0.003803367,true
phase15h-r4-cross-community-distractor-replay-ocs-volume-seed1401-load0p7,ocs-volume,cross-community-distractor-replay,1401,126,3,0,4,0,eps,792000,792000,0.01422,0.04867473,0.03445473,true
phase15h-r4-cross-community-distractor-replay-ocs-volume-seed1401-load0p7,ocs-volume,cross-community-distractor-replay,1401,127,0,0,4,0,eps,348000,348000,0.01424,0.024715248,0.010475248,true
phase15h-r4-cross-community-distractor-replay-ocs-volume-seed1401-load0p7,ocs-volume,cross-community-distractor-replay,1401,128,1,0,5,0,eps,312000,312000,0.01426,0.017769076,0.003509076,true
phase15h-r4-cross-community-distractor-replay-ocs-volume-seed1401-load0p7,ocs-volume,cross-community-distractor-replay,1401,129,2,0,6,0,eps,300000,300000,0.01428,0.023674256,0.009394256,true
phase15h-r4-cross-community-distractor-replay-ocs-volume-seed1401-load0p7,ocs-volume,cross-community-distractor-replay,1401,130,0,0,1,0,eps,630000,630000,0.0143,0.03510489,0.02080489,true
phase15h-r4-cross-community-distractor-replay-ocs-volume-seed1401-load0p7,ocs-volume,cross-community-distractor-replay,1401,131,1,0,2,0,ocs,630000,630000,0.01432,0.0181391,0.0038191,true
phase15h-r4-cross-community-distractor-replay-ocs-volume-seed1401-load0p7,ocs-volume,cross-community-distractor-replay,1401,132,4,0,5,0,ocs,630000,630000,0.01434,0.018480858,0.004140858,true
phase15h-r4-cross-community-distractor-replay-ocs-volume-seed1401-load0p7,ocs-volume,cross-community-distractor-replay,1401,133,5,0,6,0,eps,630000,630000,0.01436,0.040287904,0.025927904,true
phase15h-r4-cross-community-distractor-replay-ocs-volume-seed1401-load0p7,ocs-volume,cross-community-distractor-replay,1401,134,2,0,3,0,eps,630000,630000,0.01438,0.039481603,0.025101603,true
phase15h-r4-cross-community-distractor-replay-ocs-volume-seed1401-load0p7,ocs-volume,cross-community-distractor-replay,1401,135,6,0,7,0,ocs,630000,630000,0.0144,0.018122313,0.003722313,true
phase15h-r4-cross-community-distractor-replay-ocs-volume-seed1401-load0p7,ocs-volume,cross-community-distractor-replay,1401,136,3,0,4,0,eps,792000,792000,0.01442,0.049309067,0.034889067,true
phase15h-r4-cross-community-distractor-replay-ocs-volume-seed1401-load0p7,ocs-volume,cross-community-distractor-replay,1401,137,0,0,4,0,eps,348000,348000,0.01444,0.02510669,0.01066669,true
phase15h-r4-cross-community-distractor-replay-ocs-volume-seed1401-load0p7,ocs-volume,cross-community-distractor-replay,1401,138,1,0,5,0,eps,312000,312000,0.01446,0.01800278,0.00354278,true
phase15h-r4-cross-community-distractor-replay-ocs-volume-seed1401-load0p7,ocs-volume,cross-community-distractor-replay,1401,139,2,0,6,0,eps,300000,300000,0.01448,0.024126029,0.009646029,true
phase15h-r4-cross-community-distractor-replay-ocs-volume-seed1401-load0p7,ocs-volume,cross-community-distractor-replay,1401,140,0,0,1,0,eps,630000,630000,0.0145,0.035648145,0.021148145,true
phase15h-r4-cross-community-distractor-replay-ocs-volume-seed1401-load0p7,ocs-volume,cross-community-distractor-replay,1401,141,1,0,2,0,ocs,630000,630000,0.01452,0.018520913,0.004000913,true
phase15h-r4-cross-community-distractor-replay-ocs-volume-seed1401-load0p7,ocs-volume,cross-community-distractor-replay,1401,142,4,0,5,0,ocs,630000,630000,0.01454,0.018533408,0.003993408,true
phase15h-r4-cross-community-distractor-replay-ocs-volume-seed1401-load0p7,ocs-volume,cross-community-distractor-replay,1401,143,5,0,6,0,eps,630000,630000,0.01456,0.040927147,0.026367147,true
phase15h-r4-cross-community-distractor-replay-ocs-volume-seed1401-load0p7,ocs-volume,cross-community-distractor-replay,1401,144,2,0,3,0,eps,630000,630000,0.01458,0.040055982,0.025475982,true
phase15h-r4-cross-community-distractor-replay-ocs-volume-seed1401-load0p7,ocs-volume,cross-community-distractor-replay,1401,145,6,0,7,0,ocs,630000,630000,0.0146,0.018349803,0.003749803,true
phase15h-r4-cross-community-distractor-replay-ocs-volume-seed1401-load0p7,ocs-volume,cross-community-distractor-replay,1401,146,3,0,4,0,eps,792000,789528,0.01462,,,false
phase15h-r4-cross-community-distractor-replay-ocs-volume-seed1401-load0p7,ocs-volume,cross-community-distractor-replay,1401,147,0,0,4,0,eps,348000,348000,0.01464,0.025285919,0.010645919,true
phase15h-r4-cross-community-distractor-replay-ocs-volume-seed1401-load0p7,ocs-volume,cross-community-distractor-replay,1401,148,1,0,5,0,eps,312000,312000,0.01466,0.018193481,0.003533481,true
phase15h-r4-cross-community-distractor-replay-ocs-volume-seed1401-load0p7,ocs-volume,cross-community-distractor-replay,1401,149,2,0,6,0,eps,300000,300000,0.01468,0.024284794,0.009604794,true
phase15h-r4-cross-community-distractor-replay-ocs-volume-seed1401-load0p7,ocs-volume,cross-community-distractor-replay,1401,150,0,0,1,0,eps,3480000,837768,0.0151,,,false
phase15h-r4-cross-community-distractor-replay-ocs-volume-seed1401-load0p7,ocs-volume,cross-community-distractor-replay,1401,151,1,0,2,0,ocs,3480000,3480000,0.01512,0.02421513,0.00909513,true
phase15h-r4-cross-community-distractor-replay-ocs-volume-seed1401-load0p7,ocs-volume,cross-community-distractor-replay,1401,152,4,0,5,0,ocs,2520000,2520000,0.01514,0.02277382,0.00763382,true
phase15h-r4-cross-community-distractor-replay-ocs-volume-seed1401-load0p7,ocs-volume,cross-community-distractor-replay,1401,153,5,0,6,0,eps,1386000,733784,0.01516,,,false
phase15h-r4-cross-community-distractor-replay-ocs-volume-seed1401-load0p7,ocs-volume,cross-community-distractor-replay,1401,154,2,0,3,0,eps,2520000,750400,0.01518,,,false
phase15h-r4-cross-community-distractor-replay-ocs-volume-seed1401-load0p7,ocs-volume,cross-community-distractor-replay,1401,155,6,0,7,0,ocs,4320000,4320000,0.0152,0.025519742,0.010319742,true
phase15h-r4-cross-community-distractor-replay-ocs-volume-seed1401-load0p7,ocs-volume,cross-community-distractor-replay,1401,156,3,0,4,0,eps,1425600,760584,0.01522,,,false
phase15h-r4-cross-community-distractor-replay-ocs-volume-seed1401-load0p7,ocs-volume,cross-community-distractor-replay,1401,157,0,0,4,0,eps,1392000,754152,0.01524,,,false
phase15h-r4-cross-community-distractor-replay-ocs-volume-seed1401-load0p7,ocs-volume,cross-community-distractor-replay,1401,158,1,0,5,0,eps,1248000,1248000,0.01526,0.022711546,0.007451546,true
phase15h-r4-cross-community-distractor-replay-ocs-volume-seed1401-load0p7,ocs-volume,cross-community-distractor-replay,1401,159,2,0,6,0,eps,1200000,723600,0.01528,,,false
phase15h-r4-cross-community-distractor-replay-ocs-volume-seed1401-load0p7,ocs-volume,cross-community-distractor-replay,1401,160,0,0,1,0,eps,3480000,827584,0.0153,,,false
phase15h-r4-cross-community-distractor-replay-ocs-volume-seed1401-load0p7,ocs-volume,cross-community-distractor-replay,1401,161,1,0,2,0,ocs,3480000,3480000,0.01532,0.024281151,0.008961151,true
phase15h-r4-cross-community-distractor-replay-ocs-volume-seed1401-load0p7,ocs-volume,cross-community-distractor-replay,1401,162,4,0,5,0,ocs,2520000,2520000,0.01534,0.022982824,0.007642824,true
phase15h-r4-cross-community-distractor-replay-ocs-volume-seed1401-load0p7,ocs-volume,cross-community-distractor-replay,1401,163,5,0,6,0,eps,1386000,723600,0.01536,,,false
phase15h-r4-cross-community-distractor-replay-ocs-volume-seed1401-load0p7,ocs-volume,cross-community-distractor-replay,1401,164,2,0,3,0,eps,2520000,739680,0.01538,,,false
phase15h-r4-cross-community-distractor-replay-ocs-volume-seed1401-load0p7,ocs-volume,cross-community-distractor-replay,1401,165,6,0,7,0,ocs,4320000,4320000,0.0154,0.025961865,0.010561865,true
phase15h-r4-cross-community-distractor-replay-ocs-volume-seed1401-load0p7,ocs-volume,cross-community-distractor-replay,1401,166,3,0,4,0,eps,1425600,213328,0.01542,,,false
phase15h-r4-cross-community-distractor-replay-ocs-volume-seed1401-load0p7,ocs-volume,cross-community-distractor-replay,1401,167,0,0,4,0,eps,1392000,745576,0.01544,,,false
phase15h-r4-cross-community-distractor-replay-ocs-volume-seed1401-load0p7,ocs-volume,cross-community-distractor-replay,1401,168,1,0,5,0,eps,1248000,1248000,0.01546,0.022963371,0.007503371,true
phase15h-r4-cross-community-distractor-replay-ocs-volume-seed1401-load0p7,ocs-volume,cross-community-distractor-replay,1401,169,2,0,6,0,eps,1200000,713952,0.01548,,,false
phase15h-r4-cross-community-distractor-replay-ocs-volume-seed1401-load0p7,ocs-volume,cross-community-distractor-replay,1401,170,0,0,1,0,eps,3480000,817936,0.0155,,,false
phase15h-r4-cross-community-distractor-replay-ocs-volume-seed1401-load0p7,ocs-volume,cross-community-distractor-replay,1401,171,1,0,2,0,ocs,3480000,3480000,0.01552,0.024567026,0.009047026,true
phase15h-r4-cross-community-distractor-replay-ocs-volume-seed1401-load0p7,ocs-volume,cross-community-distractor-replay,1401,172,4,0,5,0,ocs,2520000,2520000,0.01554,0.0230474,0.0075074,true
phase15h-r4-cross-community-distractor-replay-ocs-volume-seed1401-load0p7,ocs-volume,cross-community-distractor-replay,1401,173,5,0,6,0,eps,1386000,715024,0.01556,,,false
phase15h-r4-cross-community-distractor-replay-ocs-volume-seed1401-load0p7,ocs-volume,cross-community-distractor-replay,1401,174,2,0,3,0,eps,2520000,733248,0.01558,,,false
phase15h-r4-cross-community-distractor-replay-ocs-volume-seed1401-load0p7,ocs-volume,cross-community-distractor-replay,1401,175,6,0,7,0,ocs,4320000,4320000,0.0156,0.026336429,0.010736429,true
phase15h-r4-cross-community-distractor-replay-ocs-volume-seed1401-load0p7,ocs-volume,cross-community-distractor-replay,1401,176,3,0,4,0,eps,1425600,743968,0.01562,,,false
phase15h-r4-cross-community-distractor-replay-ocs-volume-seed1401-load0p7,ocs-volume,cross-community-distractor-replay,1401,177,0,0,4,0,eps,1392000,738608,0.01564,,,false
phase15h-r4-cross-community-distractor-replay-ocs-volume-seed1401-load0p7,ocs-volume,cross-community-distractor-replay,1401,178,1,0,5,0,eps,1248000,1248000,0.01566,0.02308509,0.00742509,true
phase15h-r4-cross-community-distractor-replay-ocs-volume-seed1401-load0p7,ocs-volume,cross-community-distractor-replay,1401,179,2,0,6,0,eps,1200000,707520,0.01568,,,false
phase15h-r4-cross-community-distractor-replay-ocs-volume-seed1401-load0p7,ocs-volume,cross-community-distractor-replay,1401,180,0,0,1,0,eps,630000,630000,0.0191,0.047362329,0.028262329,true
phase15h-r4-cross-community-distractor-replay-ocs-volume-seed1401-load0p7,ocs-volume,cross-community-distractor-replay,1401,181,1,0,2,0,ocs,630000,630000,0.01912,0.022767507,0.003647507,true
phase15h-r4-cross-community-distractor-replay-ocs-volume-seed1401-load0p7,ocs-volume,cross-community-distractor-replay,1401,182,4,0,5,0,ocs,630000,630000,0.01914,0.022944664,0.003804664,true
phase15h-r4-cross-community-distractor-replay-ocs-volume-seed1401-load0p7,ocs-volume,cross-community-distractor-replay,1401,183,5,0,6,0,eps,630000,585312,0.01916,,,false
phase15h-r4-cross-community-distractor-replay-ocs-volume-seed1401-load0p7,ocs-volume,cross-community-distractor-replay,1401,184,2,0,3,0,eps,630000,597640,0.01918,,,false
phase15h-r4-cross-community-distractor-replay-ocs-volume-seed1401-load0p7,ocs-volume,cross-community-distractor-replay,1401,185,6,0,7,0,ocs,630000,630000,0.0192,0.022806288,0.003606288,true
phase15h-r4-cross-community-distractor-replay-ocs-volume-seed1401-load0p7,ocs-volume,cross-community-distractor-replay,1401,186,3,0,4,0,eps,792000,600320,0.01922,,,false
phase15h-r4-cross-community-distractor-replay-ocs-volume-seed1401-load0p7,ocs-volume,cross-community-distractor-replay,1401,187,0,0,4,0,eps,348000,348000,0.01924,0.034086487,0.014846487,true
phase15h-r4-cross-community-distractor-replay-ocs-volume-seed1401-load0p7,ocs-volume,cross-community-distractor-replay,1401,188,1,0,5,0,eps,312000,312000,0.01926,0.022765555,0.003505555,true
phase15h-r4-cross-community-distractor-replay-ocs-volume-seed1401-load0p7,ocs-volume,cross-community-distractor-replay,1401,189,2,0,6,0,eps,300000,300000,0.01928,0.032190801,0.012910801,true
phase15h-r4-cross-community-distractor-replay-ocs-volume-seed1401-load0p7,ocs-volume,cross-community-distractor-replay,1401,190,0,0,1,0,eps,630000,630000,0.0193,0.047772829,0.028472829,true
phase15h-r4-cross-community-distractor-replay-ocs-volume-seed1401-load0p7,ocs-volume,cross-community-distractor-replay,1401,191,1,0,2,0,ocs,630000,630000,0.01932,0.022979163,0.003659163,true
phase15h-r4-cross-community-distractor-replay-ocs-volume-seed1401-load0p7,ocs-volume,cross-community-distractor-replay,1401,192,4,0,5,0,ocs,630000,630000,0.01934,0.023103069,0.003763069,true
phase15h-r4-cross-community-distractor-replay-ocs-volume-seed1401-load0p7,ocs-volume,cross-community-distractor-replay,1401,193,5,0,6,0,eps,630000,577272,0.01936,,,false
phase15h-r4-cross-community-distractor-replay-ocs-volume-seed1401-load0p7,ocs-volume,cross-community-distractor-replay,1401,194,2,0,3,0,eps,630000,592280,0.01938,,,false
phase15h-r4-cross-community-distractor-replay-ocs-volume-seed1401-load0p7,ocs-volume,cross-community-distractor-replay,1401,195,6,0,7,0,ocs,630000,630000,0.0194,0.022863549,0.003463549,true
phase15h-r4-cross-community-distractor-replay-ocs-volume-seed1401-load0p7,ocs-volume,cross-community-distractor-replay,1401,196,3,0,4,0,eps,792000,464176,0.01942,,,false
phase15h-r4-cross-community-distractor-replay-ocs-volume-seed1401-load0p7,ocs-volume,cross-community-distractor-replay,1401,197,0,0,4,0,eps,348000,348000,0.01944,0.034438416,0.014998416,true
phase15h-r4-cross-community-distractor-replay-ocs-volume-seed1401-load0p7,ocs-volume,cross-community-distractor-replay,1401,198,1,0,5,0,eps,312000,312000,0.01946,0.023028623,0.003568623,true
phase15h-r4-cross-community-distractor-replay-ocs-volume-seed1401-load0p7,ocs-volume,cross-community-distractor-replay,1401,199,2,0,6,0,eps,300000,300000,0.01948,0.032686663,0.013206663,true
phase15h-r4-cross-community-distractor-replay-ocs-volume-seed1401-load0p7,ocs-volume,cross-community-distractor-replay,1401,200,0,0,1,0,eps,630000,630000,0.0195,0.048283522,0.028783522,true
phase15h-r4-cross-community-distractor-replay-ocs-volume-seed1401-load0p7,ocs-volume,cross-community-distractor-replay,1401,201,1,0,2,0,ocs,630000,630000,0.01952,0.023351287,0.003831287,true
phase15h-r4-cross-community-distractor-replay-ocs-volume-seed1401-load0p7,ocs-volume,cross-community-distractor-replay,1401,202,4,0,5,0,ocs,630000,630000,0.01954,0.023318942,0.003778942,true
phase15h-r4-cross-community-distractor-replay-ocs-volume-seed1401-load0p7,ocs-volume,cross-community-distractor-replay,1401,203,5,0,6,0,eps,630000,570304,0.01956,,,false
phase15h-r4-cross-community-distractor-replay-ocs-volume-seed1401-load0p7,ocs-volume,cross-community-distractor-replay,1401,204,2,0,3,0,eps,630000,584240,0.01958,,,false
phase15h-r4-cross-community-distractor-replay-ocs-volume-seed1401-load0p7,ocs-volume,cross-community-distractor-replay,1401,205,6,0,7,0,ocs,630000,630000,0.0196,0.023233836,0.003633836,true
phase15h-r4-cross-community-distractor-replay-ocs-volume-seed1401-load0p7,ocs-volume,cross-community-distractor-replay,1401,206,3,0,4,0,eps,792000,585312,0.01962,,,false
phase15h-r4-cross-community-distractor-replay-ocs-volume-seed1401-load0p7,ocs-volume,cross-community-distractor-replay,1401,207,0,0,4,0,eps,348000,348000,0.01964,0.035802088,0.016162088,true
phase15h-r4-cross-community-distractor-replay-ocs-volume-seed1401-load0p7,ocs-volume,cross-community-distractor-replay,1401,208,1,0,5,0,eps,312000,312000,0.01966,0.02321269,0.00355269,true
phase15h-r4-cross-community-distractor-replay-ocs-volume-seed1401-load0p7,ocs-volume,cross-community-distractor-replay,1401,209,2,0,6,0,eps,300000,300000,0.01968,0.032879185,0.013199185,true
phase15h-r4-cross-community-distractor-replay-ocs-volume-seed1401-load0p7,ocs-volume,cross-community-distractor-replay,1401,210,0,0,1,0,eps,3480000,636232,0.0201,,,false
phase15h-r4-cross-community-distractor-replay-ocs-volume-seed1401-load0p7,ocs-volume,cross-community-distractor-replay,1401,211,1,0,2,0,ocs,3480000,3480000,0.02012,0.029281034,0.009161034,true
phase15h-r4-cross-community-distractor-replay-ocs-volume-seed1401-load0p7,ocs-volume,cross-community-distractor-replay,1401,212,4,0,5,0,ocs,2520000,2520000,0.02014,0.028110523,0.007970523,true
phase15h-r4-cross-community-distractor-replay-ocs-volume-seed1401-load0p7,ocs-volume,cross-community-distractor-replay,1401,213,5,0,6,0,eps,1386000,552616,0.02016,,,false
phase15h-r4-cross-community-distractor-replay-ocs-volume-seed1401-load0p7,ocs-volume,cross-community-distractor-replay,1401,214,2,0,3,0,eps,2520000,564944,0.02018,,,false
phase15h-r4-cross-community-distractor-replay-ocs-volume-seed1401-load0p7,ocs-volume,cross-community-distractor-replay,1401,215,6,0,7,0,ocs,4320000,4320000,0.0202,0.031273764,0.011073764,true
phase15h-r4-cross-community-distractor-replay-ocs-volume-seed1401-load0p7,ocs-volume,cross-community-distractor-replay,1401,216,3,0,4,0,eps,1425600,566016,0.02022,,,false
phase15h-r4-cross-community-distractor-replay-ocs-volume-seed1401-load0p7,ocs-volume,cross-community-distractor-replay,1401,217,0,0,4,0,eps,1392000,536000,0.02024,,,false
phase15h-r4-cross-community-distractor-replay-ocs-volume-seed1401-load0p7,ocs-volume,cross-community-distractor-replay,1401,218,1,0,5,0,eps,1248000,1248000,0.02026,0.027739031,0.007479031,true
phase15h-r4-cross-community-distractor-replay-ocs-volume-seed1401-load0p7,ocs-volume,cross-community-distractor-replay,1401,219,2,0,6,0,eps,1200000,544576,0.02028,,,false
phase15h-r4-cross-community-distractor-replay-ocs-volume-seed1401-load0p7,ocs-volume,cross-community-distractor-replay,1401,220,0,0,1,0,eps,3480000,626584,0.0203,,,false
phase15h-r4-cross-community-distractor-replay-ocs-volume-seed1401-load0p7,ocs-volume,cross-community-distractor-replay,1401,221,1,0,2,0,ocs,3480000,3480000,0.02032,0.029472306,0.009152306,true
phase15h-r4-cross-community-distractor-replay-ocs-volume-seed1401-load0p7,ocs-volume,cross-community-distractor-replay,1401,222,4,0,5,0,ocs,2520000,931032,0.02034,,,false
phase15h-r4-cross-community-distractor-replay-ocs-volume-seed1401-load0p7,ocs-volume,cross-community-distractor-replay,1401,223,5,0,6,0,eps,1386000,547256,0.02036,,,false
phase15h-r4-cross-community-distractor-replay-ocs-volume-seed1401-load0p7,ocs-volume,cross-community-distractor-replay,1401,224,2,0,3,0,eps,2520000,557976,0.02038,,,false
phase15h-r4-cross-community-distractor-replay-ocs-volume-seed1401-load0p7,ocs-volume,cross-community-distractor-replay,1401,225,6,0,7,0,ocs,4320000,4320000,0.0204,0.031583957,0.011183957,true
phase15h-r4-cross-community-distractor-replay-ocs-volume-seed1401-load0p7,ocs-volume,cross-community-distractor-replay,1401,226,3,0,4,0,eps,1425600,557976,0.02042,,,false
phase15h-r4-cross-community-distractor-replay-ocs-volume-seed1401-load0p7,ocs-volume,cross-community-distractor-replay,1401,227,0,0,4,0,eps,1392000,554224,0.02044,,,false
phase15h-r4-cross-community-distractor-replay-ocs-volume-seed1401-load0p7,ocs-volume,cross-community-distractor-replay,1401,228,1,0,5,0,eps,1248000,1248000,0.02046,0.028003051,0.007543051,true
phase15h-r4-cross-community-distractor-replay-ocs-volume-seed1401-load0p7,ocs-volume,cross-community-distractor-replay,1401,229,2,0,6,0,eps,1200000,541896,0.02048,,,false
phase15h-r4-cross-community-distractor-replay-ocs-volume-seed1401-load0p7,ocs-volume,cross-community-distractor-replay,1401,230,0,0,1,0,eps,3480000,619616,0.0205,,,false
phase15h-r4-cross-community-distractor-replay-ocs-volume-seed1401-load0p7,ocs-volume,cross-community-distractor-replay,1401,231,1,0,2,0,ocs,3480000,3480000,0.02052,0.029538348,0.009018348,true
phase15h-r4-cross-community-distractor-replay-ocs-volume-seed1401-load0p7,ocs-volume,cross-community-distractor-replay,1401,232,4,0,5,0,ocs,2520000,2520000,0.02054,0.02822197,0.00768197,true
phase15h-r4-cross-community-distractor-replay-ocs-volume-seed1401-load0p7,ocs-volume,cross-community-distractor-replay,1401,233,5,0,6,0,eps,1386000,541360,0.02056,,,false
phase15h-r4-cross-community-distractor-replay-ocs-volume-seed1401-load0p7,ocs-volume,cross-community-distractor-replay,1401,234,2,0,3,0,eps,2520000,552616,0.02058,,,false
phase15h-r4-cross-community-distractor-replay-ocs-volume-seed1401-load0p7,ocs-volume,cross-community-distractor-replay,1401,235,6,0,7,0,ocs,4320000,4320000,0.0206,0.031893735,0.011293735,true
phase15h-r4-cross-community-distractor-replay-ocs-volume-seed1401-load0p7,ocs-volume,cross-community-distractor-replay,1401,236,3,0,4,0,eps,1425600,552616,0.02062,,,false
phase15h-r4-cross-community-distractor-replay-ocs-volume-seed1401-load0p7,ocs-volume,cross-community-distractor-replay,1401,237,0,0,4,0,eps,1392000,549936,0.02064,,,false
phase15h-r4-cross-community-distractor-replay-ocs-volume-seed1401-load0p7,ocs-volume,cross-community-distractor-replay,1401,238,1,0,5,0,eps,1248000,1248000,0.02066,0.028126019,0.007466019,true
phase15h-r4-cross-community-distractor-replay-ocs-volume-seed1401-load0p7,ocs-volume,cross-community-distractor-replay,1401,239,2,0,6,0,eps,1200000,534928,0.02068,,,false
phase15h-r4-cross-community-distractor-replay-ocs-volume-seed1401-load0p7,ocs-volume,cross-community-distractor-replay,1401,240,0,0,1,0,eps,630000,510272,0.0241,,,false
phase15h-r4-cross-community-distractor-replay-ocs-volume-seed1401-load0p7,ocs-volume,cross-community-distractor-replay,1401,241,1,0,2,0,ocs,630000,630000,0.02412,0.027783973,0.003663973,true
phase15h-r4-cross-community-distractor-replay-ocs-volume-seed1401-load0p7,ocs-volume,cross-community-distractor-replay,1401,242,4,0,5,0,ocs,630000,630000,0.02414,0.02804995,0.00390995,true
phase15h-r4-cross-community-distractor-replay-ocs-volume-seed1401-load0p7,ocs-volume,cross-community-distractor-replay,1401,243,5,0,6,0,eps,630000,448632,0.02416,,,false
phase15h-r4-cross-community-distractor-replay-ocs-volume-seed1401-load0p7,ocs-volume,cross-community-distractor-replay,1401,244,2,0,3,0,eps,630000,459352,0.02418,,,false
phase15h-r4-cross-community-distractor-replay-ocs-volume-seed1401-load0p7,ocs-volume,cross-community-distractor-replay,1401,245,6,0,7,0,ocs,630000,630000,0.0242,0.028626501,0.004426501,true
phase15h-r4-cross-community-distractor-replay-ocs-volume-seed1401-load0p7,ocs-volume,cross-community-distractor-replay,1401,246,3,0,4,0,eps,792000,452920,0.02422,,,false
phase15h-r4-cross-community-distractor-replay-ocs-volume-seed1401-load0p7,ocs-volume,cross-community-distractor-replay,1401,247,0,0,4,0,eps,348000,348000,0.02424,0.042758562,0.018518562,true
phase15h-r4-cross-community-distractor-replay-ocs-volume-seed1401-load0p7,ocs-volume,cross-community-distractor-replay,1401,248,1,0,5,0,eps,312000,312000,0.02426,0.027754216,0.003494216,true
phase15h-r4-cross-community-distractor-replay-ocs-volume-seed1401-load0p7,ocs-volume,cross-community-distractor-replay,1401,249,2,0,6,0,eps,300000,300000,0.02428,0.040003585,0.015723585,true
phase15h-r4-cross-community-distractor-replay-ocs-volume-seed1401-load0p7,ocs-volume,cross-community-distractor-replay,1401,250,0,0,1,0,eps,630000,503304,0.0243,,,false
phase15h-r4-cross-community-distractor-replay-ocs-volume-seed1401-load0p7,ocs-volume,cross-community-distractor-replay,1401,251,1,0,2,0,ocs,630000,630000,0.02432,0.028026651,0.003706651,true
phase15h-r4-cross-community-distractor-replay-ocs-volume-seed1401-load0p7,ocs-volume,cross-community-distractor-replay,1401,252,4,0,5,0,ocs,630000,630000,0.02434,0.028289113,0.003949113,true
phase15h-r4-cross-community-distractor-replay-ocs-volume-seed1401-load0p7,ocs-volume,cross-community-distractor-replay,1401,253,5,0,6,0,eps,630000,441664,0.02436,,,false
phase15h-r4-cross-community-distractor-replay-ocs-volume-seed1401-load0p7,ocs-volume,cross-community-distractor-replay,1401,254,2,0,3,0,eps,630000,452920,0.02438,,,false
phase15h-r4-cross-community-distractor-replay-ocs-volume-seed1401-load0p7,ocs-volume,cross-community-distractor-replay,1401,255,6,0,7,0,ocs,630000,630000,0.0244,0.028082905,0.003682905,true
phase15h-r4-cross-community-distractor-replay-ocs-volume-seed1401-load0p7,ocs-volume,cross-community-distractor-replay,1401,256,3,0,4,0,eps,792000,448632,0.02442,,,false
phase15h-r4-cross-community-distractor-replay-ocs-volume-seed1401-load0p7,ocs-volume,cross-community-distractor-replay,1401,257,0,0,4,0,eps,348000,348000,0.02444,0.043226771,0.018786771,true
phase15h-r4-cross-community-distractor-replay-ocs-volume-seed1401-load0p7,ocs-volume,cross-community-distractor-replay,1401,258,1,0,5,0,eps,312000,312000,0.02446,0.027999795,0.003539795,true
phase15h-r4-cross-community-distractor-replay-ocs-volume-seed1401-load0p7,ocs-volume,cross-community-distractor-replay,1401,259,2,0,6,0,eps,300000,300000,0.02448,0.040359727,0.015879727,true
phase15h-r4-cross-community-distractor-replay-ocs-volume-seed1401-load0p7,ocs-volume,cross-community-distractor-replay,1401,260,0,0,1,0,eps,630000,497944,0.0245,,,false
phase15h-r4-cross-community-distractor-replay-ocs-volume-seed1401-load0p7,ocs-volume,cross-community-distractor-replay,1401,261,1,0,2,0,ocs,630000,630000,0.02452,0.028267077,0.003747077,true
phase15h-r4-cross-community-distractor-replay-ocs-volume-seed1401-load0p7,ocs-volume,cross-community-distractor-replay,1401,262,4,0,5,0,ocs,630000,630000,0.02454,0.028346999,0.003806999,true
phase15h-r4-cross-community-distractor-replay-ocs-volume-seed1401-load0p7,ocs-volume,cross-community-distractor-replay,1401,263,5,0,6,0,eps,630000,435232,0.02456,,,false
phase15h-r4-cross-community-distractor-replay-ocs-volume-seed1401-load0p7,ocs-volume,cross-community-distractor-replay,1401,264,2,0,3,0,eps,630000,447560,0.02458,,,false
phase15h-r4-cross-community-distractor-replay-ocs-volume-seed1401-load0p7,ocs-volume,cross-community-distractor-replay,1401,265,6,0,7,0,ocs,630000,630000,0.0246,0.02832506,0.00372506,true
phase15h-r4-cross-community-distractor-replay-ocs-volume-seed1401-load0p7,ocs-volume,cross-community-distractor-replay,1401,266,3,0,4,0,eps,792000,441664,0.02462,,,false
phase15h-r4-cross-community-distractor-replay-ocs-volume-seed1401-load0p7,ocs-volume,cross-community-distractor-replay,1401,267,0,0,4,0,eps,348000,348000,0.02464,0.043407304,0.018767304,true
phase15h-r4-cross-community-distractor-replay-ocs-volume-seed1401-load0p7,ocs-volume,cross-community-distractor-replay,1401,268,1,0,5,0,eps,312000,312000,0.02466,0.028227736,0.003567736,true
phase15h-r4-cross-community-distractor-replay-ocs-volume-seed1401-load0p7,ocs-volume,cross-community-distractor-replay,1401,269,2,0,6,0,eps,300000,300000,0.02468,0.040620215,0.015940215,true
phase15h-r4-cross-community-distractor-replay-ocs-volume-seed1401-load0p7,ocs-volume,cross-community-distractor-replay,1401,270,0,0,1,0,eps,3480000,478648,0.0251,,,false
phase15h-r4-cross-community-distractor-replay-ocs-volume-seed1401-load0p7,ocs-volume,cross-community-distractor-replay,1401,271,1,0,2,0,ocs,3480000,3480000,0.02512,0.035836551,0.010716551,true
phase15h-r4-cross-community-distractor-replay-ocs-volume-seed1401-load0p7,ocs-volume,cross-community-distractor-replay,1401,272,4,0,5,0,ocs,2520000,2520000,0.02514,0.03371061,0.00857061,true
phase15h-r4-cross-community-distractor-replay-ocs-volume-seed1401-load0p7,ocs-volume,cross-community-distractor-replay,1401,273,5,0,6,0,eps,1386000,421296,0.02516,,,false
phase15h-r4-cross-community-distractor-replay-ocs-volume-seed1401-load0p7,ocs-volume,cross-community-distractor-replay,1401,274,2,0,3,0,eps,2520000,432552,0.02518,,,false
phase15h-r4-cross-community-distractor-replay-ocs-volume-seed1401-load0p7,ocs-volume,cross-community-distractor-replay,1401,275,6,0,7,0,ocs,4320000,4320000,0.0252,0.038340529,0.013140529,true
phase15h-r4-cross-community-distractor-replay-ocs-volume-seed1401-load0p7,ocs-volume,cross-community-distractor-replay,1401,276,3,0,4,0,eps,1425600,423440,0.02522,,,false
phase15h-r4-cross-community-distractor-replay-ocs-volume-seed1401-load0p7,ocs-volume,cross-community-distractor-replay,1401,277,0,0,4,0,eps,1392000,423440,0.02524,,,false
phase15h-r4-cross-community-distractor-replay-ocs-volume-seed1401-load0p7,ocs-volume,cross-community-distractor-replay,1401,278,1,0,5,0,eps,1248000,1248000,0.02526,0.032567637,0.007307637,true
phase15h-r4-cross-community-distractor-replay-ocs-volume-seed1401-load0p7,ocs-volume,cross-community-distractor-replay,1401,279,2,0,6,0,eps,1200000,417544,0.02528,,,false
phase15h-r4-cross-community-distractor-replay-ocs-volume-seed1401-load0p7,ocs-volume,cross-community-distractor-replay,1401,280,0,0,1,0,eps,3480000,471680,0.0253,,,false
phase15h-r4-cross-community-distractor-replay-ocs-volume-seed1401-load0p7,ocs-volume,cross-community-distractor-replay,1401,281,1,0,2,0,ocs,3480000,3480000,0.02532,0.035843277,0.010523277,true
phase15h-r4-cross-community-distractor-replay-ocs-volume-seed1401-load0p7,ocs-volume,cross-community-distractor-replay,1401,282,4,0,5,0,ocs,2520000,2520000,0.02534,0.033776562,0.008436562,true
phase15h-r4-cross-community-distractor-replay-ocs-volume-seed1401-load0p7,ocs-volume,cross-community-distractor-replay,1401,283,5,0,6,0,eps,1386000,415936,0.02536,,,false
phase15h-r4-cross-community-distractor-replay-ocs-volume-seed1401-load0p7,ocs-volume,cross-community-distractor-replay,1401,284,2,0,3,0,eps,2520000,426656,0.02538,,,false
phase15h-r4-cross-community-distractor-replay-ocs-volume-seed1401-load0p7,ocs-volume,cross-community-distractor-replay,1401,285,6,0,7,0,eps,4320000,4320000,0.0254,0.042760705,0.017360705,true
phase15h-r4-cross-community-distractor-replay-ocs-volume-seed1401-load0p7,ocs-volume,cross-community-distractor-replay,1401,286,3,0,4,0,eps,1425600,422904,0.02542,,,false
phase15h-r4-cross-community-distractor-replay-ocs-volume-seed1401-load0p7,ocs-volume,cross-community-distractor-replay,1401,287,0,0,4,0,eps,1392000,419152,0.02544,,,false
phase15h-r4-cross-community-distractor-replay-ocs-volume-seed1401-load0p7,ocs-volume,cross-community-distractor-replay,1401,288,1,0,5,0,eps,1248000,1248000,0.02546,0.032838158,0.007378158,true
phase15h-r4-cross-community-distractor-replay-ocs-volume-seed1401-load0p7,ocs-volume,cross-community-distractor-replay,1401,289,2,0,6,0,eps,1200000,412184,0.02548,,,false
phase15h-r4-cross-community-distractor-replay-ocs-volume-seed1401-load0p7,ocs-volume,cross-community-distractor-replay,1401,290,0,0,1,0,eps,3480000,465248,0.0255,,,false
phase15h-r4-cross-community-distractor-replay-ocs-volume-seed1401-load0p7,ocs-volume,cross-community-distractor-replay,1401,291,1,0,2,0,ocs,3480000,3480000,0.02552,0.036164981,0.010644981,true
phase15h-r4-cross-community-distractor-replay-ocs-volume-seed1401-load0p7,ocs-volume,cross-community-distractor-replay,1401,292,4,0,5,0,ocs,2520000,2520000,0.02554,0.034054693,0.008514693,true
phase15h-r4-cross-community-distractor-replay-ocs-volume-seed1401-load0p7,ocs-volume,cross-community-distractor-replay,1401,293,5,0,6,0,eps,1386000,413256,0.02556,,,false
phase15h-r4-cross-community-distractor-replay-ocs-volume-seed1401-load0p7,ocs-volume,cross-community-distractor-replay,1401,294,2,0,3,0,eps,2520000,421296,0.02558,,,false
phase15h-r4-cross-community-distractor-replay-ocs-volume-seed1401-load0p7,ocs-volume,cross-community-distractor-replay,1401,295,6,0,7,0,ocs,4320000,4320000,0.0256,0.039010019,0.013410019,true
phase15h-r4-cross-community-distractor-replay-ocs-volume-seed1401-load0p7,ocs-volume,cross-community-distractor-replay,1401,296,3,0,4,0,eps,1425600,128104,0.02562,,,false
phase15h-r4-cross-community-distractor-replay-ocs-volume-seed1401-load0p7,ocs-volume,cross-community-distractor-replay,1401,297,0,0,4,0,eps,1392000,415936,0.02564,,,false
phase15h-r4-cross-community-distractor-replay-ocs-volume-seed1401-load0p7,ocs-volume,cross-community-distractor-replay,1401,298,1,0,5,0,eps,1248000,1248000,0.02566,0.032991178,0.007331178,true
phase15h-r4-cross-community-distractor-replay-ocs-volume-seed1401-load0p7,ocs-volume,cross-community-distractor-replay,1401,299,2,0,6,0,eps,1200000,354832,0.02568,,,false
phase15h-r4-cross-community-distractor-replay-ocs-volume-seed1401-load0p7,ocs-volume,cross-community-distractor-replay,1401,300,0,0,1,0,eps,630000,371984,0.0291,,,false
phase15h-r4-cross-community-distractor-replay-ocs-volume-seed1401-load0p7,ocs-volume,cross-community-distractor-replay,1401,301,1,0,2,0,ocs,630000,630000,0.02912,0.033078299,0.003958299,true
phase15h-r4-cross-community-distractor-replay-ocs-volume-seed1401-load0p7,ocs-volume,cross-community-distractor-replay,1401,302,4,0,5,0,ocs,630000,630000,0.02914,0.033127245,0.003987245,true
phase15h-r4-cross-community-distractor-replay-ocs-volume-seed1401-load0p7,ocs-volume,cross-community-distractor-replay,1401,303,5,0,6,0,eps,630000,331248,0.02916,,,false
phase15h-r4-cross-community-distractor-replay-ocs-volume-seed1401-load0p7,ocs-volume,cross-community-distractor-replay,1401,304,2,0,3,0,eps,630000,340896,0.02918,,,false
phase15h-r4-cross-community-distractor-replay-ocs-volume-seed1401-load0p7,ocs-volume,cross-community-distractor-replay,1401,305,6,0,7,0,ocs,630000,630000,0.0292,0.033347722,0.004147722,true
phase15h-r4-cross-community-distractor-replay-ocs-volume-seed1401-load0p7,ocs-volume,cross-community-distractor-replay,1401,306,3,0,4,0,eps,792000,335000,0.02922,,,false
phase15h-r4-cross-community-distractor-replay-ocs-volume-seed1401-load0p7,ocs-volume,cross-community-distractor-replay,1401,307,0,0,4,0,eps,348000,331248,0.02924,,,false
phase15h-r4-cross-community-distractor-replay-ocs-volume-seed1401-load0p7,ocs-volume,cross-community-distractor-replay,1401,308,1,0,5,0,eps,312000,312000,0.02926,0.03305081,0.00379081,true
phase15h-r4-cross-community-distractor-replay-ocs-volume-seed1401-load0p7,ocs-volume,cross-community-distractor-replay,1401,309,2,0,6,0,eps,300000,300000,0.02928,0.048034782,0.018754782,true
phase15h-r4-cross-community-distractor-replay-ocs-volume-seed1401-load0p7,ocs-volume,cross-community-distractor-replay,1401,310,0,0,1,0,eps,630000,366624,0.0293,,,false
phase15h-r4-cross-community-distractor-replay-ocs-volume-seed1401-load0p7,ocs-volume,cross-community-distractor-replay,1401,311,1,0,2,0,ocs,630000,630000,0.02932,0.033337272,0.004017272,true
phase15h-r4-cross-community-distractor-replay-ocs-volume-seed1401-load0p7,ocs-volume,cross-community-distractor-replay,1401,312,4,0,5,0,ocs,630000,630000,0.02934,0.033706556,0.004366556,true
phase15h-r4-cross-community-distractor-replay-ocs-volume-seed1401-load0p7,ocs-volume,cross-community-distractor-replay,1401,313,5,0,6,0,eps,630000,325888,0.02936,,,false
phase15h-r4-cross-community-distractor-replay-ocs-volume-seed1401-load0p7,ocs-volume,cross-community-distractor-replay,1401,314,2,0,3,0,eps,630000,335000,0.02938,,,false
phase15h-r4-cross-community-distractor-replay-ocs-volume-seed1401-load0p7,ocs-volume,cross-community-distractor-replay,1401,315,6,0,7,0,ocs,630000,630000,0.0294,0.033476255,0.004076255,true
phase15h-r4-cross-community-distractor-replay-ocs-volume-seed1401-load0p7,ocs-volume,cross-community-distractor-replay,1401,316,3,0,4,0,eps,792000,329640,0.02942,,,false
phase15h-r4-cross-community-distractor-replay-ocs-volume-seed1401-load0p7,ocs-volume,cross-community-distractor-replay,1401,317,0,0,4,0,eps,348000,289440,0.02944,,,false
phase15h-r4-cross-community-distractor-replay-ocs-volume-seed1401-load0p7,ocs-volume,cross-community-distractor-replay,1401,318,1,0,5,0,eps,312000,312000,0.02946,0.033236283,0.003776283,true
phase15h-r4-cross-community-distractor-replay-ocs-volume-seed1401-load0p7,ocs-volume,cross-community-distractor-replay,1401,319,2,0,6,0,eps,300000,300000,0.02948,0.048386907,0.018906907,true
phase15h-r4-cross-community-distractor-replay-ocs-volume-seed1401-load0p7,ocs-volume,cross-community-distractor-replay,1401,320,0,0,1,0,eps,630000,347328,0.0295,,,false
phase15h-r4-cross-community-distractor-replay-ocs-volume-seed1401-load0p7,ocs-volume,cross-community-distractor-replay,1401,321,1,0,2,0,ocs,630000,630000,0.02952,0.03353832,0.00401832,true
phase15h-r4-cross-community-distractor-replay-ocs-volume-seed1401-load0p7,ocs-volume,cross-community-distractor-replay,1401,322,4,0,5,0,ocs,630000,630000,0.02954,0.033556482,0.004016482,true
phase15h-r4-cross-community-distractor-replay-ocs-volume-seed1401-load0p7,ocs-volume,cross-community-distractor-replay,1401,323,5,0,6,0,eps,630000,321600,0.02956,,,false
phase15h-r4-cross-community-distractor-replay-ocs-volume-seed1401-load0p7,ocs-volume,cross-community-distractor-replay,1401,324,2,0,3,0,eps,630000,331248,0.02958,,,false
phase15h-r4-cross-community-distractor-replay-ocs-volume-seed1401-load0p7,ocs-volume,cross-community-distractor-replay,1401,325,6,0,7,0,ocs,630000,630000,0.0296,0.03364362,0.00404362,true
phase15h-r4-cross-community-distractor-replay-ocs-volume-seed1401-load0p7,ocs-volume,cross-community-distractor-replay,1401,326,3,0,4,0,eps,792000,324280,0.02962,,,false
phase15h-r4-cross-community-distractor-replay-ocs-volume-seed1401-load0p7,ocs-volume,cross-community-distractor-replay,1401,327,0,0,4,0,eps,348000,321600,0.02964,,,false
phase15h-r4-cross-community-distractor-replay-ocs-volume-seed1401-load0p7,ocs-volume,cross-community-distractor-replay,1401,328,1,0,5,0,eps,312000,312000,0.02966,0.033457223,0.003797223,true
phase15h-r4-cross-community-distractor-replay-ocs-volume-seed1401-load0p7,ocs-volume,cross-community-distractor-replay,1401,329,2,0,6,0,eps,300000,300000,0.02968,0.048725491,0.019045491,true
phase15h-r4-cross-community-distractor-replay-ocs-volume-seed1401-load0p7,ocs-volume,cross-community-distractor-replay,1401,330,0,0,1,0,eps,3480000,348936,0.0301,,,false
phase15h-r4-cross-community-distractor-replay-ocs-volume-seed1401-load0p7,ocs-volume,cross-community-distractor-replay,1401,331,1,0,2,0,ocs,3480000,3480000,0.03012,0.041972907,0.011852907,true
phase15h-r4-cross-community-distractor-replay-ocs-volume-seed1401-load0p7,ocs-volume,cross-community-distractor-replay,1401,332,4,0,5,0,ocs,2520000,2520000,0.03014,0.039222031,0.009082031,true
phase15h-r4-cross-community-distractor-replay-ocs-volume-seed1401-load0p7,ocs-volume,cross-community-distractor-replay,1401,333,5,0,6,0,eps,1386000,310344,0.03016,,,false
phase15h-r4-cross-community-distractor-replay-ocs-volume-seed1401-load0p7,ocs-volume,cross-community-distractor-replay,1401,334,2,0,3,0,eps,2520000,318920,0.03018,,,false
phase15h-r4-cross-community-distractor-replay-ocs-volume-seed1401-load0p7,ocs-volume,cross-community-distractor-replay,1401,335,6,0,7,0,ocs,4320000,4320000,0.0302,0.044825245,0.014625245,true
phase15h-r4-cross-community-distractor-replay-ocs-volume-seed1401-load0p7,ocs-volume,cross-community-distractor-replay,1401,336,3,0,4,0,eps,1425600,313560,0.03022,,,false
phase15h-r4-cross-community-distractor-replay-ocs-volume-seed1401-load0p7,ocs-volume,cross-community-distractor-replay,1401,337,0,0,4,0,eps,1392000,310344,0.03024,,,false
phase15h-r4-cross-community-distractor-replay-ocs-volume-seed1401-load0p7,ocs-volume,cross-community-distractor-replay,1401,338,1,0,5,0,eps,1248000,1248000,0.03026,0.038295965,0.008035965,true
phase15h-r4-cross-community-distractor-replay-ocs-volume-seed1401-load0p7,ocs-volume,cross-community-distractor-replay,1401,339,2,0,6,0,eps,1200000,306592,0.03028,,,false
phase15h-r4-cross-community-distractor-replay-ocs-volume-seed1401-load0p7,ocs-volume,cross-community-distractor-replay,1401,340,0,0,1,0,eps,3480000,346256,0.0303,,,false
phase15h-r4-cross-community-distractor-replay-ocs-volume-seed1401-load0p7,ocs-volume,cross-community-distractor-replay,1401,341,1,0,2,0,ocs,3480000,3480000,0.03032,0.042047332,0.011727332,true
phase15h-r4-cross-community-distractor-replay-ocs-volume-seed1401-load0p7,ocs-volume,cross-community-distractor-replay,1401,342,4,0,5,0,ocs,2520000,2520000,0.03034,0.039279597,0.008939597,true
phase15h-r4-cross-community-distractor-replay-ocs-volume-seed1401-load0p7,ocs-volume,cross-community-distractor-replay,1401,343,5,0,6,0,eps,1386000,304984,0.03036,,,false
phase15h-r4-cross-community-distractor-replay-ocs-volume-seed1401-load0p7,ocs-volume,cross-community-distractor-replay,1401,344,2,0,3,0,eps,2520000,314632,0.03038,,,false
phase15h-r4-cross-community-distractor-replay-ocs-volume-seed1401-load0p7,ocs-volume,cross-community-distractor-replay,1401,345,6,0,7,0,ocs,4320000,4320000,0.0304,0.045406064,0.015006064,true
phase15h-r4-cross-community-distractor-replay-ocs-volume-seed1401-load0p7,ocs-volume,cross-community-distractor-replay,1401,346,3,0,4,0,eps,1425600,309272,0.03042,,,false
phase15h-r4-cross-community-distractor-replay-ocs-volume-seed1401-load0p7,ocs-volume,cross-community-distractor-replay,1401,347,0,0,4,0,eps,1392000,306592,0.03044,,,false
phase15h-r4-cross-community-distractor-replay-ocs-volume-seed1401-load0p7,ocs-volume,cross-community-distractor-replay,1401,348,1,0,5,0,eps,1248000,1248000,0.03046,0.038711458,0.008251458,true
phase15h-r4-cross-community-distractor-replay-ocs-volume-seed1401-load0p7,ocs-volume,cross-community-distractor-replay,1401,349,2,0,6,0,eps,1200000,302304,0.03048,,,false
phase15h-r4-cross-community-distractor-replay-ocs-volume-seed1401-load0p7,ocs-volume,cross-community-distractor-replay,1401,350,0,0,1,0,eps,3480000,340360,0.0305,,,false
phase15h-r4-cross-community-distractor-replay-ocs-volume-seed1401-load0p7,ocs-volume,cross-community-distractor-replay,1401,351,1,0,2,0,ocs,3480000,3480000,0.03052,0.041949719,0.011429719,true
phase15h-r4-cross-community-distractor-replay-ocs-volume-seed1401-load0p7,ocs-volume,cross-community-distractor-replay,1401,352,4,0,5,0,eps,2520000,2073784,0.03054,,,false
phase15h-r4-cross-community-distractor-replay-ocs-volume-seed1401-load0p7,ocs-volume,cross-community-distractor-replay,1401,353,5,0,6,0,eps,1386000,302304,0.03056,,,false
phase15h-r4-cross-community-distractor-replay-ocs-volume-seed1401-load0p7,ocs-volume,cross-community-distractor-replay,1401,354,2,0,3,0,eps,2520000,310344,0.03058,,,false
phase15h-r4-cross-community-distractor-replay-ocs-volume-seed1401-load0p7,ocs-volume,cross-community-distractor-replay,1401,355,6,0,7,0,eps,4320000,4320000,0.0306,0.049447619,0.018847619,true
phase15h-r4-cross-community-distractor-replay-ocs-volume-seed1401-load0p7,ocs-volume,cross-community-distractor-replay,1401,356,3,0,4,0,eps,1425600,304984,0.03062,,,false
phase15h-r4-cross-community-distractor-replay-ocs-volume-seed1401-load0p7,ocs-volume,cross-community-distractor-replay,1401,357,0,0,4,0,eps,1392000,302304,0.03064,,,false
phase15h-r4-cross-community-distractor-replay-ocs-volume-seed1401-load0p7,ocs-volume,cross-community-distractor-replay,1401,358,1,0,5,0,eps,1248000,1248000,0.03066,0.038834724,0.008174724,true
phase15h-r4-cross-community-distractor-replay-ocs-volume-seed1401-load0p7,ocs-volume,cross-community-distractor-replay,1401,359,2,0,6,0,eps,1200000,299624,0.03068,,,false
phase15h-r4-cross-community-distractor-replay-ocs-volume-seed1401-load0p7,ocs-volume,cross-community-distractor-replay,1401,360,0,0,1,0,eps,630000,265320,0.0341,,,false
phase15h-r4-cross-community-distractor-replay-ocs-volume-seed1401-load0p7,ocs-volume,cross-community-distractor-replay,1401,361,1,0,2,0,ocs,630000,630000,0.03412,0.038346129,0.004226129,true
phase15h-r4-cross-community-distractor-replay-ocs-volume-seed1401-load0p7,ocs-volume,cross-community-distractor-replay,1401,362,4,0,5,0,ocs,630000,630000,0.03414,0.038410479,0.004270479,true
phase15h-r4-cross-community-distractor-replay-ocs-volume-seed1401-load0p7,ocs-volume,cross-community-distractor-replay,1401,363,5,0,6,0,eps,630000,234232,0.03416,,,false
phase15h-r4-cross-community-distractor-replay-ocs-volume-seed1401-load0p7,ocs-volume,cross-community-distractor-replay,1401,364,2,0,3,0,eps,630000,242272,0.03418,,,false
phase15h-r4-cross-community-distractor-replay-ocs-volume-seed1401-load0p7,ocs-volume,cross-community-distractor-replay,1401,365,6,0,7,0,ocs,630000,630000,0.0342,0.038228278,0.004028278,true
phase15h-r4-cross-community-distractor-replay-ocs-volume-seed1401-load0p7,ocs-volume,cross-community-distractor-replay,1401,366,3,0,4,0,eps,792000,192960,0.03422,,,false
phase15h-r4-cross-community-distractor-replay-ocs-volume-seed1401-load0p7,ocs-volume,cross-community-distractor-replay,1401,367,0,0,4,0,eps,348000,235840,0.03424,,,false
phase15h-r4-cross-community-distractor-replay-ocs-volume-seed1401-load0p7,ocs-volume,cross-community-distractor-replay,1401,368,1,0,5,0,eps,312000,312000,0.03426,0.038378091,0.004118091,true
phase15h-r4-cross-community-distractor-replay-ocs-volume-seed1401-load0p7,ocs-volume,cross-community-distractor-replay,1401,369,2,0,6,0,eps,300000,231552,0.03428,,,false
phase15h-r4-cross-community-distractor-replay-ocs-volume-seed1401-load0p7,ocs-volume,cross-community-distractor-replay,1401,370,0,0,1,0,eps,630000,261568,0.0343,,,false
phase15h-r4-cross-community-distractor-replay-ocs-volume-seed1401-load0p7,ocs-volume,cross-community-distractor-replay,1401,371,1,0,2,0,ocs,630000,358048,0.03432,,,false
phase15h-r4-cross-community-distractor-replay-ocs-volume-seed1401-load0p7,ocs-volume,cross-community-distractor-replay,1401,372,4,0,5,0,ocs,630000,630000,0.03434,0.03854428,0.00420428,true
phase15h-r4-cross-community-distractor-replay-ocs-volume-seed1401-load0p7,ocs-volume,cross-community-distractor-replay,1401,373,5,0,6,0,eps,630000,231552,0.03436,,,false
phase15h-r4-cross-community-distractor-replay-ocs-volume-seed1401-load0p7,ocs-volume,cross-community-distractor-replay,1401,374,2,0,3,0,eps,630000,237984,0.03438,,,false
phase15h-r4-cross-community-distractor-replay-ocs-volume-seed1401-load0p7,ocs-volume,cross-community-distractor-replay,1401,375,6,0,7,0,ocs,630000,630000,0.0344,0.038784148,0.004384148,true
phase15h-r4-cross-community-distractor-replay-ocs-volume-seed1401-load0p7,ocs-volume,cross-community-distractor-replay,1401,376,3,0,4,0,eps,792000,32696,0.03442,,,false
phase15h-r4-cross-community-distractor-replay-ocs-volume-seed1401-load0p7,ocs-volume,cross-community-distractor-replay,1401,377,0,0,4,0,eps,348000,231552,0.03444,,,false
phase15h-r4-cross-community-distractor-replay-ocs-volume-seed1401-load0p7,ocs-volume,cross-community-distractor-replay,1401,378,1,0,5,0,eps,312000,312000,0.03446,0.0386044,0.0041444,true
phase15h-r4-cross-community-distractor-replay-ocs-volume-seed1401-load0p7,ocs-volume,cross-community-distractor-replay,1401,379,2,0,6,0,eps,300000,213864,0.03448,,,false
phase15h-r4-cross-community-distractor-replay-ocs-volume-seed1401-load0p7,ocs-volume,cross-community-distractor-replay,1401,380,0,0,1,0,eps,630000,257280,0.0345,,,false
phase15h-r4-cross-community-distractor-replay-ocs-volume-seed1401-load0p7,ocs-volume,cross-community-distractor-replay,1401,381,1,0,2,0,ocs,630000,630000,0.03452,0.038605362,0.004085362,true
phase15h-r4-cross-community-distractor-replay-ocs-volume-seed1401-load0p7,ocs-volume,cross-community-distractor-replay,1401,382,4,0,5,0,ocs,630000,630000,0.03454,0.038790171,0.004250171,true
phase15h-r4-cross-community-distractor-replay-ocs-volume-seed1401-load0p7,ocs-volume,cross-community-distractor-replay,1401,383,5,0,6,0,eps,630000,227264,0.03456,,,false
phase15h-r4-cross-community-distractor-replay-ocs-volume-seed1401-load0p7,ocs-volume,cross-community-distractor-replay,1401,384,2,0,3,0,eps,630000,234232,0.03458,,,false
phase15h-r4-cross-community-distractor-replay-ocs-volume-seed1401-load0p7,ocs-volume,cross-community-distractor-replay,1401,385,6,0,7,0,ocs,630000,630000,0.0346,0.039341936,0.004741936,true
phase15h-r4-cross-community-distractor-replay-ocs-volume-seed1401-load0p7,ocs-volume,cross-community-distractor-replay,1401,386,3,0,4,0,eps,792000,231552,0.03462,,,false
phase15h-r4-cross-community-distractor-replay-ocs-volume-seed1401-load0p7,ocs-volume,cross-community-distractor-replay,1401,387,0,0,4,0,eps,348000,228336,0.03464,,,false
phase15h-r4-cross-community-distractor-replay-ocs-volume-seed1401-load0p7,ocs-volume,cross-community-distractor-replay,1401,388,1,0,5,0,eps,312000,312000,0.03466,0.038877493,0.004217493,true
phase15h-r4-cross-community-distractor-replay-ocs-volume-seed1401-load0p7,ocs-volume,cross-community-distractor-replay,1401,389,2,0,6,0,eps,300000,222976,0.03468,,,false
phase15h-r4-cross-community-distractor-replay-ocs-volume-seed1401-load0p7,ocs-volume,cross-community-distractor-replay,1401,390,0,0,1,0,eps,3480000,246560,0.0351,,,false
phase15h-r4-cross-community-distractor-replay-ocs-volume-seed1401-load0p7,ocs-volume,cross-community-distractor-replay,1401,391,1,0,2,0,ocs,3480000,3480000,0.03512,0.047351406,0.012231406,true
phase15h-r4-cross-community-distractor-replay-ocs-volume-seed1401-load0p7,ocs-volume,cross-community-distractor-replay,1401,392,4,0,5,0,ocs,2520000,2520000,0.03514,0.044877599,0.009737599,true
phase15h-r4-cross-community-distractor-replay-ocs-volume-seed1401-load0p7,ocs-volume,cross-community-distractor-replay,1401,393,5,0,6,0,eps,1386000,217616,0.03516,,,false
phase15h-r4-cross-community-distractor-replay-ocs-volume-seed1401-load0p7,ocs-volume,cross-community-distractor-replay,1401,394,2,0,3,0,eps,2520000,65392,0.03518,,,false
phase15h-r4-cross-community-distractor-replay-ocs-volume-seed1401-load0p7,ocs-volume,cross-community-distractor-replay,1401,395,6,0,7,0,ocs,4320000,3926016,0.0352,,,false
phase15h-r4-cross-community-distractor-replay-ocs-volume-seed1401-load0p7,ocs-volume,cross-community-distractor-replay,1401,396,3,0,4,0,eps,1425600,219224,0.03522,,,false
phase15h-r4-cross-community-distractor-replay-ocs-volume-seed1401-load0p7,ocs-volume,cross-community-distractor-replay,1401,397,0,0,4,0,eps,1392000,217616,0.03524,,,false
phase15h-r4-cross-community-distractor-replay-ocs-volume-seed1401-load0p7,ocs-volume,cross-community-distractor-replay,1401,398,1,0,5,0,eps,1248000,1248000,0.03526,0.046226171,0.010966171,true
phase15h-r4-cross-community-distractor-replay-ocs-volume-seed1401-load0p7,ocs-volume,cross-community-distractor-replay,1401,399,2,0,6,0,eps,1200000,212792,0.03528,,,false
phase15h-r4-cross-community-distractor-replay-ocs-volume-seed1401-load0p7,ocs-volume,cross-community-distractor-replay,1401,400,0,0,1,0,eps,3480000,242272,0.0353,,,false
phase15h-r4-cross-community-distractor-replay-ocs-volume-seed1401-load0p7,ocs-volume,cross-community-distractor-replay,1401,401,1,0,2,0,eps,3480000,1364120,0.03532,,,false
phase15h-r4-cross-community-distractor-replay-ocs-volume-seed1401-load0p7,ocs-volume,cross-community-distractor-replay,1401,402,4,0,5,0,ocs,2520000,2520000,0.03534,0.045242821,0.009902821,true
phase15h-r4-cross-community-distractor-replay-ocs-volume-seed1401-load0p7,ocs-volume,cross-community-distractor-replay,1401,403,5,0,6,0,eps,1386000,213328,0.03536,,,false
phase15h-r4-cross-community-distractor-replay-ocs-volume-seed1401-load0p7,ocs-volume,cross-community-distractor-replay,1401,404,2,0,3,0,eps,2520000,220296,0.03538,,,false
phase15h-r4-cross-community-distractor-replay-ocs-volume-seed1401-load0p7,ocs-volume,cross-community-distractor-replay,1401,405,6,0,7,0,ocs,4320000,3913728,0.0354,,,false
phase15h-r4-cross-community-distractor-replay-ocs-volume-seed1401-load0p7,ocs-volume,cross-community-distractor-replay,1401,406,3,0,4,0,eps,1425600,216008,0.03542,,,false
phase15h-r4-cross-community-distractor-replay-ocs-volume-seed1401-load0p7,ocs-volume,cross-community-distractor-replay,1401,407,0,0,4,0,eps,1392000,213328,0.03544,,,false
phase15h-r4-cross-community-distractor-replay-ocs-volume-seed1401-load0p7,ocs-volume,cross-community-distractor-replay,1401,408,1,0,5,0,eps,1248000,1248000,0.03546,0.04682651,0.01136651,true
phase15h-r4-cross-community-distractor-replay-ocs-volume-seed1401-load0p7,ocs-volume,cross-community-distractor-replay,1401,409,2,0,6,0,eps,1200000,209576,0.03548,,,false
phase15h-r4-cross-community-distractor-replay-ocs-volume-seed1401-load0p7,ocs-volume,cross-community-distractor-replay,1401,410,0,0,1,0,eps,3480000,71288,0.0355,,,false
phase15h-r4-cross-community-distractor-replay-ocs-volume-seed1401-load0p7,ocs-volume,cross-community-distractor-replay,1401,411,1,0,2,0,eps,3480000,1345896,0.03552,,,false
phase15h-r4-cross-community-distractor-replay-ocs-volume-seed1401-load0p7,ocs-volume,cross-community-distractor-replay,1401,412,4,0,5,0,ocs,2520000,2520000,0.03554,0.045641161,0.010101161,true
phase15h-r4-cross-community-distractor-replay-ocs-volume-seed1401-load0p7,ocs-volume,cross-community-distractor-replay,1401,413,5,0,6,0,eps,1386000,209576,0.03556,,,false
phase15h-r4-cross-community-distractor-replay-ocs-volume-seed1401-load0p7,ocs-volume,cross-community-distractor-replay,1401,414,2,0,3,0,eps,2520000,217616,0.03558,,,false
phase15h-r4-cross-community-distractor-replay-ocs-volume-seed1401-load0p7,ocs-volume,cross-community-distractor-replay,1401,415,6,0,7,0,ocs,4320000,3805184,0.0356,,,false
phase15h-r4-cross-community-distractor-replay-ocs-volume-seed1401-load0p7,ocs-volume,cross-community-distractor-replay,1401,416,3,0,4,0,eps,1425600,212256,0.03562,,,false
phase15h-r4-cross-community-distractor-replay-ocs-volume-seed1401-load0p7,ocs-volume,cross-community-distractor-replay,1401,417,0,0,4,0,eps,1392000,209576,0.03564,,,false
phase15h-r4-cross-community-distractor-replay-ocs-volume-seed1401-load0p7,ocs-volume,cross-community-distractor-replay,1401,418,1,0,5,0,eps,1248000,1248000,0.03566,0.046645184,0.010985184,true
phase15h-r4-cross-community-distractor-replay-ocs-volume-seed1401-load0p7,ocs-volume,cross-community-distractor-replay,1401,419,2,0,6,0,eps,1200000,206896,0.03568,,,false
phase15h-r4-cross-community-distractor-replay-ocs-volume-seed1401-load0p7,ocs-volume,cross-community-distractor-replay,1401,420,0,0,1,0,eps,630000,170984,0.0391,,,false
phase15h-r4-cross-community-distractor-replay-ocs-volume-seed1401-load0p7,ocs-volume,cross-community-distractor-replay,1401,421,1,0,2,0,ocs,630000,630000,0.03912,0.043206244,0.004086244,true
phase15h-r4-cross-community-distractor-replay-ocs-volume-seed1401-load0p7,ocs-volume,cross-community-distractor-replay,1401,422,4,0,5,0,ocs,630000,630000,0.03914,0.043508286,0.004368286,true
phase15h-r4-cross-community-distractor-replay-ocs-volume-seed1401-load0p7,ocs-volume,cross-community-distractor-replay,1401,423,5,0,6,0,eps,630000,153296,0.03916,,,false
phase15h-r4-cross-community-distractor-replay-ocs-volume-seed1401-load0p7,ocs-volume,cross-community-distractor-replay,1401,424,2,0,3,0,eps,630000,155976,0.03918,,,false
phase15h-r4-cross-community-distractor-replay-ocs-volume-seed1401-load0p7,ocs-volume,cross-community-distractor-replay,1401,425,6,0,7,0,ocs,630000,630000,0.0392,0.043453595,0.004253595,true
phase15h-r4-cross-community-distractor-replay-ocs-volume-seed1401-load0p7,ocs-volume,cross-community-distractor-replay,1401,426,3,0,4,0,eps,792000,152224,0.03922,,,false
phase15h-r4-cross-community-distractor-replay-ocs-volume-seed1401-load0p7,ocs-volume,cross-community-distractor-replay,1401,427,0,0,4,0,eps,348000,150616,0.03924,,,false
phase15h-r4-cross-community-distractor-replay-ocs-volume-seed1401-load0p7,ocs-volume,cross-community-distractor-replay,1401,428,1,0,5,0,eps,312000,312000,0.03926,0.042973846,0.003713846,true
phase15h-r4-cross-community-distractor-replay-ocs-volume-seed1401-load0p7,ocs-volume,cross-community-distractor-replay,1401,429,2,0,6,0,eps,300000,149008,0.03928,,,false
phase15h-r4-cross-community-distractor-replay-ocs-volume-seed1401-load0p7,ocs-volume,cross-community-distractor-replay,1401,430,0,0,1,0,eps,630000,167232,0.0393,,,false
phase15h-r4-cross-community-distractor-replay-ocs-volume-seed1401-load0p7,ocs-volume,cross-community-distractor-replay,1401,431,1,0,2,0,ocs,630000,630000,0.03932,0.043793737,0.004473737,true
phase15h-r4-cross-community-distractor-replay-ocs-volume-seed1401-load0p7,ocs-volume,cross-community-distractor-replay,1401,432,4,0,5,0,ocs,630000,630000,0.03934,0.044047224,0.004707224,true
phase15h-r4-cross-community-distractor-replay-ocs-volume-seed1401-load0p7,ocs-volume,cross-community-distractor-replay,1401,433,5,0,6,0,eps,630000,149008,0.03936,,,false
phase15h-r4-cross-community-distractor-replay-ocs-volume-seed1401-load0p7,ocs-volume,cross-community-distractor-replay,1401,434,2,0,3,0,eps,630000,153296,0.03938,,,false
phase15h-r4-cross-community-distractor-replay-ocs-volume-seed1401-load0p7,ocs-volume,cross-community-distractor-replay,1401,435,6,0,7,0,ocs,630000,630000,0.0394,0.043559698,0.004159698,true
phase15h-r4-cross-community-distractor-replay-ocs-volume-seed1401-load0p7,ocs-volume,cross-community-distractor-replay,1401,436,3,0,4,0,eps,792000,149008,0.03942,,,false
phase15h-r4-cross-community-distractor-replay-ocs-volume-seed1401-load0p7,ocs-volume,cross-community-distractor-replay,1401,437,0,0,4,0,eps,348000,146328,0.03944,,,false
phase15h-r4-cross-community-distractor-replay-ocs-volume-seed1401-load0p7,ocs-volume,cross-community-distractor-replay,1401,438,1,0,5,0,eps,312000,312000,0.03946,0.043459815,0.003999815,true
phase15h-r4-cross-community-distractor-replay-ocs-volume-seed1401-load0p7,ocs-volume,cross-community-distractor-replay,1401,439,2,0,6,0,eps,300000,146864,0.03948,,,false
phase15h-r4-cross-community-distractor-replay-ocs-volume-seed1401-load0p7,ocs-volume,cross-community-distractor-replay,1401,440,0,0,1,0,eps,630000,162944,0.0395,,,false
phase15h-r4-cross-community-distractor-replay-ocs-volume-seed1401-load0p7,ocs-volume,cross-community-distractor-replay,1401,441,1,0,2,0,ocs,630000,630000,0.03952,0.043677016,0.004157016,true
phase15h-r4-cross-community-distractor-replay-ocs-volume-seed1401-load0p7,ocs-volume,cross-community-distractor-replay,1401,442,4,0,5,0,ocs,630000,630000,0.03954,0.044181583,0.004641583,true
phase15h-r4-cross-community-distractor-replay-ocs-volume-seed1401-load0p7,ocs-volume,cross-community-distractor-replay,1401,443,5,0,6,0,eps,630000,146328,0.03956,,,false
phase15h-r4-cross-community-distractor-replay-ocs-volume-seed1401-load0p7,ocs-volume,cross-community-distractor-replay,1401,444,2,0,3,0,eps,630000,149008,0.03958,,,false
phase15h-r4-cross-community-distractor-replay-ocs-volume-seed1401-load0p7,ocs-volume,cross-community-distractor-replay,1401,445,6,0,7,0,ocs,630000,630000,0.0396,0.044283449,0.004683449,true
phase15h-r4-cross-community-distractor-replay-ocs-volume-seed1401-load0p7,ocs-volume,cross-community-distractor-replay,1401,446,3,0,4,0,eps,792000,37520,0.03962,,,false
phase15h-r4-cross-community-distractor-replay-ocs-volume-seed1401-load0p7,ocs-volume,cross-community-distractor-replay,1401,447,0,0,4,0,eps,348000,142576,0.03964,,,false
phase15h-r4-cross-community-distractor-replay-ocs-volume-seed1401-load0p7,ocs-volume,cross-community-distractor-replay,1401,448,1,0,5,0,eps,312000,312000,0.03966,0.043665872,0.004005872,true
phase15h-r4-cross-community-distractor-replay-ocs-volume-seed1401-load0p7,ocs-volume,cross-community-distractor-replay,1401,449,2,0,6,0,eps,300000,142576,0.03968,,,false
phase15h-r4-cross-community-distractor-replay-ocs-volume-seed1401-load0p7,ocs-volume,cross-community-distractor-replay,1401,450,0,0,1,0,eps,3480000,153296,0.0401,,,false
phase15h-r4-cross-community-distractor-replay-ocs-volume-seed1401-load0p7,ocs-volume,cross-community-distractor-replay,1401,451,1,0,2,0,ocs,3480000,2266208,0.04012,,,false
phase15h-r4-cross-community-distractor-replay-ocs-volume-seed1401-load0p7,ocs-volume,cross-community-distractor-replay,1401,452,4,0,5,0,ocs,2520000,2346072,0.04014,,,false
phase15h-r4-cross-community-distractor-replay-ocs-volume-seed1401-load0p7,ocs-volume,cross-community-distractor-replay,1401,453,5,0,6,0,eps,1386000,137216,0.04016,,,false
phase15h-r4-cross-community-distractor-replay-ocs-volume-seed1401-load0p7,ocs-volume,cross-community-distractor-replay,1401,454,2,0,3,0,eps,2520000,139896,0.04018,,,false
phase15h-r4-cross-community-distractor-replay-ocs-volume-seed1401-load0p7,ocs-volume,cross-community-distractor-replay,1401,455,6,0,7,0,ocs,4320000,2342320,0.0402,,,false
phase15h-r4-cross-community-distractor-replay-ocs-volume-seed1401-load0p7,ocs-volume,cross-community-distractor-replay,1401,456,3,0,4,0,eps,1425600,99696,0.04022,,,false
phase15h-r4-cross-community-distractor-replay-ocs-volume-seed1401-load0p7,ocs-volume,cross-community-distractor-replay,1401,457,0,0,4,0,eps,1392000,133464,0.04024,,,false
phase15h-r4-cross-community-distractor-replay-ocs-volume-seed1401-load0p7,ocs-volume,cross-community-distractor-replay,1401,458,1,0,5,0,eps,1248000,906376,0.04026,,,false
phase15h-r4-cross-community-distractor-replay-ocs-volume-seed1401-load0p7,ocs-volume,cross-community-distractor-replay,1401,459,2,0,6,0,eps,1200000,134000,0.04028,,,false
phase15h-r4-cross-community-distractor-replay-ocs-volume-seed1401-load0p7,ocs-volume,cross-community-distractor-replay,1401,460,0,0,1,0,eps,3480000,149008,0.0403,,,false
phase15h-r4-cross-community-distractor-replay-ocs-volume-seed1401-load0p7,ocs-volume,cross-community-distractor-replay,1401,461,1,0,2,0,ocs,3480000,2273712,0.04032,,,false
phase15h-r4-cross-community-distractor-replay-ocs-volume-seed1401-load0p7,ocs-volume,cross-community-distractor-replay,1401,462,4,0,5,0,ocs,2520000,2369656,0.04034,,,false
phase15h-r4-cross-community-distractor-replay-ocs-volume-seed1401-load0p7,ocs-volume,cross-community-distractor-replay,1401,463,5,0,6,0,eps,1386000,134000,0.04036,,,false
phase15h-r4-cross-community-distractor-replay-ocs-volume-seed1401-load0p7,ocs-volume,cross-community-distractor-replay,1401,464,2,0,3,0,eps,2520000,134536,0.04038,,,false
phase15h-r4-cross-community-distractor-replay-ocs-volume-seed1401-load0p7,ocs-volume,cross-community-distractor-replay,1401,465,6,0,7,0,ocs,4320000,2317664,0.0404,,,false
phase15h-r4-cross-community-distractor-replay-ocs-volume-seed1401-load0p7,ocs-volume,cross-community-distractor-replay,1401,466,3,0,4,0,eps,1425600,132928,0.04042,,,false
phase15h-r4-cross-community-distractor-replay-ocs-volume-seed1401-load0p7,ocs-volume,cross-community-distractor-replay,1401,467,0,0,4,0,eps,1392000,130784,0.04044,,,false
phase15h-r4-cross-community-distractor-replay-ocs-volume-seed1401-load0p7,ocs-volume,cross-community-distractor-replay,1401,468,1,0,5,0,eps,1248000,883328,0.04046,,,false
phase15h-r4-cross-community-distractor-replay-ocs-volume-seed1401-load0p7,ocs-volume,cross-community-distractor-replay,1401,469,2,0,6,0,eps,1200000,130248,0.04048,,,false
phase15h-r4-cross-community-distractor-replay-ocs-volume-seed1401-load0p7,ocs-volume,cross-community-distractor-replay,1401,470,0,0,1,0,eps,3480000,146328,0.0405,,,false
phase15h-r4-cross-community-distractor-replay-ocs-volume-seed1401-load0p7,ocs-volume,cross-community-distractor-replay,1401,471,1,0,2,0,eps,3480000,696264,0.04052,,,false
phase15h-r4-cross-community-distractor-replay-ocs-volume-seed1401-load0p7,ocs-volume,cross-community-distractor-replay,1401,472,4,0,5,0,ocs,2520000,2218504,0.04054,,,false
phase15h-r4-cross-community-distractor-replay-ocs-volume-seed1401-load0p7,ocs-volume,cross-community-distractor-replay,1401,473,5,0,6,0,eps,1386000,130248,0.04056,,,false
phase15h-r4-cross-community-distractor-replay-ocs-volume-seed1401-load0p7,ocs-volume,cross-community-distractor-replay,1401,474,2,0,3,0,eps,2520000,132928,0.04058,,,false
phase15h-r4-cross-community-distractor-replay-ocs-volume-seed1401-load0p7,ocs-volume,cross-community-distractor-replay,1401,475,6,0,7,0,eps,4320000,1089688,0.0406,,,false
phase15h-r4-cross-community-distractor-replay-ocs-volume-seed1401-load0p7,ocs-volume,cross-community-distractor-replay,1401,476,3,0,4,0,eps,1425600,130248,0.04062,,,false
phase15h-r4-cross-community-distractor-replay-ocs-volume-seed1401-load0p7,ocs-volume,cross-community-distractor-replay,1401,477,0,0,4,0,eps,1392000,127568,0.04064,,,false
phase15h-r4-cross-community-distractor-replay-ocs-volume-seed1401-load0p7,ocs-volume,cross-community-distractor-replay,1401,478,1,0,5,0,eps,1248000,855456,0.04066,,,false
phase15h-r4-cross-community-distractor-replay-ocs-volume-seed1401-load0p7,ocs-volume,cross-community-distractor-replay,1401,479,2,0,6,0,eps,1200000,126496,0.04068,,,false
phase15h-r4-cross-community-distractor-replay-ocs-volume-seed1401-load0p7,ocs-volume,cross-community-distractor-replay,1401,480,0,0,1,0,eps,630000,86296,0.0441,,,false
phase15h-r4-cross-community-distractor-replay-ocs-volume-seed1401-load0p7,ocs-volume,cross-community-distractor-replay,1401,481,1,0,2,0,ocs,630000,630000,0.04412,0.047964536,0.003844536,true
phase15h-r4-cross-community-distractor-replay-ocs-volume-seed1401-load0p7,ocs-volume,cross-community-distractor-replay,1401,482,4,0,5,0,ocs,630000,630000,0.04414,0.048415815,0.004275815,true
phase15h-r4-cross-community-distractor-replay-ocs-volume-seed1401-load0p7,ocs-volume,cross-community-distractor-replay,1401,483,5,0,6,0,eps,630000,76648,0.04416,,,false
phase15h-r4-cross-community-distractor-replay-ocs-volume-seed1401-load0p7,ocs-volume,cross-community-distractor-replay,1401,484,2,0,3,0,eps,630000,78256,0.04418,,,false
phase15h-r4-cross-community-distractor-replay-ocs-volume-seed1401-load0p7,ocs-volume,cross-community-distractor-replay,1401,485,6,0,7,0,ocs,630000,630000,0.0442,0.048090356,0.003890356,true
phase15h-r4-cross-community-distractor-replay-ocs-volume-seed1401-load0p7,ocs-volume,cross-community-distractor-replay,1401,486,3,0,4,0,eps,792000,76648,0.04422,,,false
phase15h-r4-cross-community-distractor-replay-ocs-volume-seed1401-load0p7,ocs-volume,cross-community-distractor-replay,1401,487,0,0,4,0,eps,348000,75576,0.04424,,,false
phase15h-r4-cross-community-distractor-replay-ocs-volume-seed1401-load0p7,ocs-volume,cross-community-distractor-replay,1401,488,1,0,5,0,eps,312000,312000,0.04426,0.048513641,0.004253641,true
phase15h-r4-cross-community-distractor-replay-ocs-volume-seed1401-load0p7,ocs-volume,cross-community-distractor-replay,1401,489,2,0,6,0,eps,300000,73968,0.04428,,,false
phase15h-r4-cross-community-distractor-replay-ocs-volume-seed1401-load0p7,ocs-volume,cross-community-distractor-replay,1401,490,0,0,1,0,eps,630000,83616,0.0443,,,false
phase15h-r4-cross-community-distractor-replay-ocs-volume-seed1401-load0p7,ocs-volume,cross-community-distractor-replay,1401,491,1,0,2,0,ocs,630000,630000,0.04432,0.047873044,0.003553044,true
phase15h-r4-cross-community-distractor-replay-ocs-volume-seed1401-load0p7,ocs-volume,cross-community-distractor-replay,1401,492,4,0,5,0,ocs,630000,630000,0.04434,0.048397949,0.004057949,true
phase15h-r4-cross-community-distractor-replay-ocs-volume-seed1401-load0p7,ocs-volume,cross-community-distractor-replay,1401,493,5,0,6,0,eps,630000,73968,0.04436,,,false
phase15h-r4-cross-community-distractor-replay-ocs-volume-seed1401-load0p7,ocs-volume,cross-community-distractor-replay,1401,494,2,0,3,0,eps,630000,73968,0.04438,,,false
phase15h-r4-cross-community-distractor-replay-ocs-volume-seed1401-load0p7,ocs-volume,cross-community-distractor-replay,1401,495,6,0,7,0,ocs,630000,630000,0.0444,0.047893681,0.003493681,true
phase15h-r4-cross-community-distractor-replay-ocs-volume-seed1401-load0p7,ocs-volume,cross-community-distractor-replay,1401,496,3,0,4,0,eps,792000,72896,0.04442,,,false
phase15h-r4-cross-community-distractor-replay-ocs-volume-seed1401-load0p7,ocs-volume,cross-community-distractor-replay,1401,497,0,0,4,0,eps,348000,71824,0.04444,,,false
phase15h-r4-cross-community-distractor-replay-ocs-volume-seed1401-load0p7,ocs-volume,cross-community-distractor-replay,1401,498,1,0,5,0,eps,312000,312000,0.04446,0.048722187,0.004262187,true
phase15h-r4-cross-community-distractor-replay-ocs-volume-seed1401-load0p7,ocs-volume,cross-community-distractor-replay,1401,499,2,0,6,0,eps,300000,71288,0.04448,,,false
phase15h-r4-cross-community-distractor-replay-ocs-volume-seed1401-load0p7,ocs-volume,cross-community-distractor-replay,1401,500,0,0,1,0,eps,630000,15008,0.0445,,,false
phase15h-r4-cross-community-distractor-replay-ocs-volume-seed1401-load0p7,ocs-volume,cross-community-distractor-replay,1401,501,1,0,2,0,ocs,630000,630000,0.04452,0.048459775,0.003939775,true
phase15h-r4-cross-community-distractor-replay-ocs-volume-seed1401-load0p7,ocs-volume,cross-community-distractor-replay,1401,502,4,0,5,0,ocs,630000,630000,0.04454,0.048575181,0.004035181,true
phase15h-r4-cross-community-distractor-replay-ocs-volume-seed1401-load0p7,ocs-volume,cross-community-distractor-replay,1401,503,5,0,6,0,eps,630000,71288,0.04456,,,false
phase15h-r4-cross-community-distractor-replay-ocs-volume-seed1401-load0p7,ocs-volume,cross-community-distractor-replay,1401,504,2,0,3,0,eps,630000,71288,0.04458,,,false
phase15h-r4-cross-community-distractor-replay-ocs-volume-seed1401-load0p7,ocs-volume,cross-community-distractor-replay,1401,505,6,0,7,0,ocs,630000,630000,0.0446,0.048404698,0.003804698,true
phase15h-r4-cross-community-distractor-replay-ocs-volume-seed1401-load0p7,ocs-volume,cross-community-distractor-replay,1401,506,3,0,4,0,eps,792000,71288,0.04462,,,false
phase15h-r4-cross-community-distractor-replay-ocs-volume-seed1401-load0p7,ocs-volume,cross-community-distractor-replay,1401,507,0,0,4,0,eps,348000,69144,0.04464,,,false
phase15h-r4-cross-community-distractor-replay-ocs-volume-seed1401-load0p7,ocs-volume,cross-community-distractor-replay,1401,508,1,0,5,0,eps,312000,312000,0.04466,0.048891383,0.004231383,true
phase15h-r4-cross-community-distractor-replay-ocs-volume-seed1401-load0p7,ocs-volume,cross-community-distractor-replay,1401,509,2,0,6,0,eps,300000,67000,0.04468,,,false
phase15h-r4-cross-community-distractor-replay-ocs-volume-seed1401-load0p7,ocs-volume,cross-community-distractor-replay,1401,510,0,0,1,0,eps,3480000,30552,0.0451,,,false
phase15h-r4-cross-community-distractor-replay-ocs-volume-seed1401-load0p7,ocs-volume,cross-community-distractor-replay,1401,511,1,0,2,0,ocs,3480000,985168,0.04512,,,false
phase15h-r4-cross-community-distractor-replay-ocs-volume-seed1401-load0p7,ocs-volume,cross-community-distractor-replay,1401,512,4,0,5,0,ocs,2520000,867784,0.04514,,,false
phase15h-r4-cross-community-distractor-replay-ocs-volume-seed1401-load0p7,ocs-volume,cross-community-distractor-replay,1401,513,5,0,6,0,eps,1386000,61640,0.04516,,,false
phase15h-r4-cross-community-distractor-replay-ocs-volume-seed1401-load0p7,ocs-volume,cross-community-distractor-replay,1401,514,2,0,3,0,eps,2520000,63248,0.04518,,,false
phase15h-r4-cross-community-distractor-replay-ocs-volume-seed1401-load0p7,ocs-volume,cross-community-distractor-replay,1401,515,6,0,7,0,ocs,4320000,932104,0.0452,,,false
phase15h-r4-cross-community-distractor-replay-ocs-volume-seed1401-load0p7,ocs-volume,cross-community-distractor-replay,1401,516,3,0,4,0,eps,1425600,63248,0.04522,,,false
phase15h-r4-cross-community-distractor-replay-ocs-volume-seed1401-load0p7,ocs-volume,cross-community-distractor-replay,1401,517,0,0,4,0,eps,1392000,60568,0.04524,,,false
phase15h-r4-cross-community-distractor-replay-ocs-volume-seed1401-load0p7,ocs-volume,cross-community-distractor-replay,1401,518,1,0,5,0,eps,1248000,384848,0.04526,,,false
phase15h-r4-cross-community-distractor-replay-ocs-volume-seed1401-load0p7,ocs-volume,cross-community-distractor-replay,1401,519,2,0,6,0,eps,1200000,59496,0.04528,,,false
phase15h-r4-cross-community-distractor-replay-ocs-volume-seed1401-load0p7,ocs-volume,cross-community-distractor-replay,1401,520,0,0,1,0,eps,3480000,67000,0.0453,,,false
phase15h-r4-cross-community-distractor-replay-ocs-volume-seed1401-load0p7,ocs-volume,cross-community-distractor-replay,1401,521,1,0,2,0,ocs,3480000,34840,0.04532,,,false
phase15h-r4-cross-community-distractor-replay-ocs-volume-seed1401-load0p7,ocs-volume,cross-community-distractor-replay,1401,522,4,0,5,0,ocs,2520000,797032,0.04534,,,false
phase15h-r4-cross-community-distractor-replay-ocs-volume-seed1401-load0p7,ocs-volume,cross-community-distractor-replay,1401,523,5,0,6,0,eps,1386000,58960,0.04536,,,false
phase15h-r4-cross-community-distractor-replay-ocs-volume-seed1401-load0p7,ocs-volume,cross-community-distractor-replay,1401,524,2,0,3,0,eps,2520000,60568,0.04538,,,false
phase15h-r4-cross-community-distractor-replay-ocs-volume-seed1401-load0p7,ocs-volume,cross-community-distractor-replay,1401,525,6,0,7,0,eps,4320000,274968,0.0454,,,false
phase15h-r4-cross-community-distractor-replay-ocs-volume-seed1401-load0p7,ocs-volume,cross-community-distractor-replay,1401,526,3,0,4,0,eps,1425600,58960,0.04542,,,false
phase15h-r4-cross-community-distractor-replay-ocs-volume-seed1401-load0p7,ocs-volume,cross-community-distractor-replay,1401,527,0,0,4,0,eps,1392000,3216,0.04544,,,false
phase15h-r4-cross-community-distractor-replay-ocs-volume-seed1401-load0p7,ocs-volume,cross-community-distractor-replay,1401,528,1,0,5,0,eps,1248000,360192,0.04546,,,false
phase15h-r4-cross-community-distractor-replay-ocs-volume-seed1401-load0p7,ocs-volume,cross-community-distractor-replay,1401,529,2,0,6,0,eps,1200000,56816,0.04548,,,false
phase15h-r4-cross-community-distractor-replay-ocs-volume-seed1401-load0p7,ocs-volume,cross-community-distractor-replay,1401,530,0,0,1,0,eps,3480000,64320,0.0455,,,false
phase15h-r4-cross-community-distractor-replay-ocs-volume-seed1401-load0p7,ocs-volume,cross-community-distractor-replay,1401,531,1,0,2,0,ocs,3480000,818472,0.04552,,,false
phase15h-r4-cross-community-distractor-replay-ocs-volume-seed1401-load0p7,ocs-volume,cross-community-distractor-replay,1401,532,4,0,5,0,eps,2520000,254600,0.04554,,,false
phase15h-r4-cross-community-distractor-replay-ocs-volume-seed1401-load0p7,ocs-volume,cross-community-distractor-replay,1401,533,5,0,6,0,eps,1386000,56280,0.04556,,,false
phase15h-r4-cross-community-distractor-replay-ocs-volume-seed1401-load0p7,ocs-volume,cross-community-distractor-replay,1401,534,2,0,3,0,eps,2520000,57888,0.04558,,,false
phase15h-r4-cross-community-distractor-replay-ocs-volume-seed1401-load0p7,ocs-volume,cross-community-distractor-replay,1401,535,6,0,7,0,ocs,4320000,864568,0.0456,,,false
phase15h-r4-cross-community-distractor-replay-ocs-volume-seed1401-load0p7,ocs-volume,cross-community-distractor-replay,1401,536,3,0,4,0,eps,1425600,56280,0.04562,,,false
phase15h-r4-cross-community-distractor-replay-ocs-volume-seed1401-load0p7,ocs-volume,cross-community-distractor-replay,1401,537,0,0,4,0,eps,1392000,54672,0.04564,,,false
phase15h-r4-cross-community-distractor-replay-ocs-volume-seed1401-load0p7,ocs-volume,cross-community-distractor-replay,1401,538,1,0,5,0,eps,1248000,339288,0.04566,,,false
phase15h-r4-cross-community-distractor-replay-ocs-volume-seed1401-load0p7,ocs-volume,cross-community-distractor-replay,1401,539,2,0,6,0,eps,1200000,5360,0.04568,,,false
phase15h-r4-cross-community-distractor-replay-ocs-volume-seed1401-load0p7,ocs-volume,cross-community-distractor-replay,1401,540,0,0,1,0,eps,630000,9648,0.0491,,,false
phase15h-r4-cross-community-distractor-replay-ocs-volume-seed1401-load0p7,ocs-volume,cross-community-distractor-replay,1401,541,1,0,2,0,ocs,630000,73432,0.04912,,,false
phase15h-r4-cross-community-distractor-replay-ocs-volume-seed1401-load0p7,ocs-volume,cross-community-distractor-replay,1401,542,4,0,5,0,ocs,630000,69680,0.04914,,,false
phase15h-r4-cross-community-distractor-replay-ocs-volume-seed1401-load0p7,ocs-volume,cross-community-distractor-replay,1401,543,5,0,6,0,eps,630000,8576,0.04916,,,false
phase15h-r4-cross-community-distractor-replay-ocs-volume-seed1401-load0p7,ocs-volume,cross-community-distractor-replay,1401,544,2,0,3,0,eps,630000,8576,0.04918,,,false
phase15h-r4-cross-community-distractor-replay-ocs-volume-seed1401-load0p7,ocs-volume,cross-community-distractor-replay,1401,545,6,0,7,0,ocs,630000,57352,0.0492,,,false
phase15h-r4-cross-community-distractor-replay-ocs-volume-seed1401-load0p7,ocs-volume,cross-community-distractor-replay,1401,546,3,0,4,0,eps,792000,6968,0.04922,,,false
phase15h-r4-cross-community-distractor-replay-ocs-volume-seed1401-load0p7,ocs-volume,cross-community-distractor-replay,1401,547,0,0,4,0,eps,348000,5896,0.04924,,,false
phase15h-r4-cross-community-distractor-replay-ocs-volume-seed1401-load0p7,ocs-volume,cross-community-distractor-replay,1401,548,1,0,5,0,eps,312000,22512,0.04926,,,false
phase15h-r4-cross-community-distractor-replay-ocs-volume-seed1401-load0p7,ocs-volume,cross-community-distractor-replay,1401,549,2,0,6,0,eps,300000,5896,0.04928,,,false
phase15h-r4-cross-community-distractor-replay-ocs-volume-seed1401-load0p7,ocs-volume,cross-community-distractor-replay,1401,550,0,0,1,0,eps,630000,5896,0.0493,,,false
phase15h-r4-cross-community-distractor-replay-ocs-volume-seed1401-load0p7,ocs-volume,cross-community-distractor-replay,1401,551,1,0,2,0,ocs,630000,0,0.04932,,,false
phase15h-r4-cross-community-distractor-replay-ocs-volume-seed1401-load0p7,ocs-volume,cross-community-distractor-replay,1401,552,4,0,5,0,ocs,630000,37520,0.04934,,,false
phase15h-r4-cross-community-distractor-replay-ocs-volume-seed1401-load0p7,ocs-volume,cross-community-distractor-replay,1401,553,5,0,6,0,eps,630000,6968,0.04936,,,false
phase15h-r4-cross-community-distractor-replay-ocs-volume-seed1401-load0p7,ocs-volume,cross-community-distractor-replay,1401,554,2,0,3,0,eps,630000,5896,0.04938,,,false
phase15h-r4-cross-community-distractor-replay-ocs-volume-seed1401-load0p7,ocs-volume,cross-community-distractor-replay,1401,555,6,0,7,0,ocs,630000,0,0.0494,,,false
phase15h-r4-cross-community-distractor-replay-ocs-volume-seed1401-load0p7,ocs-volume,cross-community-distractor-replay,1401,556,3,0,4,0,eps,792000,4288,0.04942,,,false
phase15h-r4-cross-community-distractor-replay-ocs-volume-seed1401-load0p7,ocs-volume,cross-community-distractor-replay,1401,557,0,0,4,0,eps,348000,4288,0.04944,,,false
phase15h-r4-cross-community-distractor-replay-ocs-volume-seed1401-load0p7,ocs-volume,cross-community-distractor-replay,1401,558,1,0,5,0,eps,312000,13936,0.04946,,,false
phase15h-r4-cross-community-distractor-replay-ocs-volume-seed1401-load0p7,ocs-volume,cross-community-distractor-replay,1401,559,2,0,6,0,eps,300000,1608,0.04948,,,false
phase15h-r4-cross-community-distractor-replay-ocs-volume-seed1401-load0p7,ocs-volume,cross-community-distractor-replay,1401,560,0,0,1,0,eps,630000,3216,0.0495,,,false
phase15h-r4-cross-community-distractor-replay-ocs-volume-seed1401-load0p7,ocs-volume,cross-community-distractor-replay,1401,561,1,0,2,0,ocs,630000,34840,0.04952,,,false
phase15h-r4-cross-community-distractor-replay-ocs-volume-seed1401-load0p7,ocs-volume,cross-community-distractor-replay,1401,562,4,0,5,0,ocs,630000,24656,0.04954,,,false
phase15h-r4-cross-community-distractor-replay-ocs-volume-seed1401-load0p7,ocs-volume,cross-community-distractor-replay,1401,563,5,0,6,0,eps,630000,1608,0.04956,,,false
phase15h-r4-cross-community-distractor-replay-ocs-volume-seed1401-load0p7,ocs-volume,cross-community-distractor-replay,1401,564,2,0,3,0,eps,630000,3216,0.04958,,,false
phase15h-r4-cross-community-distractor-replay-ocs-volume-seed1401-load0p7,ocs-volume,cross-community-distractor-replay,1401,565,6,0,7,0,ocs,630000,16080,0.0496,,,false
phase15h-r4-cross-community-distractor-replay-ocs-volume-seed1401-load0p7,ocs-volume,cross-community-distractor-replay,1401,566,3,0,4,0,eps,792000,3216,0.04962,,,false
phase15h-r4-cross-community-distractor-replay-ocs-volume-seed1401-load0p7,ocs-volume,cross-community-distractor-replay,1401,567,0,0,4,0,eps,348000,1608,0.04964,,,false
phase15h-r4-cross-community-distractor-replay-ocs-volume-seed1401-load0p7,ocs-volume,cross-community-distractor-replay,1401,568,1,0,5,0,eps,312000,5360,0.04966,,,false
phase15h-r4-cross-community-distractor-replay-ocs-volume-seed1401-load0p7,ocs-volume,cross-community-distractor-replay,1401,569,2,0,6,0,eps,300000,1608,0.04968,,,false
