experiment,scheme,traffic_pattern,run_id,flow_id,source_tor,source_server,destination_tor,destination_server,path_type,size_bytes,received_bytes,start_time_s,completion_time_s,fct_s,completed
phase15h-r4-high-degree-aggregator-bias-replay-ocs-oracle-seed1401-load0p7,ocs-oracle,high-degree-aggregator-bias-replay,1401,0,0,0,1,0,eps,570000,570000,0.0041,0.039859072,0.035759072,true
phase15h-r4-high-degree-aggregator-bias-replay-ocs-oracle-seed1401-load0p7,ocs-oracle,high-degree-aggregator-bias-replay,1401,1,0,0,2,0,eps,570000,570000,0.00412,0.0399294,0.0358094,true
phase15h-r4-high-degree-aggregator-bias-replay-ocs-oracle-seed1401-load0p7,ocs-oracle,high-degree-aggregator-bias-replay,1401,2,0,0,3,0,eps,570000,570000,0.00414,0.04050589,0.03636589,true
phase15h-r4-high-degree-aggregator-bias-replay-ocs-oracle-seed1401-load0p7,ocs-oracle,high-degree-aggregator-bias-replay,1401,3,0,0,4,0,eps,570000,570000,0.00416,0.041134956,0.036974956,true
phase15h-r4-high-degree-aggregator-bias-replay-ocs-oracle-seed1401-load0p7,ocs-oracle,high-degree-aggregator-bias-replay,1401,4,0,0,5,0,eps,570000,570000,0.00418,0.041329921,0.037149921,true
phase15h-r4-high-degree-aggregator-bias-replay-ocs-oracle-seed1401-load0p7,ocs-oracle,high-degree-aggregator-bias-replay,1401,5,0,0,6,0,eps,570000,570000,0.0042,0.04172937,0.03752937,true
phase15h-r4-high-degree-aggregator-bias-replay-ocs-oracle-seed1401-load0p7,ocs-oracle,high-degree-aggregator-bias-replay,1401,6,1,0,2,0,eps,528000,528000,0.00422,0.008036604,0.003816604,true
phase15h-r4-high-degree-aggregator-bias-replay-ocs-oracle-seed1401-load0p7,ocs-oracle,high-degree-aggregator-bias-replay,1401,7,2,0,3,0,eps,528000,528000,0.00424,0.00982211,0.00558211,true
phase15h-r4-high-degree-aggregator-bias-replay-ocs-oracle-seed1401-load0p7,ocs-oracle,high-degree-aggregator-bias-replay,1401,8,4,0,5,0,eps,528000,528000,0.00426,0.008137301,0.003877301,true
phase15h-r4-high-degree-aggregator-bias-replay-ocs-oracle-seed1401-load0p7,ocs-oracle,high-degree-aggregator-bias-replay,1401,9,5,0,6,0,eps,528000,528000,0.00428,0.011282158,0.007002158,true
phase15h-r4-high-degree-aggregator-bias-replay-ocs-oracle-seed1401-load0p7,ocs-oracle,high-degree-aggregator-bias-replay,1401,10,1,0,3,0,eps,432000,432000,0.0043,0.009097226,0.004797226,true
phase15h-r4-high-degree-aggregator-bias-replay-ocs-oracle-seed1401-load0p7,ocs-oracle,high-degree-aggregator-bias-replay,1401,11,4,0,6,0,eps,432000,432000,0.00432,0.009950921,0.005630921,true
phase15h-r4-high-degree-aggregator-bias-replay-ocs-oracle-seed1401-load0p7,ocs-oracle,high-degree-aggregator-bias-replay,1401,12,6,0,7,0,eps,240000,240000,0.00434,0.00711274,0.00277274,true
phase15h-r4-high-degree-aggregator-bias-replay-ocs-oracle-seed1401-load0p7,ocs-oracle,high-degree-aggregator-bias-replay,1401,13,0,0,1,0,eps,570000,395568,0.00436,,,false
phase15h-r4-high-degree-aggregator-bias-replay-ocs-oracle-seed1401-load0p7,ocs-oracle,high-degree-aggregator-bias-replay,1401,14,0,0,2,0,eps,570000,570000,0.00438,0.045647628,0.041267628,true
phase15h-r4-high-degree-aggregator-bias-replay-ocs-oracle-seed1401-load0p7,ocs-oracle,high-degree-aggregator-bias-replay,1401,15,0,0,3,0,eps,570000,570000,0.0044,0.045203423,0.040803423,true
phase15h-r4-high-degree-aggregator-bias-replay-ocs-oracle-seed1401-load0p7,ocs-oracle,high-degree-aggregator-bias-replay,1401,16,0,0,4,0,eps,570000,493120,0.00442,,,false
phase15h-r4-high-degree-aggregator-bias-replay-ocs-oracle-seed1401-load0p7,ocs-oracle,high-degree-aggregator-bias-replay,1401,17,0,0,5,0,eps,570000,570000,0.00444,0.045829932,0.041389932,true
phase15h-r4-high-degree-aggregator-bias-replay-ocs-oracle-seed1401-load0p7,ocs-oracle,high-degree-aggregator-bias-replay,1401,18,0,0,6,0,eps,570000,570000,0.00446,0.046488828,0.042028828,true
phase15h-r4-high-degree-aggregator-bias-replay-ocs-oracle-seed1401-load0p7,ocs-oracle,high-degree-aggregator-bias-replay,1401,19,1,0,2,0,eps,528000,528000,0.00448,0.008328612,0.003848612,true
phase15h-r4-high-degree-aggregator-bias-replay-ocs-oracle-seed1401-load0p7,ocs-oracle,high-degree-aggregator-bias-replay,1401,20,2,0,3,0,eps,528000,528000,0.0045,0.010167953,0.005667953,true
phase15h-r4-high-degree-aggregator-bias-replay-ocs-oracle-seed1401-load0p7,ocs-oracle,high-degree-aggregator-bias-replay,1401,21,4,0,5,0,eps,528000,528000,0.00452,0.008437979,0.003917979,true
phase15h-r4-high-degree-aggregator-bias-replay-ocs-oracle-seed1401-load0p7,ocs-oracle,high-degree-aggregator-bias-replay,1401,22,5,0,6,0,eps,528000,528000,0.00454,0.012082577,0.007542577,true
phase15h-r4-high-degree-aggregator-bias-replay-ocs-oracle-seed1401-load0p7,ocs-oracle,high-degree-aggregator-bias-replay,1401,23,1,0,3,0,eps,432000,432000,0.00456,0.009446674,0.004886674,true
phase15h-r4-high-degree-aggregator-bias-replay-ocs-oracle-seed1401-load0p7,ocs-oracle,high-degree-aggregator-bias-replay,1401,24,4,0,6,0,eps,432000,432000,0.00458,0.010589147,0.006009147,true
phase15h-r4-high-degree-aggregator-bias-replay-ocs-oracle-seed1401-load0p7,ocs-oracle,high-degree-aggregator-bias-replay,1401,25,6,0,7,0,eps,240000,240000,0.0046,0.007490876,0.002890876,true
phase15h-r4-high-degree-aggregator-bias-replay-ocs-oracle-seed1401-load0p7,ocs-oracle,high-degree-aggregator-bias-replay,1401,26,0,0,1,0,eps,570000,570000,0.00462,0.049033307,0.044413307,true
phase15h-r4-high-degree-aggregator-bias-replay-ocs-oracle-seed1401-load0p7,ocs-oracle,high-degree-aggregator-bias-replay,1401,27,0,0,2,0,eps,570000,570000,0.00464,0.049560361,0.044920361,true
phase15h-r4-high-degree-aggregator-bias-replay-ocs-oracle-seed1401-load0p7,ocs-oracle,high-degree-aggregator-bias-replay,1401,28,0,0,3,0,eps,570000,569768,0.00466,,,false
phase15h-r4-high-degree-aggregator-bias-replay-ocs-oracle-seed1401-load0p7,ocs-oracle,high-degree-aggregator-bias-replay,1401,29,0,0,4,0,eps,570000,442736,0.00468,,,false
phase15h-r4-high-degree-aggregator-bias-replay-ocs-oracle-seed1401-load0p7,ocs-oracle,high-degree-aggregator-bias-replay,1401,30,0,0,5,0,eps,570000,508128,0.0047,,,false
phase15h-r4-high-degree-aggregator-bias-replay-ocs-oracle-seed1401-load0p7,ocs-oracle,high-degree-aggregator-bias-replay,1401,31,0,0,6,0,eps,570000,557440,0.00472,,,false
phase15h-r4-high-degree-aggregator-bias-replay-ocs-oracle-seed1401-load0p7,ocs-oracle,high-degree-aggregator-bias-replay,1401,32,1,0,2,0,eps,528000,528000,0.00474,0.008621609,0.003881609,true
phase15h-r4-high-degree-aggregator-bias-replay-ocs-oracle-seed1401-load0p7,ocs-oracle,high-degree-aggregator-bias-replay,1401,33,2,0,3,0,eps,528000,528000,0.00476,0.008079467,0.003319467,true
phase15h-r4-high-degree-aggregator-bias-replay-ocs-oracle-seed1401-load0p7,ocs-oracle,high-degree-aggregator-bias-replay,1401,34,4,0,5,0,eps,528000,528000,0.00478,0.006694682,0.001914682,true
phase15h-r4-high-degree-aggregator-bias-replay-ocs-oracle-seed1401-load0p7,ocs-oracle,high-degree-aggregator-bias-replay,1401,35,5,0,6,0,eps,528000,528000,0.0048,0.010953298,0.006153298,true
phase15h-r4-high-degree-aggregator-bias-replay-ocs-oracle-seed1401-load0p7,ocs-oracle,high-degree-aggregator-bias-replay,1401,36,1,0,3,0,eps,432000,432000,0.00482,0.007596059,0.002776059,true
phase15h-r4-high-degree-aggregator-bias-replay-ocs-oracle-seed1401-load0p7,ocs-oracle,high-degree-aggregator-bias-replay,1401,37,4,0,6,0,eps,432000,432000,0.00484,0.008304806,0.003464806,true
phase15h-r4-high-degree-aggregator-bias-replay-ocs-oracle-seed1401-load0p7,ocs-oracle,high-degree-aggregator-bias-replay,1401,38,6,0,7,0,eps,240000,240000,0.00486,0.007679947,0.002819947,true
phase15h-r4-high-degree-aggregator-bias-replay-ocs-oracle-seed1401-load0p7,ocs-oracle,high-degree-aggregator-bias-replay,1401,39,0,0,1,0,eps,798000,540288,0.0051,,,false
phase15h-r4-high-degree-aggregator-bias-replay-ocs-oracle-seed1401-load0p7,ocs-oracle,high-degree-aggregator-bias-replay,1401,40,0,0,2,0,eps,798000,539216,0.00512,,,false
phase15h-r4-high-degree-aggregator-bias-replay-ocs-oracle-seed1401-load0p7,ocs-oracle,high-degree-aggregator-bias-replay,1401,41,0,0,3,0,ocs,1638000,1638000,0.00514,0.00925856,0.00411856,true
phase15h-r4-high-degree-aggregator-bias-replay-ocs-oracle-seed1401-load0p7,ocs-oracle,high-degree-aggregator-bias-replay,1401,42,0,0,4,0,eps,798000,536536,0.00516,,,false
phase15h-r4-high-degree-aggregator-bias-replay-ocs-oracle-seed1401-load0p7,ocs-oracle,high-degree-aggregator-bias-replay,1401,43,0,0,5,0,eps,798000,533856,0.00518,,,false
phase15h-r4-high-degree-aggregator-bias-replay-ocs-oracle-seed1401-load0p7,ocs-oracle,high-degree-aggregator-bias-replay,1401,44,0,0,6,0,eps,798000,532248,0.0052,,,false
phase15h-r4-high-degree-aggregator-bias-replay-ocs-oracle-seed1401-load0p7,ocs-oracle,high-degree-aggregator-bias-replay,1401,45,1,0,2,0,ocs,3744000,3744000,0.00522,0.010862425,0.005642425,true
phase15h-r4-high-degree-aggregator-bias-replay-ocs-oracle-seed1401-load0p7,ocs-oracle,high-degree-aggregator-bias-replay,1401,46,2,0,3,0,eps,2544000,1582272,0.00524,,,false
phase15h-r4-high-degree-aggregator-bias-replay-ocs-oracle-seed1401-load0p7,ocs-oracle,high-degree-aggregator-bias-replay,1401,47,4,0,5,0,ocs,3744000,3744000,0.00526,0.010871214,0.005611214,true
phase15h-r4-high-degree-aggregator-bias-replay-ocs-oracle-seed1401-load0p7,ocs-oracle,high-degree-aggregator-bias-replay,1401,48,5,0,6,0,eps,3744000,1135784,0.00528,,,false
phase15h-r4-high-degree-aggregator-bias-replay-ocs-oracle-seed1401-load0p7,ocs-oracle,high-degree-aggregator-bias-replay,1401,49,1,0,3,0,eps,1728000,1564584,0.0053,,,false
phase15h-r4-high-degree-aggregator-bias-replay-ocs-oracle-seed1401-load0p7,ocs-oracle,high-degree-aggregator-bias-replay,1401,50,4,0,6,0,eps,1728000,1126136,0.00532,,,false
phase15h-r4-high-degree-aggregator-bias-replay-ocs-oracle-seed1401-load0p7,ocs-oracle,high-degree-aggregator-bias-replay,1401,51,6,0,7,0,ocs,2832000,2832000,0.00534,0.012851245,0.007511245,true
phase15h-r4-high-degree-aggregator-bias-replay-ocs-oracle-seed1401-load0p7,ocs-oracle,high-degree-aggregator-bias-replay,1401,52,0,0,1,0,eps,798000,525280,0.00536,,,false
phase15h-r4-high-degree-aggregator-bias-replay-ocs-oracle-seed1401-load0p7,ocs-oracle,high-degree-aggregator-bias-replay,1401,53,0,0,2,0,eps,798000,525280,0.00538,,,false
phase15h-r4-high-degree-aggregator-bias-replay-ocs-oracle-seed1401-load0p7,ocs-oracle,high-degree-aggregator-bias-replay,1401,54,0,0,3,0,ocs,1638000,1638000,0.0054,0.009523305,0.004123305,true
phase15h-r4-high-degree-aggregator-bias-replay-ocs-oracle-seed1401-load0p7,ocs-oracle,high-degree-aggregator-bias-replay,1401,55,0,0,4,0,eps,798000,522600,0.00542,,,false
phase15h-r4-high-degree-aggregator-bias-replay-ocs-oracle-seed1401-load0p7,ocs-oracle,high-degree-aggregator-bias-replay,1401,56,0,0,5,0,eps,798000,520992,0.00544,,,false
phase15h-r4-high-degree-aggregator-bias-replay-ocs-oracle-seed1401-load0p7,ocs-oracle,high-degree-aggregator-bias-replay,1401,57,0,0,6,0,eps,798000,518848,0.00546,,,false
phase15h-r4-high-degree-aggregator-bias-replay-ocs-oracle-seed1401-load0p7,ocs-oracle,high-degree-aggregator-bias-replay,1401,58,1,0,2,0,ocs,3744000,3744000,0.00548,0.011139007,0.005659007,true
phase15h-r4-high-degree-aggregator-bias-replay-ocs-oracle-seed1401-load0p7,ocs-oracle,high-degree-aggregator-bias-replay,1401,59,2,0,3,0,eps,2544000,1542072,0.0055,,,false
phase15h-r4-high-degree-aggregator-bias-replay-ocs-oracle-seed1401-load0p7,ocs-oracle,high-degree-aggregator-bias-replay,1401,60,4,0,5,0,ocs,3744000,3744000,0.00552,0.011159862,0.005639862,true
phase15h-r4-high-degree-aggregator-bias-replay-ocs-oracle-seed1401-load0p7,ocs-oracle,high-degree-aggregator-bias-replay,1401,61,5,0,6,0,eps,3744000,1108984,0.00554,,,false
phase15h-r4-high-degree-aggregator-bias-replay-ocs-oracle-seed1401-load0p7,ocs-oracle,high-degree-aggregator-bias-replay,1401,62,1,0,3,0,eps,1728000,1531888,0.00556,,,false
phase15h-r4-high-degree-aggregator-bias-replay-ocs-oracle-seed1401-load0p7,ocs-oracle,high-degree-aggregator-bias-replay,1401,63,4,0,6,0,eps,1728000,1099336,0.00558,,,false
phase15h-r4-high-degree-aggregator-bias-replay-ocs-oracle-seed1401-load0p7,ocs-oracle,high-degree-aggregator-bias-replay,1401,64,6,0,7,0,ocs,2832000,2832000,0.0056,0.013227263,0.007627263,true
phase15h-r4-high-degree-aggregator-bias-replay-ocs-oracle-seed1401-load0p7,ocs-oracle,high-degree-aggregator-bias-replay,1401,65,0,0,1,0,eps,798000,201536,0.00562,,,false
phase15h-r4-high-degree-aggregator-bias-replay-ocs-oracle-seed1401-load0p7,ocs-oracle,high-degree-aggregator-bias-replay,1401,66,0,0,2,0,eps,798000,403608,0.00564,,,false
phase15h-r4-high-degree-aggregator-bias-replay-ocs-oracle-seed1401-load0p7,ocs-oracle,high-degree-aggregator-bias-replay,1401,67,0,0,3,0,ocs,1638000,1638000,0.00566,0.009788553,0.004128553,true
phase15h-r4-high-degree-aggregator-bias-replay-ocs-oracle-seed1401-load0p7,ocs-oracle,high-degree-aggregator-bias-replay,1401,68,0,0,4,0,eps,798000,510272,0.00568,,,false
phase15h-r4-high-degree-aggregator-bias-replay-ocs-oracle-seed1401-load0p7,ocs-oracle,high-degree-aggregator-bias-replay,1401,69,0,0,5,0,eps,798000,512952,0.0057,,,false
phase15h-r4-high-degree-aggregator-bias-replay-ocs-oracle-seed1401-load0p7,ocs-oracle,high-degree-aggregator-bias-replay,1401,70,0,0,6,0,eps,798000,509200,0.00572,,,false
phase15h-r4-high-degree-aggregator-bias-replay-ocs-oracle-seed1401-load0p7,ocs-oracle,high-degree-aggregator-bias-replay,1401,71,1,0,2,0,ocs,3744000,3744000,0.00574,0.011351294,0.005611294,true
phase15h-r4-high-degree-aggregator-bias-replay-ocs-oracle-seed1401-load0p7,ocs-oracle,high-degree-aggregator-bias-replay,1401,72,2,0,3,0,eps,2544000,1533496,0.00576,,,false
phase15h-r4-high-degree-aggregator-bias-replay-ocs-oracle-seed1401-load0p7,ocs-oracle,high-degree-aggregator-bias-replay,1401,73,4,0,5,0,ocs,3744000,3744000,0.00578,0.011433146,0.005653146,true
phase15h-r4-high-degree-aggregator-bias-replay-ocs-oracle-seed1401-load0p7,ocs-oracle,high-degree-aggregator-bias-replay,1401,74,5,0,6,0,eps,3744000,1095584,0.0058,,,false
phase15h-r4-high-degree-aggregator-bias-replay-ocs-oracle-seed1401-load0p7,ocs-oracle,high-degree-aggregator-bias-replay,1401,75,1,0,3,0,eps,1728000,1522776,0.00582,,,false
phase15h-r4-high-degree-aggregator-bias-replay-ocs-oracle-seed1401-load0p7,ocs-oracle,high-degree-aggregator-bias-replay,1401,76,4,0,6,0,eps,1728000,1107912,0.00584,,,false
phase15h-r4-high-degree-aggregator-bias-replay-ocs-oracle-seed1401-load0p7,ocs-oracle,high-degree-aggregator-bias-replay,1401,77,6,0,7,0,ocs,2832000,2832000,0.00586,0.013456235,0.007596235,true
phase15h-r4-high-degree-aggregator-bias-replay-ocs-oracle-seed1401-load0p7,ocs-oracle,high-degree-aggregator-bias-replay,1401,78,0,0,1,0,eps,570000,392352,0.0091,,,false
phase15h-r4-high-degree-aggregator-bias-replay-ocs-oracle-seed1401-load0p7,ocs-oracle,high-degree-aggregator-bias-replay,1401,79,0,0,2,0,eps,570000,392352,0.00912,,,false
phase15h-r4-high-degree-aggregator-bias-replay-ocs-oracle-seed1401-load0p7,ocs-oracle,high-degree-aggregator-bias-replay,1401,80,0,0,3,0,ocs,570000,570000,0.00914,0.011723198,0.002583198,true
phase15h-r4-high-degree-aggregator-bias-replay-ocs-oracle-seed1401-load0p7,ocs-oracle,high-degree-aggregator-bias-replay,1401,81,0,0,4,0,eps,570000,216544,0.00916,,,false
phase15h-r4-high-degree-aggregator-bias-replay-ocs-oracle-seed1401-load0p7,ocs-oracle,high-degree-aggregator-bias-replay,1401,82,0,0,5,0,eps,570000,389672,0.00918,,,false
phase15h-r4-high-degree-aggregator-bias-replay-ocs-oracle-seed1401-load0p7,ocs-oracle,high-degree-aggregator-bias-replay,1401,83,0,0,6,0,eps,570000,359120,0.0092,,,false
phase15h-r4-high-degree-aggregator-bias-replay-ocs-oracle-seed1401-load0p7,ocs-oracle,high-degree-aggregator-bias-replay,1401,84,1,0,2,0,ocs,528000,528000,0.00922,0.011668702,0.002448702,true
phase15h-r4-high-degree-aggregator-bias-replay-ocs-oracle-seed1401-load0p7,ocs-oracle,high-degree-aggregator-bias-replay,1401,85,2,0,3,0,eps,528000,528000,0.00924,0.020252646,0.011012646,true
phase15h-r4-high-degree-aggregator-bias-replay-ocs-oracle-seed1401-load0p7,ocs-oracle,high-degree-aggregator-bias-replay,1401,86,4,0,5,0,ocs,528000,528000,0.00926,0.011702733,0.002442733,true
phase15h-r4-high-degree-aggregator-bias-replay-ocs-oracle-seed1401-load0p7,ocs-oracle,high-degree-aggregator-bias-replay,1401,87,5,0,6,0,eps,528000,528000,0.00928,0.026596757,0.017316757,true
phase15h-r4-high-degree-aggregator-bias-replay-ocs-oracle-seed1401-load0p7,ocs-oracle,high-degree-aggregator-bias-replay,1401,88,1,0,3,0,eps,432000,432000,0.0093,0.017889183,0.008589183,true
phase15h-r4-high-degree-aggregator-bias-replay-ocs-oracle-seed1401-load0p7,ocs-oracle,high-degree-aggregator-bias-replay,1401,89,4,0,6,0,eps,432000,432000,0.00932,0.021846529,0.012526529,true
phase15h-r4-high-degree-aggregator-bias-replay-ocs-oracle-seed1401-load0p7,ocs-oracle,high-degree-aggregator-bias-replay,1401,90,6,0,7,0,ocs,240000,240000,0.00934,0.011752971,0.002412971,true
phase15h-r4-high-degree-aggregator-bias-replay-ocs-oracle-seed1401-load0p7,ocs-oracle,high-degree-aggregator-bias-replay,1401,91,0,0,1,0,eps,570000,384312,0.00936,,,false
phase15h-r4-high-degree-aggregator-bias-replay-ocs-oracle-seed1401-load0p7,ocs-oracle,high-degree-aggregator-bias-replay,1401,92,0,0,2,0,eps,570000,382704,0.00938,,,false
phase15h-r4-high-degree-aggregator-bias-replay-ocs-oracle-seed1401-load0p7,ocs-oracle,high-degree-aggregator-bias-replay,1401,93,0,0,3,0,ocs,570000,570000,0.0094,0.011982999,0.002582999,true
phase15h-r4-high-degree-aggregator-bias-replay-ocs-oracle-seed1401-load0p7,ocs-oracle,high-degree-aggregator-bias-replay,1401,94,0,0,4,0,eps,570000,383240,0.00942,,,false
phase15h-r4-high-degree-aggregator-bias-replay-ocs-oracle-seed1401-load0p7,ocs-oracle,high-degree-aggregator-bias-replay,1401,95,0,0,5,0,eps,570000,383240,0.00944,,,false
phase15h-r4-high-degree-aggregator-bias-replay-ocs-oracle-seed1401-load0p7,ocs-oracle,high-degree-aggregator-bias-replay,1401,96,0,0,6,0,eps,570000,380024,0.00946,,,false
phase15h-r4-high-degree-aggregator-bias-replay-ocs-oracle-seed1401-load0p7,ocs-oracle,high-degree-aggregator-bias-replay,1401,97,1,0,2,0,ocs,528000,528000,0.00948,0.012101265,0.002621265,true
phase15h-r4-high-degree-aggregator-bias-replay-ocs-oracle-seed1401-load0p7,ocs-oracle,high-degree-aggregator-bias-replay,1401,98,2,0,3,0,eps,528000,528000,0.0095,0.020763781,0.011263781,true
phase15h-r4-high-degree-aggregator-bias-replay-ocs-oracle-seed1401-load0p7,ocs-oracle,high-degree-aggregator-bias-replay,1401,99,4,0,5,0,ocs,528000,528000,0.00952,0.011965723,0.002445723,true
phase15h-r4-high-degree-aggregator-bias-replay-ocs-oracle-seed1401-load0p7,ocs-oracle,high-degree-aggregator-bias-replay,1401,100,5,0,6,0,eps,528000,528000,0.00954,0.027315451,0.017775451,true
phase15h-r4-high-degree-aggregator-bias-replay-ocs-oracle-seed1401-load0p7,ocs-oracle,high-degree-aggregator-bias-replay,1401,101,1,0,3,0,eps,432000,432000,0.00956,0.018387173,0.008827173,true
phase15h-r4-high-degree-aggregator-bias-replay-ocs-oracle-seed1401-load0p7,ocs-oracle,high-degree-aggregator-bias-replay,1401,102,4,0,6,0,eps,432000,432000,0.00958,0.022582109,0.013002109,true
phase15h-r4-high-degree-aggregator-bias-replay-ocs-oracle-seed1401-load0p7,ocs-oracle,high-degree-aggregator-bias-replay,1401,103,6,0,7,0,ocs,240000,240000,0.0096,0.012007756,0.002407756,true
phase15h-r4-high-degree-aggregator-bias-replay-ocs-oracle-seed1401-load0p7,ocs-oracle,high-degree-aggregator-bias-replay,1401,104,0,0,1,0,eps,570000,378952,0.00962,,,false
phase15h-r4-high-degree-aggregator-bias-replay-ocs-oracle-seed1401-load0p7,ocs-oracle,high-degree-aggregator-bias-replay,1401,105,0,0,2,0,eps,570000,377344,0.00964,,,false
phase15h-r4-high-degree-aggregator-bias-replay-ocs-oracle-seed1401-load0p7,ocs-oracle,high-degree-aggregator-bias-replay,1401,106,0,0,3,0,ocs,570000,570000,0.00966,0.012243103,0.002583103,true
phase15h-r4-high-degree-aggregator-bias-replay-ocs-oracle-seed1401-load0p7,ocs-oracle,high-degree-aggregator-bias-replay,1401,107,0,0,4,0,eps,570000,202608,0.00968,,,false
phase15h-r4-high-degree-aggregator-bias-replay-ocs-oracle-seed1401-load0p7,ocs-oracle,high-degree-aggregator-bias-replay,1401,108,0,0,5,0,eps,570000,110416,0.0097,,,false
phase15h-r4-high-degree-aggregator-bias-replay-ocs-oracle-seed1401-load0p7,ocs-oracle,high-degree-aggregator-bias-replay,1401,109,0,0,6,0,eps,570000,174736,0.00972,,,false
phase15h-r4-high-degree-aggregator-bias-replay-ocs-oracle-seed1401-load0p7,ocs-oracle,high-degree-aggregator-bias-replay,1401,110,1,0,2,0,ocs,528000,528000,0.00974,0.012192565,0.002452565,true
phase15h-r4-high-degree-aggregator-bias-replay-ocs-oracle-seed1401-load0p7,ocs-oracle,high-degree-aggregator-bias-replay,1401,111,2,0,3,0,eps,528000,528000,0.00976,0.021135225,0.011375225,true
phase15h-r4-high-degree-aggregator-bias-replay-ocs-oracle-seed1401-load0p7,ocs-oracle,high-degree-aggregator-bias-replay,1401,112,4,0,5,0,ocs,528000,528000,0.00978,0.012228049,0.002448049,true
phase15h-r4-high-degree-aggregator-bias-replay-ocs-oracle-seed1401-load0p7,ocs-oracle,high-degree-aggregator-bias-replay,1401,113,5,0,6,0,eps,528000,528000,0.0098,0.028029845,0.018229845,true
phase15h-r4-high-degree-aggregator-bias-replay-ocs-oracle-seed1401-load0p7,ocs-oracle,high-degree-aggregator-bias-replay,1401,114,1,0,3,0,eps,432000,432000,0.00982,0.018646803,0.008826803,true
phase15h-r4-high-degree-aggregator-bias-replay-ocs-oracle-seed1401-load0p7,ocs-oracle,high-degree-aggregator-bias-replay,1401,115,4,0,6,0,eps,432000,432000,0.00984,0.023154271,0.013314271,true
phase15h-r4-high-degree-aggregator-bias-replay-ocs-oracle-seed1401-load0p7,ocs-oracle,high-degree-aggregator-bias-replay,1401,116,6,0,7,0,ocs,240000,240000,0.00986,0.012255748,0.002395748,true
phase15h-r4-high-degree-aggregator-bias-replay-ocs-oracle-seed1401-load0p7,ocs-oracle,high-degree-aggregator-bias-replay,1401,117,0,0,1,0,eps,798000,365552,0.0101,,,false
phase15h-r4-high-degree-aggregator-bias-replay-ocs-oracle-seed1401-load0p7,ocs-oracle,high-degree-aggregator-bias-replay,1401,118,0,0,2,0,eps,798000,365552,0.01012,,,false
phase15h-r4-high-degree-aggregator-bias-replay-ocs-oracle-seed1401-load0p7,ocs-oracle,high-degree-aggregator-bias-replay,1401,119,0,0,3,0,ocs,1638000,1638000,0.01014,0.014258676,0.004118676,true
phase15h-r4-high-degree-aggregator-bias-replay-ocs-oracle-seed1401-load0p7,ocs-oracle,high-degree-aggregator-bias-replay,1401,120,0,0,4,0,eps,798000,363944,0.01016,,,false
phase15h-r4-high-degree-aggregator-bias-replay-ocs-oracle-seed1401-load0p7,ocs-oracle,high-degree-aggregator-bias-replay,1401,121,0,0,5,0,eps,798000,348936,0.01018,,,false
phase15h-r4-high-degree-aggregator-bias-replay-ocs-oracle-seed1401-load0p7,ocs-oracle,high-degree-aggregator-bias-replay,1401,122,0,0,6,0,eps,798000,362336,0.0102,,,false
phase15h-r4-high-degree-aggregator-bias-replay-ocs-oracle-seed1401-load0p7,ocs-oracle,high-degree-aggregator-bias-replay,1401,123,1,0,2,0,ocs,3744000,3744000,0.01022,0.015886084,0.005666084,true
phase15h-r4-high-degree-aggregator-bias-replay-ocs-oracle-seed1401-load0p7,ocs-oracle,high-degree-aggregator-bias-replay,1401,124,2,0,3,0,eps,2544000,1089152,0.01024,,,false
phase15h-r4-high-degree-aggregator-bias-replay-ocs-oracle-seed1401-load0p7,ocs-oracle,high-degree-aggregator-bias-replay,1401,125,4,0,5,0,ocs,3744000,3744000,0.01026,0.015874607,0.005614607,true
phase15h-r4-high-degree-aggregator-bias-replay-ocs-oracle-seed1401-load0p7,ocs-oracle,high-degree-aggregator-bias-replay,1401,126,5,0,6,0,eps,3744000,448096,0.01028,,,false
phase15h-r4-high-degree-aggregator-bias-replay-ocs-oracle-seed1401-load0p7,ocs-oracle,high-degree-aggregator-bias-replay,1401,127,1,0,3,0,eps,1728000,1082720,0.0103,,,false
phase15h-r4-high-degree-aggregator-bias-replay-ocs-oracle-seed1401-load0p7,ocs-oracle,high-degree-aggregator-bias-replay,1401,128,4,0,6,0,eps,1728000,781488,0.01032,,,false
phase15h-r4-high-degree-aggregator-bias-replay-ocs-oracle-seed1401-load0p7,ocs-oracle,high-degree-aggregator-bias-replay,1401,129,6,0,7,0,ocs,2832000,2832000,0.01034,0.018217662,0.007877662,true
phase15h-r4-high-degree-aggregator-bias-replay-ocs-oracle-seed1401-load0p7,ocs-oracle,high-degree-aggregator-bias-replay,1401,130,0,0,1,0,eps,798000,359656,0.01036,,,false
phase15h-r4-high-degree-aggregator-bias-replay-ocs-oracle-seed1401-load0p7,ocs-oracle,high-degree-aggregator-bias-replay,1401,131,0,0,2,0,eps,798000,358584,0.01038,,,false
phase15h-r4-high-degree-aggregator-bias-replay-ocs-oracle-seed1401-load0p7,ocs-oracle,high-degree-aggregator-bias-replay,1401,132,0,0,3,0,ocs,1638000,1638000,0.0104,0.014523521,0.004123521,true
phase15h-r4-high-degree-aggregator-bias-replay-ocs-oracle-seed1401-load0p7,ocs-oracle,high-degree-aggregator-bias-replay,1401,133,0,0,4,0,eps,798000,358584,0.01042,,,false
phase15h-r4-high-degree-aggregator-bias-replay-ocs-oracle-seed1401-load0p7,ocs-oracle,high-degree-aggregator-bias-replay,1401,134,0,0,5,0,eps,798000,356976,0.01044,,,false
phase15h-r4-high-degree-aggregator-bias-replay-ocs-oracle-seed1401-load0p7,ocs-oracle,high-degree-aggregator-bias-replay,1401,135,0,0,6,0,eps,798000,355904,0.01046,,,false
phase15h-r4-high-degree-aggregator-bias-replay-ocs-oracle-seed1401-load0p7,ocs-oracle,high-degree-aggregator-bias-replay,1401,136,1,0,2,0,ocs,3744000,3744000,0.01048,0.016129774,0.005649774,true
phase15h-r4-high-degree-aggregator-bias-replay-ocs-oracle-seed1401-load0p7,ocs-oracle,high-degree-aggregator-bias-replay,1401,137,2,0,3,0,eps,2544000,1071464,0.0105,,,false
phase15h-r4-high-degree-aggregator-bias-replay-ocs-oracle-seed1401-load0p7,ocs-oracle,high-degree-aggregator-bias-replay,1401,138,4,0,5,0,ocs,3744000,3744000,0.01052,0.01615722,0.00563722,true
phase15h-r4-high-degree-aggregator-bias-replay-ocs-oracle-seed1401-load0p7,ocs-oracle,high-degree-aggregator-bias-replay,1401,139,5,0,6,0,eps,3744000,768088,0.01054,,,false
phase15h-r4-high-degree-aggregator-bias-replay-ocs-oracle-seed1401-load0p7,ocs-oracle,high-degree-aggregator-bias-replay,1401,140,1,0,3,0,eps,1728000,1068784,0.01056,,,false
phase15h-r4-high-degree-aggregator-bias-replay-ocs-oracle-seed1401-load0p7,ocs-oracle,high-degree-aggregator-bias-replay,1401,141,4,0,6,0,eps,1728000,761656,0.01058,,,false
phase15h-r4-high-degree-aggregator-bias-replay-ocs-oracle-seed1401-load0p7,ocs-oracle,high-degree-aggregator-bias-replay,1401,142,6,0,7,0,ocs,2832000,2832000,0.0106,0.018470065,0.007870065,true
phase15h-r4-high-degree-aggregator-bias-replay-ocs-oracle-seed1401-load0p7,ocs-oracle,high-degree-aggregator-bias-replay,1401,143,0,0,1,0,eps,798000,354296,0.01062,,,false
phase15h-r4-high-degree-aggregator-bias-replay-ocs-oracle-seed1401-load0p7,ocs-oracle,high-degree-aggregator-bias-replay,1401,144,0,0,2,0,eps,798000,353224,0.01064,,,false
phase15h-r4-high-degree-aggregator-bias-replay-ocs-oracle-seed1401-load0p7,ocs-oracle,high-degree-aggregator-bias-replay,1401,145,0,0,3,0,ocs,1638000,1638000,0.01066,0.014789055,0.004129055,true
phase15h-r4-high-degree-aggregator-bias-replay-ocs-oracle-seed1401-load0p7,ocs-oracle,high-degree-aggregator-bias-replay,1401,146,0,0,4,0,eps,798000,110416,0.01068,,,false
phase15h-r4-high-degree-aggregator-bias-replay-ocs-oracle-seed1401-load0p7,ocs-oracle,high-degree-aggregator-bias-replay,1401,147,0,0,5,0,eps,798000,143112,0.0107,,,false
phase15h-r4-high-degree-aggregator-bias-replay-ocs-oracle-seed1401-load0p7,ocs-oracle,high-degree-aggregator-bias-replay,1401,148,0,0,6,0,eps,798000,351616,0.01072,,,false
phase15h-r4-high-degree-aggregator-bias-replay-ocs-oracle-seed1401-load0p7,ocs-oracle,high-degree-aggregator-bias-replay,1401,149,1,0,2,0,ocs,3744000,3744000,0.01074,0.016367061,0.005627061,true
phase15h-r4-high-degree-aggregator-bias-replay-ocs-oracle-seed1401-load0p7,ocs-oracle,high-degree-aggregator-bias-replay,1401,150,2,0,3,0,eps,2544000,1060744,0.01076,,,false
phase15h-r4-high-degree-aggregator-bias-replay-ocs-oracle-seed1401-load0p7,ocs-oracle,high-degree-aggregator-bias-replay,1401,151,4,0,5,0,ocs,3744000,3744000,0.01078,0.016432968,0.005652968,true
phase15h-r4-high-degree-aggregator-bias-replay-ocs-oracle-seed1401-load0p7,ocs-oracle,high-degree-aggregator-bias-replay,1401,152,5,0,6,0,eps,3744000,754688,0.0108,,,false
phase15h-r4-high-degree-aggregator-bias-replay-ocs-oracle-seed1401-load0p7,ocs-oracle,high-degree-aggregator-bias-replay,1401,153,1,0,3,0,eps,1728000,1056456,0.01082,,,false
phase15h-r4-high-degree-aggregator-bias-replay-ocs-oracle-seed1401-load0p7,ocs-oracle,high-degree-aggregator-bias-replay,1401,154,4,0,6,0,eps,1728000,754688,0.01084,,,false
phase15h-r4-high-degree-aggregator-bias-replay-ocs-oracle-seed1401-load0p7,ocs-oracle,high-degree-aggregator-bias-replay,1401,155,6,0,7,0,ocs,2832000,2832000,0.01086,0.017308922,0.006448922,true
phase15h-r4-high-degree-aggregator-bias-replay-ocs-oracle-seed1401-load0p7,ocs-oracle,high-degree-aggregator-bias-replay,1401,156,0,0,1,0,eps,570000,286224,0.0141,,,false
phase15h-r4-high-degree-aggregator-bias-replay-ocs-oracle-seed1401-load0p7,ocs-oracle,high-degree-aggregator-bias-replay,1401,157,0,0,2,0,eps,570000,286224,0.01412,,,false
phase15h-r4-high-degree-aggregator-bias-replay-ocs-oracle-seed1401-load0p7,ocs-oracle,high-degree-aggregator-bias-replay,1401,158,0,0,3,0,ocs,570000,570000,0.01414,0.016722961,0.002582961,true
phase15h-r4-high-degree-aggregator-bias-replay-ocs-oracle-seed1401-load0p7,ocs-oracle,high-degree-aggregator-bias-replay,1401,159,0,0,4,0,eps,570000,250312,0.01416,,,false
phase15h-r4-high-degree-aggregator-bias-replay-ocs-oracle-seed1401-load0p7,ocs-oracle,high-degree-aggregator-bias-replay,1401,160,0,0,5,0,eps,570000,284616,0.01418,,,false
phase15h-r4-high-degree-aggregator-bias-replay-ocs-oracle-seed1401-load0p7,ocs-oracle,high-degree-aggregator-bias-replay,1401,161,0,0,6,0,eps,570000,200464,0.0142,,,false
phase15h-r4-high-degree-aggregator-bias-replay-ocs-oracle-seed1401-load0p7,ocs-oracle,high-degree-aggregator-bias-replay,1401,162,1,0,2,0,ocs,528000,528000,0.01422,0.016678544,0.002458544,true
phase15h-r4-high-degree-aggregator-bias-replay-ocs-oracle-seed1401-load0p7,ocs-oracle,high-degree-aggregator-bias-replay,1401,163,2,0,3,0,eps,528000,528000,0.01424,0.031279333,0.017039333,true
phase15h-r4-high-degree-aggregator-bias-replay-ocs-oracle-seed1401-load0p7,ocs-oracle,high-degree-aggregator-bias-replay,1401,164,4,0,5,0,ocs,528000,528000,0.01426,0.01670244,0.00244244,true
phase15h-r4-high-degree-aggregator-bias-replay-ocs-oracle-seed1401-load0p7,ocs-oracle,high-degree-aggregator-bias-replay,1401,165,5,0,6,0,eps,528000,528000,0.01428,0.043115221,0.028835221,true
phase15h-r4-high-degree-aggregator-bias-replay-ocs-oracle-seed1401-load0p7,ocs-oracle,high-degree-aggregator-bias-replay,1401,166,1,0,3,0,eps,432000,432000,0.0143,0.027312883,0.013012883,true
phase15h-r4-high-degree-aggregator-bias-replay-ocs-oracle-seed1401-load0p7,ocs-oracle,high-degree-aggregator-bias-replay,1401,167,4,0,6,0,eps,432000,432000,0.01432,0.035244545,0.020924545,true
phase15h-r4-high-degree-aggregator-bias-replay-ocs-oracle-seed1401-load0p7,ocs-oracle,high-degree-aggregator-bias-replay,1401,168,6,0,7,0,ocs,240000,240000,0.01434,0.016498389,0.002158389,true
phase15h-r4-high-degree-aggregator-bias-replay-ocs-oracle-seed1401-load0p7,ocs-oracle,high-degree-aggregator-bias-replay,1401,169,0,0,1,0,eps,570000,280328,0.01436,,,false
phase15h-r4-high-degree-aggregator-bias-replay-ocs-oracle-seed1401-load0p7,ocs-oracle,high-degree-aggregator-bias-replay,1401,170,0,0,2,0,eps,570000,98088,0.01438,,,false
phase15h-r4-high-degree-aggregator-bias-replay-ocs-oracle-seed1401-load0p7,ocs-oracle,high-degree-aggregator-bias-replay,1401,171,0,0,3,0,ocs,570000,570000,0.0144,0.016983332,0.002583332,true
phase15h-r4-high-degree-aggregator-bias-replay-ocs-oracle-seed1401-load0p7,ocs-oracle,high-degree-aggregator-bias-replay,1401,172,0,0,4,0,eps,570000,265320,0.01442,,,false
phase15h-r4-high-degree-aggregator-bias-replay-ocs-oracle-seed1401-load0p7,ocs-oracle,high-degree-aggregator-bias-replay,1401,173,0,0,5,0,eps,570000,279256,0.01444,,,false
phase15h-r4-high-degree-aggregator-bias-replay-ocs-oracle-seed1401-load0p7,ocs-oracle,high-degree-aggregator-bias-replay,1401,174,0,0,6,0,eps,570000,271216,0.01446,,,false
phase15h-r4-high-degree-aggregator-bias-replay-ocs-oracle-seed1401-load0p7,ocs-oracle,high-degree-aggregator-bias-replay,1401,175,1,0,2,0,ocs,528000,528000,0.01448,0.016940394,0.002460394,true
phase15h-r4-high-degree-aggregator-bias-replay-ocs-oracle-seed1401-load0p7,ocs-oracle,high-degree-aggregator-bias-replay,1401,176,2,0,3,0,eps,528000,528000,0.0145,0.031927507,0.017427507,true
phase15h-r4-high-degree-aggregator-bias-replay-ocs-oracle-seed1401-load0p7,ocs-oracle,high-degree-aggregator-bias-replay,1401,177,4,0,5,0,ocs,528000,528000,0.01452,0.016965675,0.002445675,true
phase15h-r4-high-degree-aggregator-bias-replay-ocs-oracle-seed1401-load0p7,ocs-oracle,high-degree-aggregator-bias-replay,1401,178,5,0,6,0,eps,528000,528000,0.01454,0.044239049,0.029699049,true
phase15h-r4-high-degree-aggregator-bias-replay-ocs-oracle-seed1401-load0p7,ocs-oracle,high-degree-aggregator-bias-replay,1401,179,1,0,3,0,eps,432000,432000,0.01456,0.032674354,0.018114354,true
phase15h-r4-high-degree-aggregator-bias-replay-ocs-oracle-seed1401-load0p7,ocs-oracle,high-degree-aggregator-bias-replay,1401,180,4,0,6,0,eps,432000,432000,0.01458,0.036175262,0.021595262,true
phase15h-r4-high-degree-aggregator-bias-replay-ocs-oracle-seed1401-load0p7,ocs-oracle,high-degree-aggregator-bias-replay,1401,181,6,0,7,0,ocs,240000,240000,0.0146,0.016760796,0.002160796,true
phase15h-r4-high-degree-aggregator-bias-replay-ocs-oracle-seed1401-load0p7,ocs-oracle,high-degree-aggregator-bias-replay,1401,182,0,0,1,0,eps,570000,204216,0.01462,,,false
phase15h-r4-high-degree-aggregator-bias-replay-ocs-oracle-seed1401-load0p7,ocs-oracle,high-degree-aggregator-bias-replay,1401,183,0,0,2,0,eps,570000,276576,0.01464,,,false
phase15h-r4-high-degree-aggregator-bias-replay-ocs-oracle-seed1401-load0p7,ocs-oracle,high-degree-aggregator-bias-replay,1401,184,0,0,3,0,ocs,570000,570000,0.01466,0.017243158,0.002583158,true
phase15h-r4-high-degree-aggregator-bias-replay-ocs-oracle-seed1401-load0p7,ocs-oracle,high-degree-aggregator-bias-replay,1401,185,0,0,4,0,eps,570000,276576,0.01468,,,false
phase15h-r4-high-degree-aggregator-bias-replay-ocs-oracle-seed1401-load0p7,ocs-oracle,high-degree-aggregator-bias-replay,1401,186,0,0,5,0,eps,570000,274968,0.0147,,,false
phase15h-r4-high-degree-aggregator-bias-replay-ocs-oracle-seed1401-load0p7,ocs-oracle,high-degree-aggregator-bias-replay,1401,187,0,0,6,0,eps,570000,274968,0.01472,,,false
phase15h-r4-high-degree-aggregator-bias-replay-ocs-oracle-seed1401-load0p7,ocs-oracle,high-degree-aggregator-bias-replay,1401,188,1,0,2,0,ocs,528000,528000,0.01474,0.017190896,0.002450896,true
phase15h-r4-high-degree-aggregator-bias-replay-ocs-oracle-seed1401-load0p7,ocs-oracle,high-degree-aggregator-bias-replay,1401,189,2,0,3,0,eps,528000,528000,0.01476,0.032530369,0.017770369,true
phase15h-r4-high-degree-aggregator-bias-replay-ocs-oracle-seed1401-load0p7,ocs-oracle,high-degree-aggregator-bias-replay,1401,190,4,0,5,0,ocs,528000,528000,0.01478,0.017228015,0.002448015,true
phase15h-r4-high-degree-aggregator-bias-replay-ocs-oracle-seed1401-load0p7,ocs-oracle,high-degree-aggregator-bias-replay,1401,191,5,0,6,0,eps,528000,528000,0.0148,0.044889149,0.030089149,true
phase15h-r4-high-degree-aggregator-bias-replay-ocs-oracle-seed1401-load0p7,ocs-oracle,high-degree-aggregator-bias-replay,1401,192,1,0,3,0,eps,432000,432000,0.01482,0.028279097,0.013459097,true
phase15h-r4-high-degree-aggregator-bias-replay-ocs-oracle-seed1401-load0p7,ocs-oracle,high-degree-aggregator-bias-replay,1401,193,4,0,6,0,eps,432000,432000,0.01484,0.03684248,0.02200248,true
phase15h-r4-high-degree-aggregator-bias-replay-ocs-oracle-seed1401-load0p7,ocs-oracle,high-degree-aggregator-bias-replay,1401,194,6,0,7,0,ocs,240000,240000,0.01486,0.015880989,0.001020989,true
phase15h-r4-high-degree-aggregator-bias-replay-ocs-oracle-seed1401-load0p7,ocs-oracle,high-degree-aggregator-bias-replay,1401,195,0,0,1,0,eps,798000,269608,0.0151,,,false
phase15h-r4-high-degree-aggregator-bias-replay-ocs-oracle-seed1401-load0p7,ocs-oracle,high-degree-aggregator-bias-replay,1401,196,0,0,2,0,eps,798000,269608,0.01512,,,false
phase15h-r4-high-degree-aggregator-bias-replay-ocs-oracle-seed1401-load0p7,ocs-oracle,high-degree-aggregator-bias-replay,1401,197,0,0,3,0,ocs,1638000,1638000,0.01514,0.019258322,0.004118322,true
phase15h-r4-high-degree-aggregator-bias-replay-ocs-oracle-seed1401-load0p7,ocs-oracle,high-degree-aggregator-bias-replay,1401,198,0,0,4,0,eps,798000,268000,0.01516,,,false
phase15h-r4-high-degree-aggregator-bias-replay-ocs-oracle-seed1401-load0p7,ocs-oracle,high-degree-aggregator-bias-replay,1401,199,0,0,5,0,eps,798000,268000,0.01518,,,false
phase15h-r4-high-degree-aggregator-bias-replay-ocs-oracle-seed1401-load0p7,ocs-oracle,high-degree-aggregator-bias-replay,1401,200,0,0,6,0,eps,798000,268000,0.0152,,,false
phase15h-r4-high-degree-aggregator-bias-replay-ocs-oracle-seed1401-load0p7,ocs-oracle,high-degree-aggregator-bias-replay,1401,201,1,0,2,0,ocs,3744000,3744000,0.01522,0.020891347,0.005671347,true
phase15h-r4-high-degree-aggregator-bias-replay-ocs-oracle-seed1401-load0p7,ocs-oracle,high-degree-aggregator-bias-replay,1401,202,2,0,3,0,eps,2544000,806680,0.01524,,,false
phase15h-r4-high-degree-aggregator-bias-replay-ocs-oracle-seed1401-load0p7,ocs-oracle,high-degree-aggregator-bias-replay,1401,203,4,0,5,0,ocs,3744000,3744000,0.01526,0.021055399,0.005795399,true
phase15h-r4-high-degree-aggregator-bias-replay-ocs-oracle-seed1401-load0p7,ocs-oracle,high-degree-aggregator-bias-replay,1401,204,5,0,6,0,eps,3744000,560656,0.01528,,,false
phase15h-r4-high-degree-aggregator-bias-replay-ocs-oracle-seed1401-load0p7,ocs-oracle,high-degree-aggregator-bias-replay,1401,205,1,0,3,0,eps,1728000,802928,0.0153,,,false
phase15h-r4-high-degree-aggregator-bias-replay-ocs-oracle-seed1401-load0p7,ocs-oracle,high-degree-aggregator-bias-replay,1401,206,4,0,6,0,eps,1728000,560656,0.01532,,,false
phase15h-r4-high-degree-aggregator-bias-replay-ocs-oracle-seed1401-load0p7,ocs-oracle,high-degree-aggregator-bias-replay,1401,207,6,0,7,0,ocs,2832000,2832000,0.01534,0.023709488,0.008369488,true
phase15h-r4-high-degree-aggregator-bias-replay-ocs-oracle-seed1401-load0p7,ocs-oracle,high-degree-aggregator-bias-replay,1401,208,0,0,1,0,eps,798000,265320,0.01536,,,false
phase15h-r4-high-degree-aggregator-bias-replay-ocs-oracle-seed1401-load0p7,ocs-oracle,high-degree-aggregator-bias-replay,1401,209,0,0,2,0,eps,798000,231016,0.01538,,,false
phase15h-r4-high-degree-aggregator-bias-replay-ocs-oracle-seed1401-load0p7,ocs-oracle,high-degree-aggregator-bias-replay,1401,210,0,0,3,0,ocs,1638000,1638000,0.0154,0.0195229,0.0041229,true
phase15h-r4-high-degree-aggregator-bias-replay-ocs-oracle-seed1401-load0p7,ocs-oracle,high-degree-aggregator-bias-replay,1401,211,0,0,4,0,eps,798000,249240,0.01542,,,false
phase15h-r4-high-degree-aggregator-bias-replay-ocs-oracle-seed1401-load0p7,ocs-oracle,high-degree-aggregator-bias-replay,1401,212,0,0,5,0,eps,798000,210648,0.01544,,,false
phase15h-r4-high-degree-aggregator-bias-replay-ocs-oracle-seed1401-load0p7,ocs-oracle,high-degree-aggregator-bias-replay,1401,213,0,0,6,0,eps,798000,264248,0.01546,,,false
phase15h-r4-high-degree-aggregator-bias-replay-ocs-oracle-seed1401-load0p7,ocs-oracle,high-degree-aggregator-bias-replay,1401,214,1,0,2,0,ocs,3744000,3744000,0.01548,0.021135417,0.005655417,true
phase15h-r4-high-degree-aggregator-bias-replay-ocs-oracle-seed1401-load0p7,ocs-oracle,high-degree-aggregator-bias-replay,1401,215,2,0,3,0,eps,2544000,675360,0.0155,,,false
phase15h-r4-high-degree-aggregator-bias-replay-ocs-oracle-seed1401-load0p7,ocs-oracle,high-degree-aggregator-bias-replay,1401,216,4,0,5,0,ocs,3744000,3744000,0.01552,0.02115634,0.00563634,true
phase15h-r4-high-degree-aggregator-bias-replay-ocs-oracle-seed1401-load0p7,ocs-oracle,high-degree-aggregator-bias-replay,1401,217,5,0,6,0,eps,3744000,555296,0.01554,,,false
phase15h-r4-high-degree-aggregator-bias-replay-ocs-oracle-seed1401-load0p7,ocs-oracle,high-degree-aggregator-bias-replay,1401,218,1,0,3,0,eps,1728000,793280,0.01556,,,false
phase15h-r4-high-degree-aggregator-bias-replay-ocs-oracle-seed1401-load0p7,ocs-oracle,high-degree-aggregator-bias-replay,1401,219,4,0,6,0,eps,1728000,553688,0.01558,,,false
phase15h-r4-high-degree-aggregator-bias-replay-ocs-oracle-seed1401-load0p7,ocs-oracle,high-degree-aggregator-bias-replay,1401,220,6,0,7,0,ocs,2832000,2832000,0.0156,0.02384442,0.00824442,true
phase15h-r4-high-degree-aggregator-bias-replay-ocs-oracle-seed1401-load0p7,ocs-oracle,high-degree-aggregator-bias-replay,1401,221,0,0,1,0,eps,798000,261568,0.01562,,,false
phase15h-r4-high-degree-aggregator-bias-replay-ocs-oracle-seed1401-load0p7,ocs-oracle,high-degree-aggregator-bias-replay,1401,222,0,0,2,0,eps,798000,261568,0.01564,,,false
phase15h-r4-high-degree-aggregator-bias-replay-ocs-oracle-seed1401-load0p7,ocs-oracle,high-degree-aggregator-bias-replay,1401,223,0,0,3,0,ocs,1638000,1638000,0.01566,0.019788249,0.004128249,true
phase15h-r4-high-degree-aggregator-bias-replay-ocs-oracle-seed1401-load0p7,ocs-oracle,high-degree-aggregator-bias-replay,1401,224,0,0,4,0,eps,798000,261568,0.01568,,,false
phase15h-r4-high-degree-aggregator-bias-replay-ocs-oracle-seed1401-load0p7,ocs-oracle,high-degree-aggregator-bias-replay,1401,225,0,0,5,0,eps,798000,261568,0.0157,,,false
phase15h-r4-high-degree-aggregator-bias-replay-ocs-oracle-seed1401-load0p7,ocs-oracle,high-degree-aggregator-bias-replay,1401,226,0,0,6,0,eps,798000,252992,0.01572,,,false
phase15h-r4-high-degree-aggregator-bias-replay-ocs-oracle-seed1401-load0p7,ocs-oracle,high-degree-aggregator-bias-replay,1401,227,1,0,2,0,ocs,3744000,3744000,0.01574,0.021369711,0.005629711,true
phase15h-r4-high-degree-aggregator-bias-replay-ocs-oracle-seed1401-load0p7,ocs-oracle,high-degree-aggregator-bias-replay,1401,228,2,0,3,0,eps,2544000,785240,0.01576,,,false
phase15h-r4-high-degree-aggregator-bias-replay-ocs-oracle-seed1401-load0p7,ocs-oracle,high-degree-aggregator-bias-replay,1401,229,4,0,5,0,ocs,3744000,3744000,0.01578,0.021605689,0.005825689,true
phase15h-r4-high-degree-aggregator-bias-replay-ocs-oracle-seed1401-load0p7,ocs-oracle,high-degree-aggregator-bias-replay,1401,230,5,0,6,0,eps,3744000,545648,0.0158,,,false
phase15h-r4-high-degree-aggregator-bias-replay-ocs-oracle-seed1401-load0p7,ocs-oracle,high-degree-aggregator-bias-replay,1401,231,1,0,3,0,eps,1728000,785240,0.01582,,,false
phase15h-r4-high-degree-aggregator-bias-replay-ocs-oracle-seed1401-load0p7,ocs-oracle,high-degree-aggregator-bias-replay,1401,232,4,0,6,0,eps,1728000,544576,0.01584,,,false
phase15h-r4-high-degree-aggregator-bias-replay-ocs-oracle-seed1401-load0p7,ocs-oracle,high-degree-aggregator-bias-replay,1401,233,6,0,7,0,ocs,2832000,2832000,0.01586,0.021550562,0.005690562,true
phase15h-r4-high-degree-aggregator-bias-replay-ocs-oracle-seed1401-load0p7,ocs-oracle,high-degree-aggregator-bias-replay,1401,234,0,0,1,0,eps,570000,216008,0.0191,,,false
phase15h-r4-high-degree-aggregator-bias-replay-ocs-oracle-seed1401-load0p7,ocs-oracle,high-degree-aggregator-bias-replay,1401,235,0,0,2,0,eps,570000,216008,0.01912,,,false
phase15h-r4-high-degree-aggregator-bias-replay-ocs-oracle-seed1401-load0p7,ocs-oracle,high-degree-aggregator-bias-replay,1401,236,0,0,3,0,ocs,570000,570000,0.01914,0.021723203,0.002583203,true
phase15h-r4-high-degree-aggregator-bias-replay-ocs-oracle-seed1401-load0p7,ocs-oracle,high-degree-aggregator-bias-replay,1401,237,0,0,4,0,eps,570000,158656,0.01916,,,false
phase15h-r4-high-degree-aggregator-bias-replay-ocs-oracle-seed1401-load0p7,ocs-oracle,high-degree-aggregator-bias-replay,1401,238,0,0,5,0,eps,570000,214936,0.01918,,,false
phase15h-r4-high-degree-aggregator-bias-replay-ocs-oracle-seed1401-load0p7,ocs-oracle,high-degree-aggregator-bias-replay,1401,239,0,0,6,0,eps,570000,213864,0.0192,,,false
phase15h-r4-high-degree-aggregator-bias-replay-ocs-oracle-seed1401-load0p7,ocs-oracle,high-degree-aggregator-bias-replay,1401,240,1,0,2,0,ocs,528000,528000,0.01922,0.021684379,0.002464379,true
phase15h-r4-high-degree-aggregator-bias-replay-ocs-oracle-seed1401-load0p7,ocs-oracle,high-degree-aggregator-bias-replay,1401,241,2,0,3,0,eps,528000,528000,0.01924,0.041869528,0.022629528,true
phase15h-r4-high-degree-aggregator-bias-replay-ocs-oracle-seed1401-load0p7,ocs-oracle,high-degree-aggregator-bias-replay,1401,242,4,0,5,0,ocs,528000,528000,0.01926,0.021703588,0.002443588,true
phase15h-r4-high-degree-aggregator-bias-replay-ocs-oracle-seed1401-load0p7,ocs-oracle,high-degree-aggregator-bias-replay,1401,243,5,0,6,0,eps,528000,451312,0.01928,,,false
phase15h-r4-high-degree-aggregator-bias-replay-ocs-oracle-seed1401-load0p7,ocs-oracle,high-degree-aggregator-bias-replay,1401,244,1,0,3,0,eps,432000,432000,0.0193,0.036441025,0.017141025,true
phase15h-r4-high-degree-aggregator-bias-replay-ocs-oracle-seed1401-load0p7,ocs-oracle,high-degree-aggregator-bias-replay,1401,245,4,0,6,0,eps,432000,432000,0.01932,0.04824624,0.02892624,true
phase15h-r4-high-degree-aggregator-bias-replay-ocs-oracle-seed1401-load0p7,ocs-oracle,high-degree-aggregator-bias-replay,1401,246,6,0,7,0,ocs,240000,240000,0.01934,0.021601052,0.002261052,true
phase15h-r4-high-degree-aggregator-bias-replay-ocs-oracle-seed1401-load0p7,ocs-oracle,high-degree-aggregator-bias-replay,1401,247,0,0,1,0,eps,570000,213328,0.01936,,,false
phase15h-r4-high-degree-aggregator-bias-replay-ocs-oracle-seed1401-load0p7,ocs-oracle,high-degree-aggregator-bias-replay,1401,248,0,0,2,0,eps,570000,213328,0.01938,,,false
phase15h-r4-high-degree-aggregator-bias-replay-ocs-oracle-seed1401-load0p7,ocs-oracle,high-degree-aggregator-bias-replay,1401,249,0,0,3,0,ocs,570000,570000,0.0194,0.021983324,0.002583324,true
phase15h-r4-high-degree-aggregator-bias-replay-ocs-oracle-seed1401-load0p7,ocs-oracle,high-degree-aggregator-bias-replay,1401,250,0,0,4,0,eps,570000,82544,0.01942,,,false
phase15h-r4-high-degree-aggregator-bias-replay-ocs-oracle-seed1401-load0p7,ocs-oracle,high-degree-aggregator-bias-replay,1401,251,0,0,5,0,eps,570000,197248,0.01944,,,false
phase15h-r4-high-degree-aggregator-bias-replay-ocs-oracle-seed1401-load0p7,ocs-oracle,high-degree-aggregator-bias-replay,1401,252,0,0,6,0,eps,570000,212256,0.01946,,,false
phase15h-r4-high-degree-aggregator-bias-replay-ocs-oracle-seed1401-load0p7,ocs-oracle,high-degree-aggregator-bias-replay,1401,253,1,0,2,0,ocs,528000,528000,0.01948,0.021926986,0.002446986,true
phase15h-r4-high-degree-aggregator-bias-replay-ocs-oracle-seed1401-load0p7,ocs-oracle,high-degree-aggregator-bias-replay,1401,254,2,0,3,0,eps,528000,528000,0.0195,0.042386486,0.022886486,true
phase15h-r4-high-degree-aggregator-bias-replay-ocs-oracle-seed1401-load0p7,ocs-oracle,high-degree-aggregator-bias-replay,1401,255,4,0,5,0,ocs,528000,528000,0.01952,0.02196617,0.00244617,true
phase15h-r4-high-degree-aggregator-bias-replay-ocs-oracle-seed1401-load0p7,ocs-oracle,high-degree-aggregator-bias-replay,1401,256,5,0,6,0,eps,528000,412184,0.01954,,,false
phase15h-r4-high-degree-aggregator-bias-replay-ocs-oracle-seed1401-load0p7,ocs-oracle,high-degree-aggregator-bias-replay,1401,257,1,0,3,0,eps,432000,406288,0.01956,,,false
phase15h-r4-high-degree-aggregator-bias-replay-ocs-oracle-seed1401-load0p7,ocs-oracle,high-degree-aggregator-bias-replay,1401,258,4,0,6,0,eps,432000,432000,0.01958,0.048731375,0.029151375,true
phase15h-r4-high-degree-aggregator-bias-replay-ocs-oracle-seed1401-load0p7,ocs-oracle,high-degree-aggregator-bias-replay,1401,259,6,0,7,0,ocs,240000,240000,0.0196,0.021893255,0.002293255,true
phase15h-r4-high-degree-aggregator-bias-replay-ocs-oracle-seed1401-load0p7,ocs-oracle,high-degree-aggregator-bias-replay,1401,260,0,0,1,0,eps,570000,210648,0.01962,,,false
phase15h-r4-high-degree-aggregator-bias-replay-ocs-oracle-seed1401-load0p7,ocs-oracle,high-degree-aggregator-bias-replay,1401,261,0,0,2,0,eps,570000,209576,0.01964,,,false
phase15h-r4-high-degree-aggregator-bias-replay-ocs-oracle-seed1401-load0p7,ocs-oracle,high-degree-aggregator-bias-replay,1401,262,0,0,3,0,ocs,570000,570000,0.01966,0.022243219,0.002583219,true
phase15h-r4-high-degree-aggregator-bias-replay-ocs-oracle-seed1401-load0p7,ocs-oracle,high-degree-aggregator-bias-replay,1401,263,0,0,4,0,eps,570000,209576,0.01968,,,false
phase15h-r4-high-degree-aggregator-bias-replay-ocs-oracle-seed1401-load0p7,ocs-oracle,high-degree-aggregator-bias-replay,1401,264,0,0,5,0,eps,570000,209576,0.0197,,,false
phase15h-r4-high-degree-aggregator-bias-replay-ocs-oracle-seed1401-load0p7,ocs-oracle,high-degree-aggregator-bias-replay,1401,265,0,0,6,0,eps,570000,207968,0.01972,,,false
phase15h-r4-high-degree-aggregator-bias-replay-ocs-oracle-seed1401-load0p7,ocs-oracle,high-degree-aggregator-bias-replay,1401,266,1,0,2,0,ocs,528000,528000,0.01974,0.022354248,0.002614248,true
phase15h-r4-high-degree-aggregator-bias-replay-ocs-oracle-seed1401-load0p7,ocs-oracle,high-degree-aggregator-bias-replay,1401,267,2,0,3,0,eps,528000,528000,0.01976,0.042947812,0.023187812,true
phase15h-r4-high-degree-aggregator-bias-replay-ocs-oracle-seed1401-load0p7,ocs-oracle,high-degree-aggregator-bias-replay,1401,268,4,0,5,0,ocs,528000,528000,0.01978,0.022228535,0.002448535,true
phase15h-r4-high-degree-aggregator-bias-replay-ocs-oracle-seed1401-load0p7,ocs-oracle,high-degree-aggregator-bias-replay,1401,269,5,0,6,0,eps,528000,436304,0.0198,,,false
phase15h-r4-high-degree-aggregator-bias-replay-ocs-oracle-seed1401-load0p7,ocs-oracle,high-degree-aggregator-bias-replay,1401,270,1,0,3,0,eps,432000,432000,0.01982,0.037465853,0.017645853,true
phase15h-r4-high-degree-aggregator-bias-replay-ocs-oracle-seed1401-load0p7,ocs-oracle,high-degree-aggregator-bias-replay,1401,271,4,0,6,0,eps,432000,432000,0.01984,0.04962683,0.02978683,true
phase15h-r4-high-degree-aggregator-bias-replay-ocs-oracle-seed1401-load0p7,ocs-oracle,high-degree-aggregator-bias-replay,1401,272,6,0,7,0,ocs,240000,240000,0.01986,0.022096321,0.002236321,true
phase15h-r4-high-degree-aggregator-bias-replay-ocs-oracle-seed1401-load0p7,ocs-oracle,high-degree-aggregator-bias-replay,1401,273,0,0,1,0,eps,798000,205288,0.0201,,,false
phase15h-r4-high-degree-aggregator-bias-replay-ocs-oracle-seed1401-load0p7,ocs-oracle,high-degree-aggregator-bias-replay,1401,274,0,0,2,0,eps,798000,72360,0.02012,,,false
phase15h-r4-high-degree-aggregator-bias-replay-ocs-oracle-seed1401-load0p7,ocs-oracle,high-degree-aggregator-bias-replay,1401,275,0,0,3,0,ocs,1638000,1638000,0.02014,0.024258639,0.004118639,true
phase15h-r4-high-degree-aggregator-bias-replay-ocs-oracle-seed1401-load0p7,ocs-oracle,high-degree-aggregator-bias-replay,1401,276,0,0,4,0,eps,798000,204216,0.02016,,,false
phase15h-r4-high-degree-aggregator-bias-replay-ocs-oracle-seed1401-load0p7,ocs-oracle,high-degree-aggregator-bias-replay,1401,277,0,0,5,0,eps,798000,204216,0.02018,,,false
phase15h-r4-high-degree-aggregator-bias-replay-ocs-oracle-seed1401-load0p7,ocs-oracle,high-degree-aggregator-bias-replay,1401,278,0,0,6,0,eps,798000,153296,0.0202,,,false
phase15h-r4-high-degree-aggregator-bias-replay-ocs-oracle-seed1401-load0p7,ocs-oracle,high-degree-aggregator-bias-replay,1401,279,1,0,2,0,ocs,3744000,3744000,0.02022,0.02588708,0.00566708,true
phase15h-r4-high-degree-aggregator-bias-replay-ocs-oracle-seed1401-load0p7,ocs-oracle,high-degree-aggregator-bias-replay,1401,280,2,0,3,0,eps,2544000,618008,0.02024,,,false
phase15h-r4-high-degree-aggregator-bias-replay-ocs-oracle-seed1401-load0p7,ocs-oracle,high-degree-aggregator-bias-replay,1401,281,4,0,5,0,ocs,3744000,3744000,0.02026,0.025883756,0.005623756,true
phase15h-r4-high-degree-aggregator-bias-replay-ocs-oracle-seed1401-load0p7,ocs-oracle,high-degree-aggregator-bias-replay,1401,282,5,0,6,0,eps,3744000,425584,0.02028,,,false
phase15h-r4-high-degree-aggregator-bias-replay-ocs-oracle-seed1401-load0p7,ocs-oracle,high-degree-aggregator-bias-replay,1401,283,1,0,3,0,eps,1728000,615328,0.0203,,,false
phase15h-r4-high-degree-aggregator-bias-replay-ocs-oracle-seed1401-load0p7,ocs-oracle,high-degree-aggregator-bias-replay,1401,284,4,0,6,0,eps,1728000,419688,0.02032,,,false
phase15h-r4-high-degree-aggregator-bias-replay-ocs-oracle-seed1401-load0p7,ocs-oracle,high-degree-aggregator-bias-replay,1401,285,6,0,7,0,ocs,2832000,2832000,0.02034,0.03008982,0.00974982,true
phase15h-r4-high-degree-aggregator-bias-replay-ocs-oracle-seed1401-load0p7,ocs-oracle,high-degree-aggregator-bias-replay,1401,286,0,0,1,0,eps,798000,160264,0.02036,,,false
phase15h-r4-high-degree-aggregator-bias-replay-ocs-oracle-seed1401-load0p7,ocs-oracle,high-degree-aggregator-bias-replay,1401,287,0,0,2,0,eps,798000,201000,0.02038,,,false
phase15h-r4-high-degree-aggregator-bias-replay-ocs-oracle-seed1401-load0p7,ocs-oracle,high-degree-aggregator-bias-replay,1401,288,0,0,3,0,ocs,1638000,1638000,0.0204,0.024523316,0.004123316,true
phase15h-r4-high-degree-aggregator-bias-replay-ocs-oracle-seed1401-load0p7,ocs-oracle,high-degree-aggregator-bias-replay,1401,289,0,0,4,0,eps,798000,57352,0.02042,,,false
phase15h-r4-high-degree-aggregator-bias-replay-ocs-oracle-seed1401-load0p7,ocs-oracle,high-degree-aggregator-bias-replay,1401,290,0,0,5,0,eps,798000,201000,0.02044,,,false
phase15h-r4-high-degree-aggregator-bias-replay-ocs-oracle-seed1401-load0p7,ocs-oracle,high-degree-aggregator-bias-replay,1401,291,0,0,6,0,eps,798000,201000,0.02046,,,false
phase15h-r4-high-degree-aggregator-bias-replay-ocs-oracle-seed1401-load0p7,ocs-oracle,high-degree-aggregator-bias-replay,1401,292,1,0,2,0,ocs,3744000,3744000,0.02048,0.026344871,0.005864871,true
phase15h-r4-high-degree-aggregator-bias-replay-ocs-oracle-seed1401-load0p7,ocs-oracle,high-degree-aggregator-bias-replay,1401,293,2,0,3,0,eps,2544000,609968,0.0205,,,false
phase15h-r4-high-degree-aggregator-bias-replay-ocs-oracle-seed1401-load0p7,ocs-oracle,high-degree-aggregator-bias-replay,1401,294,4,0,5,0,ocs,3744000,3744000,0.02052,0.02616425,0.00564425,true
phase15h-r4-high-degree-aggregator-bias-replay-ocs-oracle-seed1401-load0p7,ocs-oracle,high-degree-aggregator-bias-replay,1401,295,5,0,6,0,eps,3744000,420224,0.02054,,,false
phase15h-r4-high-degree-aggregator-bias-replay-ocs-oracle-seed1401-load0p7,ocs-oracle,high-degree-aggregator-bias-replay,1401,296,1,0,3,0,eps,1728000,608360,0.02056,,,false
phase15h-r4-high-degree-aggregator-bias-replay-ocs-oracle-seed1401-load0p7,ocs-oracle,high-degree-aggregator-bias-replay,1401,297,4,0,6,0,eps,1728000,418616,0.02058,,,false
phase15h-r4-high-degree-aggregator-bias-replay-ocs-oracle-seed1401-load0p7,ocs-oracle,high-degree-aggregator-bias-replay,1401,298,6,0,7,0,ocs,2832000,2832000,0.0206,0.03031693,0.00971693,true
phase15h-r4-high-degree-aggregator-bias-replay-ocs-oracle-seed1401-load0p7,ocs-oracle,high-degree-aggregator-bias-replay,1401,299,0,0,1,0,eps,798000,199928,0.02062,,,false
phase15h-r4-high-degree-aggregator-bias-replay-ocs-oracle-seed1401-load0p7,ocs-oracle,high-degree-aggregator-bias-replay,1401,300,0,0,2,0,eps,798000,198320,0.02064,,,false
phase15h-r4-high-degree-aggregator-bias-replay-ocs-oracle-seed1401-load0p7,ocs-oracle,high-degree-aggregator-bias-replay,1401,301,0,0,3,0,ocs,1638000,1638000,0.02066,0.024788671,0.004128671,true
phase15h-r4-high-degree-aggregator-bias-replay-ocs-oracle-seed1401-load0p7,ocs-oracle,high-degree-aggregator-bias-replay,1401,302,0,0,4,0,eps,798000,198320,0.02068,,,false
phase15h-r4-high-degree-aggregator-bias-replay-ocs-oracle-seed1401-load0p7,ocs-oracle,high-degree-aggregator-bias-replay,1401,303,0,0,5,0,eps,798000,198320,0.0207,,,false
phase15h-r4-high-degree-aggregator-bias-replay-ocs-oracle-seed1401-load0p7,ocs-oracle,high-degree-aggregator-bias-replay,1401,304,0,0,6,0,eps,798000,198320,0.02072,,,false
phase15h-r4-high-degree-aggregator-bias-replay-ocs-oracle-seed1401-load0p7,ocs-oracle,high-degree-aggregator-bias-replay,1401,305,1,0,2,0,ocs,3744000,3744000,0.02074,0.026564856,0.005824856,true
phase15h-r4-high-degree-aggregator-bias-replay-ocs-oracle-seed1401-load0p7,ocs-oracle,high-degree-aggregator-bias-replay,1401,306,2,0,3,0,eps,2544000,601928,0.02076,,,false
phase15h-r4-high-degree-aggregator-bias-replay-ocs-oracle-seed1401-load0p7,ocs-oracle,high-degree-aggregator-bias-replay,1401,307,4,0,5,0,ocs,3744000,3744000,0.02078,0.026437107,0.005657107,true
phase15h-r4-high-degree-aggregator-bias-replay-ocs-oracle-seed1401-load0p7,ocs-oracle,high-degree-aggregator-bias-replay,1401,308,5,0,6,0,eps,3744000,414328,0.0208,,,false
phase15h-r4-high-degree-aggregator-bias-replay-ocs-oracle-seed1401-load0p7,ocs-oracle,high-degree-aggregator-bias-replay,1401,309,1,0,3,0,eps,1728000,600320,0.02082,,,false
phase15h-r4-high-degree-aggregator-bias-replay-ocs-oracle-seed1401-load0p7,ocs-oracle,high-degree-aggregator-bias-replay,1401,310,4,0,6,0,eps,1728000,414328,0.02084,,,false
phase15h-r4-high-degree-aggregator-bias-replay-ocs-oracle-seed1401-load0p7,ocs-oracle,high-degree-aggregator-bias-replay,1401,311,6,0,7,0,ocs,2832000,2832000,0.02086,0.03073542,0.00987542,true
phase15h-r4-high-degree-aggregator-bias-replay-ocs-oracle-seed1401-load0p7,ocs-oracle,high-degree-aggregator-bias-replay,1401,312,0,0,1,0,eps,570000,164552,0.0241,,,false
phase15h-r4-high-degree-aggregator-bias-replay-ocs-oracle-seed1401-load0p7,ocs-oracle,high-degree-aggregator-bias-replay,1401,313,0,0,2,0,eps,570000,164552,0.02412,,,false
phase15h-r4-high-degree-aggregator-bias-replay-ocs-oracle-seed1401-load0p7,ocs-oracle,high-degree-aggregator-bias-replay,1401,314,0,0,3,0,ocs,570000,570000,0.02414,0.02672301,0.00258301,true
phase15h-r4-high-degree-aggregator-bias-replay-ocs-oracle-seed1401-load0p7,ocs-oracle,high-degree-aggregator-bias-replay,1401,315,0,0,4,0,eps,570000,164552,0.02416,,,false
phase15h-r4-high-degree-aggregator-bias-replay-ocs-oracle-seed1401-load0p7,ocs-oracle,high-degree-aggregator-bias-replay,1401,316,0,0,5,0,eps,570000,153296,0.02418,,,false
phase15h-r4-high-degree-aggregator-bias-replay-ocs-oracle-seed1401-load0p7,ocs-oracle,high-degree-aggregator-bias-replay,1401,317,0,0,6,0,eps,570000,162944,0.0242,,,false
phase15h-r4-high-degree-aggregator-bias-replay-ocs-oracle-seed1401-load0p7,ocs-oracle,high-degree-aggregator-bias-replay,1401,318,1,0,2,0,ocs,528000,528000,0.02422,0.026698528,0.002478528,true
phase15h-r4-high-degree-aggregator-bias-replay-ocs-oracle-seed1401-load0p7,ocs-oracle,high-degree-aggregator-bias-replay,1401,319,2,0,3,0,eps,528000,490976,0.02424,,,false
phase15h-r4-high-degree-aggregator-bias-replay-ocs-oracle-seed1401-load0p7,ocs-oracle,high-degree-aggregator-bias-replay,1401,320,4,0,5,0,ocs,528000,528000,0.02426,0.026706845,0.002446845,true
phase15h-r4-high-degree-aggregator-bias-replay-ocs-oracle-seed1401-load0p7,ocs-oracle,high-degree-aggregator-bias-replay,1401,321,5,0,6,0,eps,528000,340896,0.02428,,,false
phase15h-r4-high-degree-aggregator-bias-replay-ocs-oracle-seed1401-load0p7,ocs-oracle,high-degree-aggregator-bias-replay,1401,322,1,0,3,0,eps,432000,432000,0.0243,0.045967148,0.021667148,true
phase15h-r4-high-degree-aggregator-bias-replay-ocs-oracle-seed1401-load0p7,ocs-oracle,high-degree-aggregator-bias-replay,1401,323,4,0,6,0,eps,432000,340896,0.02432,,,false
phase15h-r4-high-degree-aggregator-bias-replay-ocs-oracle-seed1401-load0p7,ocs-oracle,high-degree-aggregator-bias-replay,1401,324,6,0,7,0,ocs,240000,240000,0.02434,0.026681289,0.002341289,true
phase15h-r4-high-degree-aggregator-bias-replay-ocs-oracle-seed1401-load0p7,ocs-oracle,high-degree-aggregator-bias-replay,1401,325,0,0,1,0,eps,570000,161336,0.02436,,,false
phase15h-r4-high-degree-aggregator-bias-replay-ocs-oracle-seed1401-load0p7,ocs-oracle,high-degree-aggregator-bias-replay,1401,326,0,0,2,0,eps,570000,161336,0.02438,,,false
phase15h-r4-high-degree-aggregator-bias-replay-ocs-oracle-seed1401-load0p7,ocs-oracle,high-degree-aggregator-bias-replay,1401,327,0,0,3,0,ocs,570000,570000,0.0244,0.026983584,0.002583584,true
phase15h-r4-high-degree-aggregator-bias-replay-ocs-oracle-seed1401-load0p7,ocs-oracle,high-degree-aggregator-bias-replay,1401,328,0,0,4,0,eps,570000,161336,0.02442,,,false
phase15h-r4-high-degree-aggregator-bias-replay-ocs-oracle-seed1401-load0p7,ocs-oracle,high-degree-aggregator-bias-replay,1401,329,0,0,5,0,eps,570000,161336,0.02444,,,false
phase15h-r4-high-degree-aggregator-bias-replay-ocs-oracle-seed1401-load0p7,ocs-oracle,high-degree-aggregator-bias-replay,1401,330,0,0,6,0,eps,570000,161336,0.02446,,,false
phase15h-r4-high-degree-aggregator-bias-replay-ocs-oracle-seed1401-load0p7,ocs-oracle,high-degree-aggregator-bias-replay,1401,331,1,0,2,0,ocs,528000,528000,0.02448,0.026968773,0.002488773,true
phase15h-r4-high-degree-aggregator-bias-replay-ocs-oracle-seed1401-load0p7,ocs-oracle,high-degree-aggregator-bias-replay,1401,332,2,0,3,0,eps,528000,118992,0.0245,,,false
phase15h-r4-high-degree-aggregator-bias-replay-ocs-oracle-seed1401-load0p7,ocs-oracle,high-degree-aggregator-bias-replay,1401,333,4,0,5,0,ocs,528000,528000,0.02452,0.027140589,0.002620589,true
phase15h-r4-high-degree-aggregator-bias-replay-ocs-oracle-seed1401-load0p7,ocs-oracle,high-degree-aggregator-bias-replay,1401,334,5,0,6,0,eps,528000,335000,0.02454,,,false
phase15h-r4-high-degree-aggregator-bias-replay-ocs-oracle-seed1401-load0p7,ocs-oracle,high-degree-aggregator-bias-replay,1401,335,1,0,3,0,eps,432000,432000,0.02456,0.046593136,0.022033136,true
phase15h-r4-high-degree-aggregator-bias-replay-ocs-oracle-seed1401-load0p7,ocs-oracle,high-degree-aggregator-bias-replay,1401,336,4,0,6,0,eps,432000,335000,0.02458,,,false
phase15h-r4-high-degree-aggregator-bias-replay-ocs-oracle-seed1401-load0p7,ocs-oracle,high-degree-aggregator-bias-replay,1401,337,6,0,7,0,ocs,240000,240000,0.0246,0.027370758,0.002770758,true
phase15h-r4-high-degree-aggregator-bias-replay-ocs-oracle-seed1401-load0p7,ocs-oracle,high-degree-aggregator-bias-replay,1401,338,0,0,1,0,eps,570000,160264,0.02462,,,false
phase15h-r4-high-degree-aggregator-bias-replay-ocs-oracle-seed1401-load0p7,ocs-oracle,high-degree-aggregator-bias-replay,1401,339,0,0,2,0,eps,570000,160264,0.02464,,,false
phase15h-r4-high-degree-aggregator-bias-replay-ocs-oracle-seed1401-load0p7,ocs-oracle,high-degree-aggregator-bias-replay,1401,340,0,0,3,0,ocs,570000,570000,0.02466,0.027243469,0.002583469,true
phase15h-r4-high-degree-aggregator-bias-replay-ocs-oracle-seed1401-load0p7,ocs-oracle,high-degree-aggregator-bias-replay,1401,341,0,0,4,0,eps,570000,158656,0.02468,,,false
phase15h-r4-high-degree-aggregator-bias-replay-ocs-oracle-seed1401-load0p7,ocs-oracle,high-degree-aggregator-bias-replay,1401,342,0,0,5,0,eps,570000,158656,0.0247,,,false
phase15h-r4-high-degree-aggregator-bias-replay-ocs-oracle-seed1401-load0p7,ocs-oracle,high-degree-aggregator-bias-replay,1401,343,0,0,6,0,eps,570000,158656,0.02472,,,false
phase15h-r4-high-degree-aggregator-bias-replay-ocs-oracle-seed1401-load0p7,ocs-oracle,high-degree-aggregator-bias-replay,1401,344,1,0,2,0,ocs,528000,528000,0.02474,0.027222159,0.002482159,true
phase15h-r4-high-degree-aggregator-bias-replay-ocs-oracle-seed1401-load0p7,ocs-oracle,high-degree-aggregator-bias-replay,1401,345,2,0,3,0,eps,528000,475968,0.02476,,,false
phase15h-r4-high-degree-aggregator-bias-replay-ocs-oracle-seed1401-load0p7,ocs-oracle,high-degree-aggregator-bias-replay,1401,346,4,0,5,0,ocs,528000,528000,0.02478,0.027230946,0.002450946,true
phase15h-r4-high-degree-aggregator-bias-replay-ocs-oracle-seed1401-load0p7,ocs-oracle,high-degree-aggregator-bias-replay,1401,347,5,0,6,0,eps,528000,286760,0.0248,,,false
phase15h-r4-high-degree-aggregator-bias-replay-ocs-oracle-seed1401-load0p7,ocs-oracle,high-degree-aggregator-bias-replay,1401,348,1,0,3,0,eps,432000,432000,0.02482,0.04700003,0.02218003,true
phase15h-r4-high-degree-aggregator-bias-replay-ocs-oracle-seed1401-load0p7,ocs-oracle,high-degree-aggregator-bias-replay,1401,349,4,0,6,0,eps,432000,329640,0.02484,,,false
phase15h-r4-high-degree-aggregator-bias-replay-ocs-oracle-seed1401-load0p7,ocs-oracle,high-degree-aggregator-bias-replay,1401,350,6,0,7,0,ocs,240000,240000,0.02486,0.02705226,0.00219226,true
phase15h-r4-high-degree-aggregator-bias-replay-ocs-oracle-seed1401-load0p7,ocs-oracle,high-degree-aggregator-bias-replay,1401,351,0,0,1,0,eps,798000,129712,0.0251,,,false
phase15h-r4-high-degree-aggregator-bias-replay-ocs-oracle-seed1401-load0p7,ocs-oracle,high-degree-aggregator-bias-replay,1401,352,0,0,2,0,eps,798000,155976,0.02512,,,false
phase15h-r4-high-degree-aggregator-bias-replay-ocs-oracle-seed1401-load0p7,ocs-oracle,high-degree-aggregator-bias-replay,1401,353,0,0,3,0,ocs,1638000,1638000,0.02514,0.029258388,0.004118388,true
phase15h-r4-high-degree-aggregator-bias-replay-ocs-oracle-seed1401-load0p7,ocs-oracle,high-degree-aggregator-bias-replay,1401,354,0,0,4,0,eps,798000,120064,0.02516,,,false
phase15h-r4-high-degree-aggregator-bias-replay-ocs-oracle-seed1401-load0p7,ocs-oracle,high-degree-aggregator-bias-replay,1401,355,0,0,5,0,eps,798000,154904,0.02518,,,false
phase15h-r4-high-degree-aggregator-bias-replay-ocs-oracle-seed1401-load0p7,ocs-oracle,high-degree-aggregator-bias-replay,1401,356,0,0,6,0,eps,798000,153832,0.0252,,,false
phase15h-r4-high-degree-aggregator-bias-replay-ocs-oracle-seed1401-load0p7,ocs-oracle,high-degree-aggregator-bias-replay,1401,357,1,0,2,0,ocs,3744000,3744000,0.02522,0.030856281,0.005636281,true
phase15h-r4-high-degree-aggregator-bias-replay-ocs-oracle-seed1401-load0p7,ocs-oracle,high-degree-aggregator-bias-replay,1401,358,2,0,3,0,eps,2544000,393960,0.02524,,,false
phase15h-r4-high-degree-aggregator-bias-replay-ocs-oracle-seed1401-load0p7,ocs-oracle,high-degree-aggregator-bias-replay,1401,359,4,0,5,0,ocs,3744000,3744000,0.02526,0.030888845,0.005628845,true
phase15h-r4-high-degree-aggregator-bias-replay-ocs-oracle-seed1401-load0p7,ocs-oracle,high-degree-aggregator-bias-replay,1401,360,5,0,6,0,eps,3744000,321600,0.02528,,,false
phase15h-r4-high-degree-aggregator-bias-replay-ocs-oracle-seed1401-load0p7,ocs-oracle,high-degree-aggregator-bias-replay,1401,361,1,0,3,0,eps,1728000,462568,0.0253,,,false
phase15h-r4-high-degree-aggregator-bias-replay-ocs-oracle-seed1401-load0p7,ocs-oracle,high-degree-aggregator-bias-replay,1401,362,4,0,6,0,eps,1728000,321600,0.02532,,,false
phase15h-r4-high-degree-aggregator-bias-replay-ocs-oracle-seed1401-load0p7,ocs-oracle,high-degree-aggregator-bias-replay,1401,363,6,0,7,0,ocs,2832000,2832000,0.02534,0.035605282,0.010265282,true
phase15h-r4-high-degree-aggregator-bias-replay-ocs-oracle-seed1401-load0p7,ocs-oracle,high-degree-aggregator-bias-replay,1401,364,0,0,1,0,eps,798000,153296,0.02536,,,false
phase15h-r4-high-degree-aggregator-bias-replay-ocs-oracle-seed1401-load0p7,ocs-oracle,high-degree-aggregator-bias-replay,1401,365,0,0,2,0,eps,798000,153296,0.02538,,,false
phase15h-r4-high-degree-aggregator-bias-replay-ocs-oracle-seed1401-load0p7,ocs-oracle,high-degree-aggregator-bias-replay,1401,366,0,0,3,0,ocs,1638000,1638000,0.0254,0.029522935,0.004122935,true
phase15h-r4-high-degree-aggregator-bias-replay-ocs-oracle-seed1401-load0p7,ocs-oracle,high-degree-aggregator-bias-replay,1401,367,0,0,4,0,eps,798000,31624,0.02542,,,false
phase15h-r4-high-degree-aggregator-bias-replay-ocs-oracle-seed1401-load0p7,ocs-oracle,high-degree-aggregator-bias-replay,1401,368,0,0,5,0,eps,798000,153296,0.02544,,,false
phase15h-r4-high-degree-aggregator-bias-replay-ocs-oracle-seed1401-load0p7,ocs-oracle,high-degree-aggregator-bias-replay,1401,369,0,0,6,0,eps,798000,57352,0.02546,,,false
phase15h-r4-high-degree-aggregator-bias-replay-ocs-oracle-seed1401-load0p7,ocs-oracle,high-degree-aggregator-bias-replay,1401,370,1,0,2,0,ocs,3744000,3744000,0.02548,0.031317018,0.005837018,true
phase15h-r4-high-degree-aggregator-bias-replay-ocs-oracle-seed1401-load0p7,ocs-oracle,high-degree-aggregator-bias-replay,1401,371,2,0,3,0,eps,2544000,456672,0.0255,,,false
phase15h-r4-high-degree-aggregator-bias-replay-ocs-oracle-seed1401-load0p7,ocs-oracle,high-degree-aggregator-bias-replay,1401,372,4,0,5,0,ocs,3744000,3744000,0.02552,0.031346021,0.005826021,true
phase15h-r4-high-degree-aggregator-bias-replay-ocs-oracle-seed1401-load0p7,ocs-oracle,high-degree-aggregator-bias-replay,1401,373,5,0,6,0,eps,3744000,316240,0.02554,,,false
phase15h-r4-high-degree-aggregator-bias-replay-ocs-oracle-seed1401-load0p7,ocs-oracle,high-degree-aggregator-bias-replay,1401,374,1,0,3,0,eps,1728000,455600,0.02556,,,false
phase15h-r4-high-degree-aggregator-bias-replay-ocs-oracle-seed1401-load0p7,ocs-oracle,high-degree-aggregator-bias-replay,1401,375,4,0,6,0,eps,1728000,316240,0.02558,,,false
phase15h-r4-high-degree-aggregator-bias-replay-ocs-oracle-seed1401-load0p7,ocs-oracle,high-degree-aggregator-bias-replay,1401,376,6,0,7,0,ocs,2832000,443808,0.0256,,,false
phase15h-r4-high-degree-aggregator-bias-replay-ocs-oracle-seed1401-load0p7,ocs-oracle,high-degree-aggregator-bias-replay,1401,377,0,0,1,0,eps,798000,152224,0.02562,,,false
phase15h-r4-high-degree-aggregator-bias-replay-ocs-oracle-seed1401-load0p7,ocs-oracle,high-degree-aggregator-bias-replay,1401,378,0,0,2,0,eps,798000,109344,0.02564,,,false
phase15h-r4-high-degree-aggregator-bias-replay-ocs-oracle-seed1401-load0p7,ocs-oracle,high-degree-aggregator-bias-replay,1401,379,0,0,3,0,ocs,1638000,1638000,0.02566,0.029787962,0.004127962,true
phase15h-r4-high-degree-aggregator-bias-replay-ocs-oracle-seed1401-load0p7,ocs-oracle,high-degree-aggregator-bias-replay,1401,380,0,0,4,0,eps,798000,150616,0.02568,,,false
phase15h-r4-high-degree-aggregator-bias-replay-ocs-oracle-seed1401-load0p7,ocs-oracle,high-degree-aggregator-bias-replay,1401,381,0,0,5,0,eps,798000,15008,0.0257,,,false
phase15h-r4-high-degree-aggregator-bias-replay-ocs-oracle-seed1401-load0p7,ocs-oracle,high-degree-aggregator-bias-replay,1401,382,0,0,6,0,eps,798000,42880,0.02572,,,false
phase15h-r4-high-degree-aggregator-bias-replay-ocs-oracle-seed1401-load0p7,ocs-oracle,high-degree-aggregator-bias-replay,1401,383,1,0,2,0,ocs,3744000,3744000,0.02574,0.031602402,0.005862402,true
phase15h-r4-high-degree-aggregator-bias-replay-ocs-oracle-seed1401-load0p7,ocs-oracle,high-degree-aggregator-bias-replay,1401,384,2,0,3,0,eps,2544000,451312,0.02576,,,false
phase15h-r4-high-degree-aggregator-bias-replay-ocs-oracle-seed1401-load0p7,ocs-oracle,high-degree-aggregator-bias-replay,1401,385,4,0,5,0,ocs,3744000,3744000,0.02578,0.031569936,0.005789936,true
phase15h-r4-high-degree-aggregator-bias-replay-ocs-oracle-seed1401-load0p7,ocs-oracle,high-degree-aggregator-bias-replay,1401,386,5,0,6,0,eps,3744000,293192,0.0258,,,false
phase15h-r4-high-degree-aggregator-bias-replay-ocs-oracle-seed1401-load0p7,ocs-oracle,high-degree-aggregator-bias-replay,1401,387,1,0,3,0,eps,1728000,448632,0.02582,,,false
phase15h-r4-high-degree-aggregator-bias-replay-ocs-oracle-seed1401-load0p7,ocs-oracle,high-degree-aggregator-bias-replay,1401,388,4,0,6,0,eps,1728000,311952,0.02584,,,false
phase15h-r4-high-degree-aggregator-bias-replay-ocs-oracle-seed1401-load0p7,ocs-oracle,high-degree-aggregator-bias-replay,1401,389,6,0,7,0,ocs,2832000,2832000,0.02586,0.036409331,0.010549331,true
phase15h-r4-high-degree-aggregator-bias-replay-ocs-oracle-seed1401-load0p7,ocs-oracle,high-degree-aggregator-bias-replay,1401,390,0,0,1,0,eps,570000,123280,0.0291,,,false
phase15h-r4-high-degree-aggregator-bias-replay-ocs-oracle-seed1401-load0p7,ocs-oracle,high-degree-aggregator-bias-replay,1401,391,0,0,2,0,eps,570000,123280,0.02912,,,false
phase15h-r4-high-degree-aggregator-bias-replay-ocs-oracle-seed1401-load0p7,ocs-oracle,high-degree-aggregator-bias-replay,1401,392,0,0,3,0,ocs,570000,570000,0.02914,0.031722937,0.002582937,true
phase15h-r4-high-degree-aggregator-bias-replay-ocs-oracle-seed1401-load0p7,ocs-oracle,high-degree-aggregator-bias-replay,1401,393,0,0,4,0,eps,570000,123280,0.02916,,,false
phase15h-r4-high-degree-aggregator-bias-replay-ocs-oracle-seed1401-load0p7,ocs-oracle,high-degree-aggregator-bias-replay,1401,394,0,0,5,0,eps,570000,121672,0.02918,,,false
phase15h-r4-high-degree-aggregator-bias-replay-ocs-oracle-seed1401-load0p7,ocs-oracle,high-degree-aggregator-bias-replay,1401,395,0,0,6,0,eps,570000,26800,0.0292,,,false
phase15h-r4-high-degree-aggregator-bias-replay-ocs-oracle-seed1401-load0p7,ocs-oracle,high-degree-aggregator-bias-replay,1401,396,1,0,2,0,ocs,528000,528000,0.02922,0.031696227,0.002476227,true
phase15h-r4-high-degree-aggregator-bias-replay-ocs-oracle-seed1401-load0p7,ocs-oracle,high-degree-aggregator-bias-replay,1401,397,2,0,3,0,eps,528000,363944,0.02924,,,false
phase15h-r4-high-degree-aggregator-bias-replay-ocs-oracle-seed1401-load0p7,ocs-oracle,high-degree-aggregator-bias-replay,1401,398,4,0,5,0,ocs,528000,528000,0.02926,0.031700433,0.002440433,true
phase15h-r4-high-degree-aggregator-bias-replay-ocs-oracle-seed1401-load0p7,ocs-oracle,high-degree-aggregator-bias-replay,1401,399,5,0,6,0,eps,528000,252992,0.02928,,,false
phase15h-r4-high-degree-aggregator-bias-replay-ocs-oracle-seed1401-load0p7,ocs-oracle,high-degree-aggregator-bias-replay,1401,400,1,0,3,0,eps,432000,362336,0.0293,,,false
phase15h-r4-high-degree-aggregator-bias-replay-ocs-oracle-seed1401-load0p7,ocs-oracle,high-degree-aggregator-bias-replay,1401,401,4,0,6,0,eps,432000,251920,0.02932,,,false
phase15h-r4-high-degree-aggregator-bias-replay-ocs-oracle-seed1401-load0p7,ocs-oracle,high-degree-aggregator-bias-replay,1401,402,6,0,7,0,ocs,240000,240000,0.02934,0.0478758,0.0185358,true
phase15h-r4-high-degree-aggregator-bias-replay-ocs-oracle-seed1401-load0p7,ocs-oracle,high-degree-aggregator-bias-replay,1401,403,0,0,1,0,eps,570000,120600,0.02936,,,false
phase15h-r4-high-degree-aggregator-bias-replay-ocs-oracle-seed1401-load0p7,ocs-oracle,high-degree-aggregator-bias-replay,1401,404,0,0,2,0,eps,570000,120600,0.02938,,,false
phase15h-r4-high-degree-aggregator-bias-replay-ocs-oracle-seed1401-load0p7,ocs-oracle,high-degree-aggregator-bias-replay,1401,405,0,0,3,0,ocs,570000,570000,0.0294,0.03198347,0.00258347,true
phase15h-r4-high-degree-aggregator-bias-replay-ocs-oracle-seed1401-load0p7,ocs-oracle,high-degree-aggregator-bias-replay,1401,406,0,0,4,0,eps,570000,120600,0.02942,,,false
phase15h-r4-high-degree-aggregator-bias-replay-ocs-oracle-seed1401-load0p7,ocs-oracle,high-degree-aggregator-bias-replay,1401,407,0,0,5,0,eps,570000,120600,0.02944,,,false
phase15h-r4-high-degree-aggregator-bias-replay-ocs-oracle-seed1401-load0p7,ocs-oracle,high-degree-aggregator-bias-replay,1401,408,0,0,6,0,eps,570000,31088,0.02946,,,false
phase15h-r4-high-degree-aggregator-bias-replay-ocs-oracle-seed1401-load0p7,ocs-oracle,high-degree-aggregator-bias-replay,1401,409,1,0,2,0,ocs,528000,528000,0.02948,0.031939181,0.002459181,true
phase15h-r4-high-degree-aggregator-bias-replay-ocs-oracle-seed1401-load0p7,ocs-oracle,high-degree-aggregator-bias-replay,1401,410,2,0,3,0,eps,528000,356976,0.0295,,,false
phase15h-r4-high-degree-aggregator-bias-replay-ocs-oracle-seed1401-load0p7,ocs-oracle,high-degree-aggregator-bias-replay,1401,411,4,0,5,0,ocs,528000,528000,0.02952,0.031964861,0.002444861,true
phase15h-r4-high-degree-aggregator-bias-replay-ocs-oracle-seed1401-load0p7,ocs-oracle,high-degree-aggregator-bias-replay,1401,412,5,0,6,0,eps,528000,247632,0.02954,,,false
phase15h-r4-high-degree-aggregator-bias-replay-ocs-oracle-seed1401-load0p7,ocs-oracle,high-degree-aggregator-bias-replay,1401,413,1,0,3,0,eps,432000,355904,0.02956,,,false
phase15h-r4-high-degree-aggregator-bias-replay-ocs-oracle-seed1401-load0p7,ocs-oracle,high-degree-aggregator-bias-replay,1401,414,4,0,6,0,eps,432000,247632,0.02958,,,false
phase15h-r4-high-degree-aggregator-bias-replay-ocs-oracle-seed1401-load0p7,ocs-oracle,high-degree-aggregator-bias-replay,1401,415,6,0,7,0,ocs,240000,240000,0.0296,0.032035777,0.002435777,true
phase15h-r4-high-degree-aggregator-bias-replay-ocs-oracle-seed1401-load0p7,ocs-oracle,high-degree-aggregator-bias-replay,1401,416,0,0,1,0,eps,570000,118992,0.02962,,,false
phase15h-r4-high-degree-aggregator-bias-replay-ocs-oracle-seed1401-load0p7,ocs-oracle,high-degree-aggregator-bias-replay,1401,417,0,0,2,0,eps,570000,118992,0.02964,,,false
phase15h-r4-high-degree-aggregator-bias-replay-ocs-oracle-seed1401-load0p7,ocs-oracle,high-degree-aggregator-bias-replay,1401,418,0,0,3,0,ocs,570000,570000,0.02966,0.03224322,0.00258322,true
phase15h-r4-high-degree-aggregator-bias-replay-ocs-oracle-seed1401-load0p7,ocs-oracle,high-degree-aggregator-bias-replay,1401,419,0,0,4,0,eps,570000,118992,0.02968,,,false
phase15h-r4-high-degree-aggregator-bias-replay-ocs-oracle-seed1401-load0p7,ocs-oracle,high-degree-aggregator-bias-replay,1401,420,0,0,5,0,eps,570000,117920,0.0297,,,false
phase15h-r4-high-degree-aggregator-bias-replay-ocs-oracle-seed1401-load0p7,ocs-oracle,high-degree-aggregator-bias-replay,1401,421,0,0,6,0,eps,570000,117920,0.02972,,,false
phase15h-r4-high-degree-aggregator-bias-replay-ocs-oracle-seed1401-load0p7,ocs-oracle,high-degree-aggregator-bias-replay,1401,422,1,0,2,0,ocs,528000,528000,0.02974,0.032186782,0.002446782,true
phase15h-r4-high-degree-aggregator-bias-replay-ocs-oracle-seed1401-load0p7,ocs-oracle,high-degree-aggregator-bias-replay,1401,423,2,0,3,0,eps,528000,351616,0.02976,,,false
phase15h-r4-high-degree-aggregator-bias-replay-ocs-oracle-seed1401-load0p7,ocs-oracle,high-degree-aggregator-bias-replay,1401,424,4,0,5,0,ocs,528000,528000,0.02978,0.03222739,0.00244739,true
phase15h-r4-high-degree-aggregator-bias-replay-ocs-oracle-seed1401-load0p7,ocs-oracle,high-degree-aggregator-bias-replay,1401,425,5,0,6,0,eps,528000,243344,0.0298,,,false
phase15h-r4-high-degree-aggregator-bias-replay-ocs-oracle-seed1401-load0p7,ocs-oracle,high-degree-aggregator-bias-replay,1401,426,1,0,3,0,eps,432000,350008,0.02982,,,false
phase15h-r4-high-degree-aggregator-bias-replay-ocs-oracle-seed1401-load0p7,ocs-oracle,high-degree-aggregator-bias-replay,1401,427,4,0,6,0,eps,432000,242272,0.02984,,,false
phase15h-r4-high-degree-aggregator-bias-replay-ocs-oracle-seed1401-load0p7,ocs-oracle,high-degree-aggregator-bias-replay,1401,428,6,0,7,0,ocs,240000,240000,0.02986,0.030998546,0.001138546,true
phase15h-r4-high-degree-aggregator-bias-replay-ocs-oracle-seed1401-load0p7,ocs-oracle,high-degree-aggregator-bias-replay,1401,429,0,0,1,0,eps,798000,48240,0.0301,,,false
phase15h-r4-high-degree-aggregator-bias-replay-ocs-oracle-seed1401-load0p7,ocs-oracle,high-degree-aggregator-bias-replay,1401,430,0,0,2,0,eps,798000,101304,0.03012,,,false
phase15h-r4-high-degree-aggregator-bias-replay-ocs-oracle-seed1401-load0p7,ocs-oracle,high-degree-aggregator-bias-replay,1401,431,0,0,3,0,ocs,1638000,1638000,0.03014,0.034258329,0.004118329,true
phase15h-r4-high-degree-aggregator-bias-replay-ocs-oracle-seed1401-load0p7,ocs-oracle,high-degree-aggregator-bias-replay,1401,432,0,0,4,0,eps,798000,115240,0.03016,,,false
phase15h-r4-high-degree-aggregator-bias-replay-ocs-oracle-seed1401-load0p7,ocs-oracle,high-degree-aggregator-bias-replay,1401,433,0,0,5,0,eps,798000,115240,0.03018,,,false
phase15h-r4-high-degree-aggregator-bias-replay-ocs-oracle-seed1401-load0p7,ocs-oracle,high-degree-aggregator-bias-replay,1401,434,0,0,6,0,eps,798000,34304,0.0302,,,false
phase15h-r4-high-degree-aggregator-bias-replay-ocs-oracle-seed1401-load0p7,ocs-oracle,high-degree-aggregator-bias-replay,1401,435,1,0,2,0,ocs,3744000,3744000,0.03022,0.035848849,0.005628849,true
phase15h-r4-high-degree-aggregator-bias-replay-ocs-oracle-seed1401-load0p7,ocs-oracle,high-degree-aggregator-bias-replay,1401,436,2,0,3,0,eps,2544000,340896,0.03024,,,false
phase15h-r4-high-degree-aggregator-bias-replay-ocs-oracle-seed1401-load0p7,ocs-oracle,high-degree-aggregator-bias-replay,1401,437,4,0,5,0,ocs,3744000,3744000,0.03026,0.035895153,0.005635153,true
phase15h-r4-high-degree-aggregator-bias-replay-ocs-oracle-seed1401-load0p7,ocs-oracle,high-degree-aggregator-bias-replay,1401,438,5,0,6,0,eps,3744000,235304,0.03028,,,false
phase15h-r4-high-degree-aggregator-bias-replay-ocs-oracle-seed1401-load0p7,ocs-oracle,high-degree-aggregator-bias-replay,1401,439,1,0,3,0,eps,1728000,339288,0.0303,,,false
phase15h-r4-high-degree-aggregator-bias-replay-ocs-oracle-seed1401-load0p7,ocs-oracle,high-degree-aggregator-bias-replay,1401,440,4,0,6,0,eps,1728000,235304,0.03032,,,false
phase15h-r4-high-degree-aggregator-bias-replay-ocs-oracle-seed1401-load0p7,ocs-oracle,high-degree-aggregator-bias-replay,1401,441,6,0,7,0,ocs,2832000,110416,0.03034,,,false
phase15h-r4-high-degree-aggregator-bias-replay-ocs-oracle-seed1401-load0p7,ocs-oracle,high-degree-aggregator-bias-replay,1401,442,0,0,1,0,eps,798000,113632,0.03036,,,false
phase15h-r4-high-degree-aggregator-bias-replay-ocs-oracle-seed1401-load0p7,ocs-oracle,high-degree-aggregator-bias-replay,1401,443,0,0,2,0,eps,798000,113632,0.03038,,,false
phase15h-r4-high-degree-aggregator-bias-replay-ocs-oracle-seed1401-load0p7,ocs-oracle,high-degree-aggregator-bias-replay,1401,444,0,0,3,0,ocs,1638000,1638000,0.0304,0.034522784,0.004122784,true
phase15h-r4-high-degree-aggregator-bias-replay-ocs-oracle-seed1401-load0p7,ocs-oracle,high-degree-aggregator-bias-replay,1401,445,0,0,4,0,eps,798000,113632,0.03042,,,false
phase15h-r4-high-degree-aggregator-bias-replay-ocs-oracle-seed1401-load0p7,ocs-oracle,high-degree-aggregator-bias-replay,1401,446,0,0,5,0,eps,798000,112024,0.03044,,,false
phase15h-r4-high-degree-aggregator-bias-replay-ocs-oracle-seed1401-load0p7,ocs-oracle,high-degree-aggregator-bias-replay,1401,447,0,0,6,0,eps,798000,34304,0.03046,,,false
phase15h-r4-high-degree-aggregator-bias-replay-ocs-oracle-seed1401-load0p7,ocs-oracle,high-degree-aggregator-bias-replay,1401,448,1,0,2,0,ocs,3744000,3744000,0.03048,0.036130649,0.005650649,true
phase15h-r4-high-degree-aggregator-bias-replay-ocs-oracle-seed1401-load0p7,ocs-oracle,high-degree-aggregator-bias-replay,1401,449,2,0,3,0,eps,2544000,335000,0.0305,,,false
phase15h-r4-high-degree-aggregator-bias-replay-ocs-oracle-seed1401-load0p7,ocs-oracle,high-degree-aggregator-bias-replay,1401,450,4,0,5,0,ocs,3744000,3744000,0.03052,0.036141608,0.005621608,true
phase15h-r4-high-degree-aggregator-bias-replay-ocs-oracle-seed1401-load0p7,ocs-oracle,high-degree-aggregator-bias-replay,1401,451,5,0,6,0,eps,3744000,232624,0.03054,,,false
phase15h-r4-high-degree-aggregator-bias-replay-ocs-oracle-seed1401-load0p7,ocs-oracle,high-degree-aggregator-bias-replay,1401,452,1,0,3,0,eps,1728000,333928,0.03056,,,false
phase15h-r4-high-degree-aggregator-bias-replay-ocs-oracle-seed1401-load0p7,ocs-oracle,high-degree-aggregator-bias-replay,1401,453,4,0,6,0,eps,1728000,231552,0.03058,,,false
phase15h-r4-high-degree-aggregator-bias-replay-ocs-oracle-seed1401-load0p7,ocs-oracle,high-degree-aggregator-bias-replay,1401,454,6,0,7,0,ocs,2832000,2832000,0.0306,0.042247911,0.011647911,true
phase15h-r4-high-degree-aggregator-bias-replay-ocs-oracle-seed1401-load0p7,ocs-oracle,high-degree-aggregator-bias-replay,1401,455,0,0,1,0,eps,798000,110952,0.03062,,,false
phase15h-r4-high-degree-aggregator-bias-replay-ocs-oracle-seed1401-load0p7,ocs-oracle,high-degree-aggregator-bias-replay,1401,456,0,0,2,0,eps,798000,42344,0.03064,,,false
phase15h-r4-high-degree-aggregator-bias-replay-ocs-oracle-seed1401-load0p7,ocs-oracle,high-degree-aggregator-bias-replay,1401,457,0,0,3,0,ocs,1638000,1638000,0.03066,0.034788381,0.004128381,true
phase15h-r4-high-degree-aggregator-bias-replay-ocs-oracle-seed1401-load0p7,ocs-oracle,high-degree-aggregator-bias-replay,1401,458,0,0,4,0,eps,798000,76112,0.03068,,,false
phase15h-r4-high-degree-aggregator-bias-replay-ocs-oracle-seed1401-load0p7,ocs-oracle,high-degree-aggregator-bias-replay,1401,459,0,0,5,0,eps,798000,110952,0.0307,,,false
phase15h-r4-high-degree-aggregator-bias-replay-ocs-oracle-seed1401-load0p7,ocs-oracle,high-degree-aggregator-bias-replay,1401,460,0,0,6,0,eps,798000,41272,0.03072,,,false
phase15h-r4-high-degree-aggregator-bias-replay-ocs-oracle-seed1401-load0p7,ocs-oracle,high-degree-aggregator-bias-replay,1401,461,1,0,2,0,ocs,3744000,3744000,0.03074,0.036413492,0.005673492,true
phase15h-r4-high-degree-aggregator-bias-replay-ocs-oracle-seed1401-load0p7,ocs-oracle,high-degree-aggregator-bias-replay,1401,462,2,0,3,0,eps,2544000,329640,0.03076,,,false
phase15h-r4-high-degree-aggregator-bias-replay-ocs-oracle-seed1401-load0p7,ocs-oracle,high-degree-aggregator-bias-replay,1401,463,4,0,5,0,ocs,3744000,3744000,0.03078,0.036430876,0.005650876,true
phase15h-r4-high-degree-aggregator-bias-replay-ocs-oracle-seed1401-load0p7,ocs-oracle,high-degree-aggregator-bias-replay,1401,464,5,0,6,0,eps,3744000,228336,0.0308,,,false
phase15h-r4-high-degree-aggregator-bias-replay-ocs-oracle-seed1401-load0p7,ocs-oracle,high-degree-aggregator-bias-replay,1401,465,1,0,3,0,eps,1728000,328568,0.03082,,,false
phase15h-r4-high-degree-aggregator-bias-replay-ocs-oracle-seed1401-load0p7,ocs-oracle,high-degree-aggregator-bias-replay,1401,466,4,0,6,0,eps,1728000,227264,0.03084,,,false
phase15h-r4-high-degree-aggregator-bias-replay-ocs-oracle-seed1401-load0p7,ocs-oracle,high-degree-aggregator-bias-replay,1401,467,6,0,7,0,ocs,2832000,2832000,0.03086,0.041382041,0.010522041,true
phase15h-r4-high-degree-aggregator-bias-replay-ocs-oracle-seed1401-load0p7,ocs-oracle,high-degree-aggregator-bias-replay,1401,468,0,0,1,0,eps,570000,87904,0.0341,,,false
phase15h-r4-high-degree-aggregator-bias-replay-ocs-oracle-seed1401-load0p7,ocs-oracle,high-degree-aggregator-bias-replay,1401,469,0,0,2,0,eps,570000,87904,0.03412,,,false
phase15h-r4-high-degree-aggregator-bias-replay-ocs-oracle-seed1401-load0p7,ocs-oracle,high-degree-aggregator-bias-replay,1401,470,0,0,3,0,ocs,570000,570000,0.03414,0.036722843,0.002582843,true
phase15h-r4-high-degree-aggregator-bias-replay-ocs-oracle-seed1401-load0p7,ocs-oracle,high-degree-aggregator-bias-replay,1401,471,0,0,4,0,eps,570000,86296,0.03416,,,false
phase15h-r4-high-degree-aggregator-bias-replay-ocs-oracle-seed1401-load0p7,ocs-oracle,high-degree-aggregator-bias-replay,1401,472,0,0,5,0,eps,570000,86296,0.03418,,,false
phase15h-r4-high-degree-aggregator-bias-replay-ocs-oracle-seed1401-load0p7,ocs-oracle,high-degree-aggregator-bias-replay,1401,473,0,0,6,0,eps,570000,78256,0.0342,,,false
phase15h-r4-high-degree-aggregator-bias-replay-ocs-oracle-seed1401-load0p7,ocs-oracle,high-degree-aggregator-bias-replay,1401,474,1,0,2,0,ocs,528000,528000,0.03422,0.036693144,0.002473144,true
phase15h-r4-high-degree-aggregator-bias-replay-ocs-oracle-seed1401-load0p7,ocs-oracle,high-degree-aggregator-bias-replay,1401,475,2,0,3,0,eps,528000,257280,0.03424,,,false
phase15h-r4-high-degree-aggregator-bias-replay-ocs-oracle-seed1401-load0p7,ocs-oracle,high-degree-aggregator-bias-replay,1401,476,4,0,5,0,ocs,528000,528000,0.03426,0.036703321,0.002443321,true
phase15h-r4-high-degree-aggregator-bias-replay-ocs-oracle-seed1401-load0p7,ocs-oracle,high-degree-aggregator-bias-replay,1401,477,5,0,6,0,eps,528000,176344,0.03428,,,false
phase15h-r4-high-degree-aggregator-bias-replay-ocs-oracle-seed1401-load0p7,ocs-oracle,high-degree-aggregator-bias-replay,1401,478,1,0,3,0,eps,432000,156512,0.0343,,,false
phase15h-r4-high-degree-aggregator-bias-replay-ocs-oracle-seed1401-load0p7,ocs-oracle,high-degree-aggregator-bias-replay,1401,479,4,0,6,0,eps,432000,175272,0.03432,,,false
phase15h-r4-high-degree-aggregator-bias-replay-ocs-oracle-seed1401-load0p7,ocs-oracle,high-degree-aggregator-bias-replay,1401,480,6,0,7,0,ocs,240000,240000,0.03434,0.037746261,0.003406261,true
phase15h-r4-high-degree-aggregator-bias-replay-ocs-oracle-seed1401-load0p7,ocs-oracle,high-degree-aggregator-bias-replay,1401,481,0,0,1,0,eps,570000,84688,0.03436,,,false
phase15h-r4-high-degree-aggregator-bias-replay-ocs-oracle-seed1401-load0p7,ocs-oracle,high-degree-aggregator-bias-replay,1401,482,0,0,2,0,eps,570000,84688,0.03438,,,false
phase15h-r4-high-degree-aggregator-bias-replay-ocs-oracle-seed1401-load0p7,ocs-oracle,high-degree-aggregator-bias-replay,1401,483,0,0,3,0,ocs,570000,570000,0.0344,0.036983343,0.002583343,true
phase15h-r4-high-degree-aggregator-bias-replay-ocs-oracle-seed1401-load0p7,ocs-oracle,high-degree-aggregator-bias-replay,1401,484,0,0,4,0,eps,570000,34304,0.03442,,,false
phase15h-r4-high-degree-aggregator-bias-replay-ocs-oracle-seed1401-load0p7,ocs-oracle,high-degree-aggregator-bias-replay,1401,485,0,0,5,0,eps,570000,84688,0.03444,,,false
phase15h-r4-high-degree-aggregator-bias-replay-ocs-oracle-seed1401-load0p7,ocs-oracle,high-degree-aggregator-bias-replay,1401,486,0,0,6,0,eps,570000,84688,0.03446,,,false
phase15h-r4-high-degree-aggregator-bias-replay-ocs-oracle-seed1401-load0p7,ocs-oracle,high-degree-aggregator-bias-replay,1401,487,1,0,2,0,ocs,528000,528000,0.03448,0.036955622,0.002475622,true
phase15h-r4-high-degree-aggregator-bias-replay-ocs-oracle-seed1401-load0p7,ocs-oracle,high-degree-aggregator-bias-replay,1401,488,2,0,3,0,eps,528000,251920,0.0345,,,false
phase15h-r4-high-degree-aggregator-bias-replay-ocs-oracle-seed1401-load0p7,ocs-oracle,high-degree-aggregator-bias-replay,1401,489,4,0,5,0,ocs,528000,528000,0.03452,0.03697267,0.00245267,true
phase15h-r4-high-degree-aggregator-bias-replay-ocs-oracle-seed1401-load0p7,ocs-oracle,high-degree-aggregator-bias-replay,1401,490,5,0,6,0,eps,528000,172592,0.03454,,,false
phase15h-r4-high-degree-aggregator-bias-replay-ocs-oracle-seed1401-load0p7,ocs-oracle,high-degree-aggregator-bias-replay,1401,491,1,0,3,0,eps,432000,69680,0.03456,,,false
phase15h-r4-high-degree-aggregator-bias-replay-ocs-oracle-seed1401-load0p7,ocs-oracle,high-degree-aggregator-bias-replay,1401,492,4,0,6,0,eps,432000,172592,0.03458,,,false
phase15h-r4-high-degree-aggregator-bias-replay-ocs-oracle-seed1401-load0p7,ocs-oracle,high-degree-aggregator-bias-replay,1401,493,6,0,7,0,ocs,240000,240000,0.0346,0.036694071,0.002094071,true
phase15h-r4-high-degree-aggregator-bias-replay-ocs-oracle-seed1401-load0p7,ocs-oracle,high-degree-aggregator-bias-replay,1401,494,0,0,1,0,eps,570000,15008,0.03462,,,false
phase15h-r4-high-degree-aggregator-bias-replay-ocs-oracle-seed1401-load0p7,ocs-oracle,high-degree-aggregator-bias-replay,1401,495,0,0,2,0,eps,570000,15008,0.03464,,,false
phase15h-r4-high-degree-aggregator-bias-replay-ocs-oracle-seed1401-load0p7,ocs-oracle,high-degree-aggregator-bias-replay,1401,496,0,0,3,0,ocs,570000,570000,0.03466,0.037243106,0.002583106,true
phase15h-r4-high-degree-aggregator-bias-replay-ocs-oracle-seed1401-load0p7,ocs-oracle,high-degree-aggregator-bias-replay,1401,497,0,0,4,0,eps,570000,83616,0.03468,,,false
phase15h-r4-high-degree-aggregator-bias-replay-ocs-oracle-seed1401-load0p7,ocs-oracle,high-degree-aggregator-bias-replay,1401,498,0,0,5,0,eps,570000,83616,0.0347,,,false
phase15h-r4-high-degree-aggregator-bias-replay-ocs-oracle-seed1401-load0p7,ocs-oracle,high-degree-aggregator-bias-replay,1401,499,0,0,6,0,eps,570000,83616,0.03472,,,false
phase15h-r4-high-degree-aggregator-bias-replay-ocs-oracle-seed1401-load0p7,ocs-oracle,high-degree-aggregator-bias-replay,1401,500,1,0,2,0,ocs,528000,528000,0.03474,0.037204052,0.002464052,true
phase15h-r4-high-degree-aggregator-bias-replay-ocs-oracle-seed1401-load0p7,ocs-oracle,high-degree-aggregator-bias-replay,1401,501,2,0,3,0,eps,528000,247632,0.03476,,,false
phase15h-r4-high-degree-aggregator-bias-replay-ocs-oracle-seed1401-load0p7,ocs-oracle,high-degree-aggregator-bias-replay,1401,502,4,0,5,0,ocs,528000,528000,0.03478,0.037233997,0.002453997,true
phase15h-r4-high-degree-aggregator-bias-replay-ocs-oracle-seed1401-load0p7,ocs-oracle,high-degree-aggregator-bias-replay,1401,503,5,0,6,0,eps,528000,168304,0.0348,,,false
phase15h-r4-high-degree-aggregator-bias-replay-ocs-oracle-seed1401-load0p7,ocs-oracle,high-degree-aggregator-bias-replay,1401,504,1,0,3,0,eps,432000,140968,0.03482,,,false
phase15h-r4-high-degree-aggregator-bias-replay-ocs-oracle-seed1401-load0p7,ocs-oracle,high-degree-aggregator-bias-replay,1401,505,4,0,6,0,eps,432000,168304,0.03484,,,false
phase15h-r4-high-degree-aggregator-bias-replay-ocs-oracle-seed1401-load0p7,ocs-oracle,high-degree-aggregator-bias-replay,1401,506,6,0,7,0,ocs,240000,240000,0.03486,0.036034137,0.001174137,true
phase15h-r4-high-degree-aggregator-bias-replay-ocs-oracle-seed1401-load0p7,ocs-oracle,high-degree-aggregator-bias-replay,1401,507,0,0,1,0,eps,798000,80936,0.0351,,,false
phase15h-r4-high-degree-aggregator-bias-replay-ocs-oracle-seed1401-load0p7,ocs-oracle,high-degree-aggregator-bias-replay,1401,508,0,0,2,0,eps,798000,80936,0.03512,,,false
phase15h-r4-high-degree-aggregator-bias-replay-ocs-oracle-seed1401-load0p7,ocs-oracle,high-degree-aggregator-bias-replay,1401,509,0,0,3,0,ocs,1638000,1638000,0.03514,0.039258363,0.004118363,true
phase15h-r4-high-degree-aggregator-bias-replay-ocs-oracle-seed1401-load0p7,ocs-oracle,high-degree-aggregator-bias-replay,1401,510,0,0,4,0,eps,798000,15008,0.03516,,,false
phase15h-r4-high-degree-aggregator-bias-replay-ocs-oracle-seed1401-load0p7,ocs-oracle,high-degree-aggregator-bias-replay,1401,511,0,0,5,0,eps,798000,80936,0.03518,,,false
phase15h-r4-high-degree-aggregator-bias-replay-ocs-oracle-seed1401-load0p7,ocs-oracle,high-degree-aggregator-bias-replay,1401,512,0,0,6,0,eps,798000,79328,0.0352,,,false
phase15h-r4-high-degree-aggregator-bias-replay-ocs-oracle-seed1401-load0p7,ocs-oracle,high-degree-aggregator-bias-replay,1401,513,1,0,2,0,ocs,3744000,3744000,0.03522,0.040893413,0.005673413,true
phase15h-r4-high-degree-aggregator-bias-replay-ocs-oracle-seed1401-load0p7,ocs-oracle,high-degree-aggregator-bias-replay,1401,514,2,0,3,0,eps,2544000,237984,0.03524,,,false
phase15h-r4-high-degree-aggregator-bias-replay-ocs-oracle-seed1401-load0p7,ocs-oracle,high-degree-aggregator-bias-replay,1401,515,4,0,5,0,ocs,3744000,3744000,0.03526,0.041093644,0.005833644,true
phase15h-r4-high-degree-aggregator-bias-replay-ocs-oracle-seed1401-load0p7,ocs-oracle,high-degree-aggregator-bias-replay,1401,516,5,0,6,0,eps,3744000,162944,0.03528,,,false
phase15h-r4-high-degree-aggregator-bias-replay-ocs-oracle-seed1401-load0p7,ocs-oracle,high-degree-aggregator-bias-replay,1401,517,1,0,3,0,eps,1728000,99160,0.0353,,,false
phase15h-r4-high-degree-aggregator-bias-replay-ocs-oracle-seed1401-load0p7,ocs-oracle,high-degree-aggregator-bias-replay,1401,518,4,0,6,0,eps,1728000,162944,0.03532,,,false
phase15h-r4-high-degree-aggregator-bias-replay-ocs-oracle-seed1401-load0p7,ocs-oracle,high-degree-aggregator-bias-replay,1401,519,6,0,7,0,eps,2832000,2178304,0.03534,,,false
phase15h-r4-high-degree-aggregator-bias-replay-ocs-oracle-seed1401-load0p7,ocs-oracle,high-degree-aggregator-bias-replay,1401,520,0,0,1,0,eps,798000,79328,0.03536,,,false
phase15h-r4-high-degree-aggregator-bias-replay-ocs-oracle-seed1401-load0p7,ocs-oracle,high-degree-aggregator-bias-replay,1401,521,0,0,2,0,eps,798000,79328,0.03538,,,false
phase15h-r4-high-degree-aggregator-bias-replay-ocs-oracle-seed1401-load0p7,ocs-oracle,high-degree-aggregator-bias-replay,1401,522,0,0,3,0,ocs,1638000,1638000,0.0354,0.039523147,0.004123147,true
phase15h-r4-high-degree-aggregator-bias-replay-ocs-oracle-seed1401-load0p7,ocs-oracle,high-degree-aggregator-bias-replay,1401,523,0,0,4,0,eps,798000,78256,0.03542,,,false
phase15h-r4-high-degree-aggregator-bias-replay-ocs-oracle-seed1401-load0p7,ocs-oracle,high-degree-aggregator-bias-replay,1401,524,0,0,5,0,eps,798000,15008,0.03544,,,false
phase15h-r4-high-degree-aggregator-bias-replay-ocs-oracle-seed1401-load0p7,ocs-oracle,high-degree-aggregator-bias-replay,1401,525,0,0,6,0,eps,798000,26264,0.03546,,,false
phase15h-r4-high-degree-aggregator-bias-replay-ocs-oracle-seed1401-load0p7,ocs-oracle,high-degree-aggregator-bias-replay,1401,526,1,0,2,0,ocs,3744000,3744000,0.03548,0.04111344,0.00563344,true
phase15h-r4-high-degree-aggregator-bias-replay-ocs-oracle-seed1401-load0p7,ocs-oracle,high-degree-aggregator-bias-replay,1401,527,2,0,3,0,eps,2544000,232624,0.0355,,,false
phase15h-r4-high-degree-aggregator-bias-replay-ocs-oracle-seed1401-load0p7,ocs-oracle,high-degree-aggregator-bias-replay,1401,528,4,0,5,0,ocs,3744000,3744000,0.03552,0.041196525,0.005676525,true
phase15h-r4-high-degree-aggregator-bias-replay-ocs-oracle-seed1401-load0p7,ocs-oracle,high-degree-aggregator-bias-replay,1401,529,5,0,6,0,eps,3744000,160264,0.03554,,,false
phase15h-r4-high-degree-aggregator-bias-replay-ocs-oracle-seed1401-load0p7,ocs-oracle,high-degree-aggregator-bias-replay,1401,530,1,0,3,0,eps,1728000,232624,0.03556,,,false
phase15h-r4-high-degree-aggregator-bias-replay-ocs-oracle-seed1401-load0p7,ocs-oracle,high-degree-aggregator-bias-replay,1401,531,4,0,6,0,eps,1728000,158656,0.03558,,,false
phase15h-r4-high-degree-aggregator-bias-replay-ocs-oracle-seed1401-load0p7,ocs-oracle,high-degree-aggregator-bias-replay,1401,532,6,0,7,0,eps,2832000,2232440,0.0356,,,false
phase15h-r4-high-degree-aggregator-bias-replay-ocs-oracle-seed1401-load0p7,ocs-oracle,high-degree-aggregator-bias-replay,1401,533,0,0,1,0,eps,798000,76648,0.03562,,,false
phase15h-r4-high-degree-aggregator-bias-replay-ocs-oracle-seed1401-load0p7,ocs-oracle,high-degree-aggregator-bias-replay,1401,534,0,0,2,0,eps,798000,76648,0.03564,,,false
phase15h-r4-high-degree-aggregator-bias-replay-ocs-oracle-seed1401-load0p7,ocs-oracle,high-degree-aggregator-bias-replay,1401,535,0,0,3,0,ocs,1638000,1638000,0.03566,0.039787904,0.004127904,true
phase15h-r4-high-degree-aggregator-bias-replay-ocs-oracle-seed1401-load0p7,ocs-oracle,high-degree-aggregator-bias-replay,1401,536,0,0,4,0,eps,798000,76648,0.03568,,,false
phase15h-r4-high-degree-aggregator-bias-replay-ocs-oracle-seed1401-load0p7,ocs-oracle,high-degree-aggregator-bias-replay,1401,537,0,0,5,0,eps,798000,76648,0.0357,,,false
phase15h-r4-high-degree-aggregator-bias-replay-ocs-oracle-seed1401-load0p7,ocs-oracle,high-degree-aggregator-bias-replay,1401,538,0,0,6,0,eps,798000,76648,0.03572,,,false
phase15h-r4-high-degree-aggregator-bias-replay-ocs-oracle-seed1401-load0p7,ocs-oracle,high-degree-aggregator-bias-replay,1401,539,1,0,2,0,ocs,3744000,3744000,0.03574,0.041387488,0.005647488,true
phase15h-r4-high-degree-aggregator-bias-replay-ocs-oracle-seed1401-load0p7,ocs-oracle,high-degree-aggregator-bias-replay,1401,540,2,0,3,0,eps,2544000,105056,0.03576,,,false
phase15h-r4-high-degree-aggregator-bias-replay-ocs-oracle-seed1401-load0p7,ocs-oracle,high-degree-aggregator-bias-replay,1401,541,4,0,5,0,ocs,3744000,3744000,0.03578,0.041484136,0.005704136,true
phase15h-r4-high-degree-aggregator-bias-replay-ocs-oracle-seed1401-load0p7,ocs-oracle,high-degree-aggregator-bias-replay,1401,542,5,0,6,0,eps,3744000,154904,0.0358,,,false
phase15h-r4-high-degree-aggregator-bias-replay-ocs-oracle-seed1401-load0p7,ocs-oracle,high-degree-aggregator-bias-replay,1401,543,1,0,3,0,eps,1728000,227264,0.03582,,,false
phase15h-r4-high-degree-aggregator-bias-replay-ocs-oracle-seed1401-load0p7,ocs-oracle,high-degree-aggregator-bias-replay,1401,544,4,0,6,0,eps,1728000,124352,0.03584,,,false
phase15h-r4-high-degree-aggregator-bias-replay-ocs-oracle-seed1401-load0p7,ocs-oracle,high-degree-aggregator-bias-replay,1401,545,6,0,7,0,ocs,2832000,2832000,0.03586,0.046599849,0.010739849,true
phase15h-r4-high-degree-aggregator-bias-replay-ocs-oracle-seed1401-load0p7,ocs-oracle,high-degree-aggregator-bias-replay,1401,546,0,0,1,0,eps,570000,56280,0.0391,,,false
phase15h-r4-high-degree-aggregator-bias-replay-ocs-oracle-seed1401-load0p7,ocs-oracle,high-degree-aggregator-bias-replay,1401,547,0,0,2,0,eps,570000,56280,0.03912,,,false
phase15h-r4-high-degree-aggregator-bias-replay-ocs-oracle-seed1401-load0p7,ocs-oracle,high-degree-aggregator-bias-replay,1401,548,0,0,3,0,ocs,570000,570000,0.03914,0.041723195,0.002583195,true
phase15h-r4-high-degree-aggregator-bias-replay-ocs-oracle-seed1401-load0p7,ocs-oracle,high-degree-aggregator-bias-replay,1401,549,0,0,4,0,eps,570000,56280,0.03916,,,false
phase15h-r4-high-degree-aggregator-bias-replay-ocs-oracle-seed1401-load0p7,ocs-oracle,high-degree-aggregator-bias-replay,1401,550,0,0,5,0,eps,570000,56280,0.03918,,,false
phase15h-r4-high-degree-aggregator-bias-replay-ocs-oracle-seed1401-load0p7,ocs-oracle,high-degree-aggregator-bias-replay,1401,551,0,0,6,0,eps,570000,56280,0.0392,,,false
phase15h-r4-high-degree-aggregator-bias-replay-ocs-oracle-seed1401-load0p7,ocs-oracle,high-degree-aggregator-bias-replay,1401,552,1,0,2,0,ocs,528000,528000,0.03922,0.041688708,0.002468708,true
phase15h-r4-high-degree-aggregator-bias-replay-ocs-oracle-seed1401-load0p7,ocs-oracle,high-degree-aggregator-bias-replay,1401,553,2,0,3,0,eps,528000,164552,0.03924,,,false
phase15h-r4-high-degree-aggregator-bias-replay-ocs-oracle-seed1401-load0p7,ocs-oracle,high-degree-aggregator-bias-replay,1401,554,4,0,5,0,ocs,528000,528000,0.03926,0.04174826,0.00248826,true
phase15h-r4-high-degree-aggregator-bias-replay-ocs-oracle-seed1401-load0p7,ocs-oracle,high-degree-aggregator-bias-replay,1401,555,5,0,6,0,eps,528000,110952,0.03928,,,false
phase15h-r4-high-degree-aggregator-bias-replay-ocs-oracle-seed1401-load0p7,ocs-oracle,high-degree-aggregator-bias-replay,1401,556,1,0,3,0,eps,432000,162944,0.0393,,,false
phase15h-r4-high-degree-aggregator-bias-replay-ocs-oracle-seed1401-load0p7,ocs-oracle,high-degree-aggregator-bias-replay,1401,557,4,0,6,0,eps,432000,109344,0.03932,,,false
phase15h-r4-high-degree-aggregator-bias-replay-ocs-oracle-seed1401-load0p7,ocs-oracle,high-degree-aggregator-bias-replay,1401,558,6,0,7,0,ocs,240000,240000,0.03934,0.04174437,0.00240437,true
phase15h-r4-high-degree-aggregator-bias-replay-ocs-oracle-seed1401-load0p7,ocs-oracle,high-degree-aggregator-bias-replay,1401,559,0,0,1,0,eps,570000,54672,0.03936,,,false
phase15h-r4-high-degree-aggregator-bias-replay-ocs-oracle-seed1401-load0p7,ocs-oracle,high-degree-aggregator-bias-replay,1401,560,0,0,2,0,eps,570000,54672,0.03938,,,false
phase15h-r4-high-degree-aggregator-bias-replay-ocs-oracle-seed1401-load0p7,ocs-oracle,high-degree-aggregator-bias-replay,1401,561,0,0,3,0,ocs,570000,570000,0.0394,0.04198349,0.00258349,true
phase15h-r4-high-degree-aggregator-bias-replay-ocs-oracle-seed1401-load0p7,ocs-oracle,high-degree-aggregator-bias-replay,1401,562,0,0,4,0,eps,570000,54672,0.03942,,,false
phase15h-r4-high-degree-aggregator-bias-replay-ocs-oracle-seed1401-load0p7,ocs-oracle,high-degree-aggregator-bias-replay,1401,563,0,0,5,0,eps,570000,54672,0.03944,,,false
phase15h-r4-high-degree-aggregator-bias-replay-ocs-oracle-seed1401-load0p7,ocs-oracle,high-degree-aggregator-bias-replay,1401,564,0,0,6,0,eps,570000,53600,0.03946,,,false
phase15h-r4-high-degree-aggregator-bias-replay-ocs-oracle-seed1401-load0p7,ocs-oracle,high-degree-aggregator-bias-replay,1401,565,1,0,2,0,ocs,528000,528000,0.03948,0.041938385,0.002458385,true
phase15h-r4-high-degree-aggregator-bias-replay-ocs-oracle-seed1401-load0p7,ocs-oracle,high-degree-aggregator-bias-replay,1401,566,2,0,3,0,eps,528000,158656,0.0395,,,false
phase15h-r4-high-degree-aggregator-bias-replay-ocs-oracle-seed1401-load0p7,ocs-oracle,high-degree-aggregator-bias-replay,1401,567,4,0,5,0,ocs,528000,528000,0.03952,0.042017821,0.002497821,true
phase15h-r4-high-degree-aggregator-bias-replay-ocs-oracle-seed1401-load0p7,ocs-oracle,high-degree-aggregator-bias-replay,1401,568,5,0,6,0,eps,528000,106664,0.03954,,,false
phase15h-r4-high-degree-aggregator-bias-replay-ocs-oracle-seed1401-load0p7,ocs-oracle,high-degree-aggregator-bias-replay,1401,569,1,0,3,0,eps,432000,158656,0.03956,,,false
phase15h-r4-high-degree-aggregator-bias-replay-ocs-oracle-seed1401-load0p7,ocs-oracle,high-degree-aggregator-bias-replay,1401,570,4,0,6,0,eps,432000,108272,0.03958,,,false
phase15h-r4-high-degree-aggregator-bias-replay-ocs-oracle-seed1401-load0p7,ocs-oracle,high-degree-aggregator-bias-replay,1401,571,6,0,7,0,ocs,240000,240000,0.0396,0.041878272,0.002278272,true
phase15h-r4-high-degree-aggregator-bias-replay-ocs-oracle-seed1401-load0p7,ocs-oracle,high-degree-aggregator-bias-replay,1401,572,0,0,1,0,eps,570000,53600,0.03962,,,false
phase15h-r4-high-degree-aggregator-bias-replay-ocs-oracle-seed1401-load0p7,ocs-oracle,high-degree-aggregator-bias-replay,1401,573,0,0,2,0,eps,570000,53600,0.03964,,,false
phase15h-r4-high-degree-aggregator-bias-replay-ocs-oracle-seed1401-load0p7,ocs-oracle,high-degree-aggregator-bias-replay,1401,574,0,0,3,0,ocs,570000,570000,0.03966,0.042243237,0.002583237,true
phase15h-r4-high-degree-aggregator-bias-replay-ocs-oracle-seed1401-load0p7,ocs-oracle,high-degree-aggregator-bias-replay,1401,575,0,0,4,0,eps,570000,53600,0.03968,,,false
phase15h-r4-high-degree-aggregator-bias-replay-ocs-oracle-seed1401-load0p7,ocs-oracle,high-degree-aggregator-bias-replay,1401,576,0,0,5,0,eps,570000,10720,0.0397,,,false
phase15h-r4-high-degree-aggregator-bias-replay-ocs-oracle-seed1401-load0p7,ocs-oracle,high-degree-aggregator-bias-replay,1401,577,0,0,6,0,eps,570000,51992,0.03972,,,false
phase15h-r4-high-degree-aggregator-bias-replay-ocs-oracle-seed1401-load0p7,ocs-oracle,high-degree-aggregator-bias-replay,1401,578,1,0,2,0,ocs,528000,528000,0.03974,0.042361149,0.002621149,true
phase15h-r4-high-degree-aggregator-bias-replay-ocs-oracle-seed1401-load0p7,ocs-oracle,high-degree-aggregator-bias-replay,1401,579,2,0,3,0,eps,528000,154904,0.03976,,,false
phase15h-r4-high-degree-aggregator-bias-replay-ocs-oracle-seed1401-load0p7,ocs-oracle,high-degree-aggregator-bias-replay,1401,580,4,0,5,0,ocs,528000,528000,0.03978,0.042280186,0.002500186,true
phase15h-r4-high-degree-aggregator-bias-replay-ocs-oracle-seed1401-load0p7,ocs-oracle,high-degree-aggregator-bias-replay,1401,581,5,0,6,0,eps,528000,103984,0.0398,,,false
phase15h-r4-high-degree-aggregator-bias-replay-ocs-oracle-seed1401-load0p7,ocs-oracle,high-degree-aggregator-bias-replay,1401,582,1,0,3,0,eps,432000,153296,0.03982,,,false
phase15h-r4-high-degree-aggregator-bias-replay-ocs-oracle-seed1401-load0p7,ocs-oracle,high-degree-aggregator-bias-replay,1401,583,4,0,6,0,eps,432000,96480,0.03984,,,false
phase15h-r4-high-degree-aggregator-bias-replay-ocs-oracle-seed1401-load0p7,ocs-oracle,high-degree-aggregator-bias-replay,1401,584,6,0,7,0,ocs,240000,240000,0.03986,0.040987819,0.001127819,true
phase15h-r4-high-degree-aggregator-bias-replay-ocs-oracle-seed1401-load0p7,ocs-oracle,high-degree-aggregator-bias-replay,1401,585,0,0,1,0,eps,798000,50920,0.0401,,,false
phase15h-r4-high-degree-aggregator-bias-replay-ocs-oracle-seed1401-load0p7,ocs-oracle,high-degree-aggregator-bias-replay,1401,586,0,0,2,0,eps,798000,50920,0.04012,,,false
phase15h-r4-high-degree-aggregator-bias-replay-ocs-oracle-seed1401-load0p7,ocs-oracle,high-degree-aggregator-bias-replay,1401,587,0,0,3,0,ocs,1638000,1638000,0.04014,0.044258572,0.004118572,true
phase15h-r4-high-degree-aggregator-bias-replay-ocs-oracle-seed1401-load0p7,ocs-oracle,high-degree-aggregator-bias-replay,1401,588,0,0,4,0,eps,798000,50920,0.04016,,,false
phase15h-r4-high-degree-aggregator-bias-replay-ocs-oracle-seed1401-load0p7,ocs-oracle,high-degree-aggregator-bias-replay,1401,589,0,0,5,0,eps,798000,49312,0.04018,,,false
phase15h-r4-high-degree-aggregator-bias-replay-ocs-oracle-seed1401-load0p7,ocs-oracle,high-degree-aggregator-bias-replay,1401,590,0,0,6,0,eps,798000,49312,0.0402,,,false
phase15h-r4-high-degree-aggregator-bias-replay-ocs-oracle-seed1401-load0p7,ocs-oracle,high-degree-aggregator-bias-replay,1401,591,1,0,2,0,ocs,3744000,3744000,0.04022,0.04604741,0.00582741,true
phase15h-r4-high-degree-aggregator-bias-replay-ocs-oracle-seed1401-load0p7,ocs-oracle,high-degree-aggregator-bias-replay,1401,592,2,0,3,0,eps,2544000,0,0.04024,,,false
phase15h-r4-high-degree-aggregator-bias-replay-ocs-oracle-seed1401-load0p7,ocs-oracle,high-degree-aggregator-bias-replay,1401,593,4,0,5,0,ocs,3744000,3744000,0.04026,0.046168661,0.005908661,true
phase15h-r4-high-degree-aggregator-bias-replay-ocs-oracle-seed1401-load0p7,ocs-oracle,high-degree-aggregator-bias-replay,1401,594,5,0,6,0,eps,3744000,100232,0.04028,,,false
phase15h-r4-high-degree-aggregator-bias-replay-ocs-oracle-seed1401-load0p7,ocs-oracle,high-degree-aggregator-bias-replay,1401,595,1,0,3,0,eps,1728000,145256,0.0403,,,false
phase15h-r4-high-degree-aggregator-bias-replay-ocs-oracle-seed1401-load0p7,ocs-oracle,high-degree-aggregator-bias-replay,1401,596,4,0,6,0,eps,1728000,100232,0.04032,,,false
phase15h-r4-high-degree-aggregator-bias-replay-ocs-oracle-seed1401-load0p7,ocs-oracle,high-degree-aggregator-bias-replay,1401,597,6,0,7,0,ocs,2832000,1903336,0.04034,,,false
phase15h-r4-high-degree-aggregator-bias-replay-ocs-oracle-seed1401-load0p7,ocs-oracle,high-degree-aggregator-bias-replay,1401,598,0,0,1,0,eps,798000,49312,0.04036,,,false
phase15h-r4-high-degree-aggregator-bias-replay-ocs-oracle-seed1401-load0p7,ocs-oracle,high-degree-aggregator-bias-replay,1401,599,0,0,2,0,eps,798000,49312,0.04038,,,false
phase15h-r4-high-degree-aggregator-bias-replay-ocs-oracle-seed1401-load0p7,ocs-oracle,high-degree-aggregator-bias-replay,1401,600,0,0,3,0,ocs,1638000,1638000,0.0404,0.044523669,0.004123669,true
phase15h-r4-high-degree-aggregator-bias-replay-ocs-oracle-seed1401-load0p7,ocs-oracle,high-degree-aggregator-bias-replay,1401,601,0,0,4,0,eps,798000,48240,0.04042,,,false
phase15h-r4-high-degree-aggregator-bias-replay-ocs-oracle-seed1401-load0p7,ocs-oracle,high-degree-aggregator-bias-replay,1401,602,0,0,5,0,eps,798000,13400,0.04044,,,false
phase15h-r4-high-degree-aggregator-bias-replay-ocs-oracle-seed1401-load0p7,ocs-oracle,high-degree-aggregator-bias-replay,1401,603,0,0,6,0,eps,798000,0,0.04046,,,false
phase15h-r4-high-degree-aggregator-bias-replay-ocs-oracle-seed1401-load0p7,ocs-oracle,high-degree-aggregator-bias-replay,1401,604,1,0,2,0,ocs,3744000,3744000,0.04048,0.046146943,0.005666943,true
phase15h-r4-high-degree-aggregator-bias-replay-ocs-oracle-seed1401-load0p7,ocs-oracle,high-degree-aggregator-bias-replay,1401,605,2,0,3,0,eps,2544000,142576,0.0405,,,false
phase15h-r4-high-degree-aggregator-bias-replay-ocs-oracle-seed1401-load0p7,ocs-oracle,high-degree-aggregator-bias-replay,1401,606,4,0,5,0,ocs,3744000,3744000,0.04052,0.046475888,0.005955888,true
phase15h-r4-high-degree-aggregator-bias-replay-ocs-oracle-seed1401-load0p7,ocs-oracle,high-degree-aggregator-bias-replay,1401,607,5,0,6,0,eps,3744000,97552,0.04054,,,false
phase15h-r4-high-degree-aggregator-bias-replay-ocs-oracle-seed1401-load0p7,ocs-oracle,high-degree-aggregator-bias-replay,1401,608,1,0,3,0,eps,1728000,140968,0.04056,,,false
phase15h-r4-high-degree-aggregator-bias-replay-ocs-oracle-seed1401-load0p7,ocs-oracle,high-degree-aggregator-bias-replay,1401,609,4,0,6,0,eps,1728000,97552,0.04058,,,false
phase15h-r4-high-degree-aggregator-bias-replay-ocs-oracle-seed1401-load0p7,ocs-oracle,high-degree-aggregator-bias-replay,1401,610,6,0,7,0,eps,2832000,757904,0.0406,,,false
phase15h-r4-high-degree-aggregator-bias-replay-ocs-oracle-seed1401-load0p7,ocs-oracle,high-degree-aggregator-bias-replay,1401,611,0,0,1,0,eps,798000,48240,0.04062,,,false
phase15h-r4-high-degree-aggregator-bias-replay-ocs-oracle-seed1401-load0p7,ocs-oracle,high-degree-aggregator-bias-replay,1401,612,0,0,2,0,eps,798000,48240,0.04064,,,false
phase15h-r4-high-degree-aggregator-bias-replay-ocs-oracle-seed1401-load0p7,ocs-oracle,high-degree-aggregator-bias-replay,1401,613,0,0,3,0,ocs,1638000,1638000,0.04066,0.044789105,0.004129105,true
phase15h-r4-high-degree-aggregator-bias-replay-ocs-oracle-seed1401-load0p7,ocs-oracle,high-degree-aggregator-bias-replay,1401,614,0,0,4,0,eps,798000,46632,0.04068,,,false
phase15h-r4-high-degree-aggregator-bias-replay-ocs-oracle-seed1401-load0p7,ocs-oracle,high-degree-aggregator-bias-replay,1401,615,0,0,5,0,eps,798000,0,0.0407,,,false
phase15h-r4-high-degree-aggregator-bias-replay-ocs-oracle-seed1401-load0p7,ocs-oracle,high-degree-aggregator-bias-replay,1401,616,0,0,6,0,eps,798000,46632,0.04072,,,false
phase15h-r4-high-degree-aggregator-bias-replay-ocs-oracle-seed1401-load0p7,ocs-oracle,high-degree-aggregator-bias-replay,1401,617,1,0,2,0,ocs,3744000,3744000,0.04074,0.046429931,0.005689931,true
phase15h-r4-high-degree-aggregator-bias-replay-ocs-oracle-seed1401-load0p7,ocs-oracle,high-degree-aggregator-bias-replay,1401,618,2,0,3,0,eps,2544000,138288,0.04076,,,false
phase15h-r4-high-degree-aggregator-bias-replay-ocs-oracle-seed1401-load0p7,ocs-oracle,high-degree-aggregator-bias-replay,1401,619,4,0,5,0,ocs,3744000,3744000,0.04078,0.046580628,0.005800628,true
phase15h-r4-high-degree-aggregator-bias-replay-ocs-oracle-seed1401-load0p7,ocs-oracle,high-degree-aggregator-bias-replay,1401,620,5,0,6,0,eps,3744000,94336,0.0408,,,false
phase15h-r4-high-degree-aggregator-bias-replay-ocs-oracle-seed1401-load0p7,ocs-oracle,high-degree-aggregator-bias-replay,1401,621,1,0,3,0,eps,1728000,137216,0.04082,,,false
phase15h-r4-high-degree-aggregator-bias-replay-ocs-oracle-seed1401-load0p7,ocs-oracle,high-degree-aggregator-bias-replay,1401,622,4,0,6,0,eps,1728000,93264,0.04084,,,false
phase15h-r4-high-degree-aggregator-bias-replay-ocs-oracle-seed1401-load0p7,ocs-oracle,high-degree-aggregator-bias-replay,1401,623,6,0,7,0,eps,2832000,1228512,0.04086,,,false
phase15h-r4-high-degree-aggregator-bias-replay-ocs-oracle-seed1401-load0p7,ocs-oracle,high-degree-aggregator-bias-replay,1401,624,0,0,1,0,eps,570000,28944,0.0441,,,false
phase15h-r4-high-degree-aggregator-bias-replay-ocs-oracle-seed1401-load0p7,ocs-oracle,high-degree-aggregator-bias-replay,1401,625,0,0,2,0,eps,570000,28944,0.04412,,,false
phase15h-r4-high-degree-aggregator-bias-replay-ocs-oracle-seed1401-load0p7,ocs-oracle,high-degree-aggregator-bias-replay,1401,626,0,0,3,0,ocs,570000,570000,0.04414,0.046722906,0.002582906,true
phase15h-r4-high-degree-aggregator-bias-replay-ocs-oracle-seed1401-load0p7,ocs-oracle,high-degree-aggregator-bias-replay,1401,627,0,0,4,0,eps,570000,27336,0.04416,,,false
phase15h-r4-high-degree-aggregator-bias-replay-ocs-oracle-seed1401-load0p7,ocs-oracle,high-degree-aggregator-bias-replay,1401,628,0,0,5,0,eps,570000,27336,0.04418,,,false
phase15h-r4-high-degree-aggregator-bias-replay-ocs-oracle-seed1401-load0p7,ocs-oracle,high-degree-aggregator-bias-replay,1401,629,0,0,6,0,eps,570000,27336,0.0442,,,false
phase15h-r4-high-degree-aggregator-bias-replay-ocs-oracle-seed1401-load0p7,ocs-oracle,high-degree-aggregator-bias-replay,1401,630,1,0,2,0,ocs,528000,528000,0.04422,0.046705286,0.002485286,true
phase15h-r4-high-degree-aggregator-bias-replay-ocs-oracle-seed1401-load0p7,ocs-oracle,high-degree-aggregator-bias-replay,1401,631,2,0,3,0,eps,528000,82008,0.04424,,,false
phase15h-r4-high-degree-aggregator-bias-replay-ocs-oracle-seed1401-load0p7,ocs-oracle,high-degree-aggregator-bias-replay,1401,632,4,0,5,0,ocs,528000,528000,0.04426,0.046778919,0.002518919,true
phase15h-r4-high-degree-aggregator-bias-replay-ocs-oracle-seed1401-load0p7,ocs-oracle,high-degree-aggregator-bias-replay,1401,633,5,0,6,0,eps,528000,35376,0.04428,,,false
phase15h-r4-high-degree-aggregator-bias-replay-ocs-oracle-seed1401-load0p7,ocs-oracle,high-degree-aggregator-bias-replay,1401,634,1,0,3,0,eps,432000,80936,0.0443,,,false
phase15h-r4-high-degree-aggregator-bias-replay-ocs-oracle-seed1401-load0p7,ocs-oracle,high-degree-aggregator-bias-replay,1401,635,4,0,6,0,eps,432000,54672,0.04432,,,false
phase15h-r4-high-degree-aggregator-bias-replay-ocs-oracle-seed1401-load0p7,ocs-oracle,high-degree-aggregator-bias-replay,1401,636,6,0,7,0,ocs,240000,240000,0.04434,0.046794578,0.002454578,true
phase15h-r4-high-degree-aggregator-bias-replay-ocs-oracle-seed1401-load0p7,ocs-oracle,high-degree-aggregator-bias-replay,1401,637,0,0,1,0,eps,570000,27336,0.04436,,,false
phase15h-r4-high-degree-aggregator-bias-replay-ocs-oracle-seed1401-load0p7,ocs-oracle,high-degree-aggregator-bias-replay,1401,638,0,0,2,0,eps,570000,27336,0.04438,,,false
phase15h-r4-high-degree-aggregator-bias-replay-ocs-oracle-seed1401-load0p7,ocs-oracle,high-degree-aggregator-bias-replay,1401,639,0,0,3,0,ocs,570000,570000,0.0444,0.046983624,0.002583624,true
phase15h-r4-high-degree-aggregator-bias-replay-ocs-oracle-seed1401-load0p7,ocs-oracle,high-degree-aggregator-bias-replay,1401,640,0,0,4,0,eps,570000,26264,0.04442,,,false
phase15h-r4-high-degree-aggregator-bias-replay-ocs-oracle-seed1401-load0p7,ocs-oracle,high-degree-aggregator-bias-replay,1401,641,0,0,5,0,eps,570000,26264,0.04444,,,false
phase15h-r4-high-degree-aggregator-bias-replay-ocs-oracle-seed1401-load0p7,ocs-oracle,high-degree-aggregator-bias-replay,1401,642,0,0,6,0,eps,570000,0,0.04446,,,false
phase15h-r4-high-degree-aggregator-bias-replay-ocs-oracle-seed1401-load0p7,ocs-oracle,high-degree-aggregator-bias-replay,1401,643,1,0,2,0,ocs,528000,528000,0.04448,0.04697383,0.00249383,true
phase15h-r4-high-degree-aggregator-bias-replay-ocs-oracle-seed1401-load0p7,ocs-oracle,high-degree-aggregator-bias-replay,1401,644,2,0,3,0,eps,528000,78256,0.0445,,,false
phase15h-r4-high-degree-aggregator-bias-replay-ocs-oracle-seed1401-load0p7,ocs-oracle,high-degree-aggregator-bias-replay,1401,645,4,0,5,0,ocs,528000,528000,0.04452,0.047032733,0.002512733,true
phase15h-r4-high-degree-aggregator-bias-replay-ocs-oracle-seed1401-load0p7,ocs-oracle,high-degree-aggregator-bias-replay,1401,646,5,0,6,0,eps,528000,9112,0.04454,,,false
phase15h-r4-high-degree-aggregator-bias-replay-ocs-oracle-seed1401-load0p7,ocs-oracle,high-degree-aggregator-bias-replay,1401,647,1,0,3,0,eps,432000,76648,0.04456,,,false
phase15h-r4-high-degree-aggregator-bias-replay-ocs-oracle-seed1401-load0p7,ocs-oracle,high-degree-aggregator-bias-replay,1401,648,4,0,6,0,eps,432000,51992,0.04458,,,false
phase15h-r4-high-degree-aggregator-bias-replay-ocs-oracle-seed1401-load0p7,ocs-oracle,high-degree-aggregator-bias-replay,1401,649,6,0,7,0,ocs,240000,240000,0.0446,0.047158402,0.002558402,true
phase15h-r4-high-degree-aggregator-bias-replay-ocs-oracle-seed1401-load0p7,ocs-oracle,high-degree-aggregator-bias-replay,1401,650,0,0,1,0,eps,570000,26264,0.04462,,,false
phase15h-r4-high-degree-aggregator-bias-replay-ocs-oracle-seed1401-load0p7,ocs-oracle,high-degree-aggregator-bias-replay,1401,651,0,0,2,0,eps,570000,0,0.04464,,,false
phase15h-r4-high-degree-aggregator-bias-replay-ocs-oracle-seed1401-load0p7,ocs-oracle,high-degree-aggregator-bias-replay,1401,652,0,0,3,0,ocs,570000,570000,0.04466,0.047243777,0.002583777,true
phase15h-r4-high-degree-aggregator-bias-replay-ocs-oracle-seed1401-load0p7,ocs-oracle,high-degree-aggregator-bias-replay,1401,653,0,0,4,0,eps,570000,24656,0.04468,,,false
phase15h-r4-high-degree-aggregator-bias-replay-ocs-oracle-seed1401-load0p7,ocs-oracle,high-degree-aggregator-bias-replay,1401,654,0,0,5,0,eps,570000,24656,0.0447,,,false
phase15h-r4-high-degree-aggregator-bias-replay-ocs-oracle-seed1401-load0p7,ocs-oracle,high-degree-aggregator-bias-replay,1401,655,0,0,6,0,eps,570000,24656,0.04472,,,false
phase15h-r4-high-degree-aggregator-bias-replay-ocs-oracle-seed1401-load0p7,ocs-oracle,high-degree-aggregator-bias-replay,1401,656,1,0,2,0,ocs,528000,528000,0.04474,0.047228063,0.002488063,true
phase15h-r4-high-degree-aggregator-bias-replay-ocs-oracle-seed1401-load0p7,ocs-oracle,high-degree-aggregator-bias-replay,1401,657,2,0,3,0,eps,528000,73968,0.04476,,,false
phase15h-r4-high-degree-aggregator-bias-replay-ocs-oracle-seed1401-load0p7,ocs-oracle,high-degree-aggregator-bias-replay,1401,658,4,0,5,0,ocs,528000,528000,0.04478,0.047299359,0.002519359,true
phase15h-r4-high-degree-aggregator-bias-replay-ocs-oracle-seed1401-load0p7,ocs-oracle,high-degree-aggregator-bias-replay,1401,659,5,0,6,0,eps,528000,50920,0.0448,,,false
phase15h-r4-high-degree-aggregator-bias-replay-ocs-oracle-seed1401-load0p7,ocs-oracle,high-degree-aggregator-bias-replay,1401,660,1,0,3,0,eps,432000,72896,0.04482,,,false
phase15h-r4-high-degree-aggregator-bias-replay-ocs-oracle-seed1401-load0p7,ocs-oracle,high-degree-aggregator-bias-replay,1401,661,4,0,6,0,eps,432000,32696,0.04484,,,false
phase15h-r4-high-degree-aggregator-bias-replay-ocs-oracle-seed1401-load0p7,ocs-oracle,high-degree-aggregator-bias-replay,1401,662,6,0,7,0,ocs,240000,240000,0.04486,0.046995776,0.002135776,true
phase15h-r4-high-degree-aggregator-bias-replay-ocs-oracle-seed1401-load0p7,ocs-oracle,high-degree-aggregator-bias-replay,1401,663,0,0,1,0,eps,798000,23584,0.0451,,,false
phase15h-r4-high-degree-aggregator-bias-replay-ocs-oracle-seed1401-load0p7,ocs-oracle,high-degree-aggregator-bias-replay,1401,664,0,0,2,0,eps,798000,23584,0.04512,,,false
phase15h-r4-high-degree-aggregator-bias-replay-ocs-oracle-seed1401-load0p7,ocs-oracle,high-degree-aggregator-bias-replay,1401,665,0,0,3,0,ocs,1638000,1638000,0.04514,0.049258691,0.004118691,true
phase15h-r4-high-degree-aggregator-bias-replay-ocs-oracle-seed1401-load0p7,ocs-oracle,high-degree-aggregator-bias-replay,1401,666,0,0,4,0,eps,798000,23584,0.04516,,,false
phase15h-r4-high-degree-aggregator-bias-replay-ocs-oracle-seed1401-load0p7,ocs-oracle,high-degree-aggregator-bias-replay,1401,667,0,0,5,0,eps,798000,23584,0.04518,,,false
phase15h-r4-high-degree-aggregator-bias-replay-ocs-oracle-seed1401-load0p7,ocs-oracle,high-degree-aggregator-bias-replay,1401,668,0,0,6,0,eps,798000,21976,0.0452,,,false
phase15h-r4-high-degree-aggregator-bias-replay-ocs-oracle-seed1401-load0p7,ocs-oracle,high-degree-aggregator-bias-replay,1401,669,1,0,2,0,ocs,3744000,2375016,0.04522,,,false
phase15h-r4-high-degree-aggregator-bias-replay-ocs-oracle-seed1401-load0p7,ocs-oracle,high-degree-aggregator-bias-replay,1401,670,2,0,3,0,eps,2544000,65928,0.04524,,,false
phase15h-r4-high-degree-aggregator-bias-replay-ocs-oracle-seed1401-load0p7,ocs-oracle,high-degree-aggregator-bias-replay,1401,671,4,0,5,0,ocs,3744000,1894760,0.04526,,,false
phase15h-r4-high-degree-aggregator-bias-replay-ocs-oracle-seed1401-load0p7,ocs-oracle,high-degree-aggregator-bias-replay,1401,672,5,0,6,0,eps,3744000,30552,0.04528,,,false
phase15h-r4-high-degree-aggregator-bias-replay-ocs-oracle-seed1401-load0p7,ocs-oracle,high-degree-aggregator-bias-replay,1401,673,1,0,3,0,eps,1728000,65928,0.0453,,,false
phase15h-r4-high-degree-aggregator-bias-replay-ocs-oracle-seed1401-load0p7,ocs-oracle,high-degree-aggregator-bias-replay,1401,674,4,0,6,0,eps,1728000,43952,0.04532,,,false
phase15h-r4-high-degree-aggregator-bias-replay-ocs-oracle-seed1401-load0p7,ocs-oracle,high-degree-aggregator-bias-replay,1401,675,6,0,7,0,ocs,2832000,596568,0.04534,,,false
phase15h-r4-high-degree-aggregator-bias-replay-ocs-oracle-seed1401-load0p7,ocs-oracle,high-degree-aggregator-bias-replay,1401,676,0,0,1,0,eps,798000,21976,0.04536,,,false
phase15h-r4-high-degree-aggregator-bias-replay-ocs-oracle-seed1401-load0p7,ocs-oracle,high-degree-aggregator-bias-replay,1401,677,0,0,2,0,eps,798000,0,0.04538,,,false
phase15h-r4-high-degree-aggregator-bias-replay-ocs-oracle-seed1401-load0p7,ocs-oracle,high-degree-aggregator-bias-replay,1401,678,0,0,3,0,ocs,1638000,1638000,0.0454,0.049523849,0.004123849,true
phase15h-r4-high-degree-aggregator-bias-replay-ocs-oracle-seed1401-load0p7,ocs-oracle,high-degree-aggregator-bias-replay,1401,679,0,0,4,0,eps,798000,21976,0.04542,,,false
phase15h-r4-high-degree-aggregator-bias-replay-ocs-oracle-seed1401-load0p7,ocs-oracle,high-degree-aggregator-bias-replay,1401,680,0,0,5,0,eps,798000,21976,0.04544,,,false
phase15h-r4-high-degree-aggregator-bias-replay-ocs-oracle-seed1401-load0p7,ocs-oracle,high-degree-aggregator-bias-replay,1401,681,0,0,6,0,eps,798000,20904,0.04546,,,false
phase15h-r4-high-degree-aggregator-bias-replay-ocs-oracle-seed1401-load0p7,ocs-oracle,high-degree-aggregator-bias-replay,1401,682,1,0,2,0,ocs,3744000,2124168,0.04548,,,false
phase15h-r4-high-degree-aggregator-bias-replay-ocs-oracle-seed1401-load0p7,ocs-oracle,high-degree-aggregator-bias-replay,1401,683,2,0,3,0,eps,2544000,61640,0.0455,,,false
phase15h-r4-high-degree-aggregator-bias-replay-ocs-oracle-seed1401-load0p7,ocs-oracle,high-degree-aggregator-bias-replay,1401,684,4,0,5,0,ocs,3744000,1821328,0.04552,,,false
phase15h-r4-high-degree-aggregator-bias-replay-ocs-oracle-seed1401-load0p7,ocs-oracle,high-degree-aggregator-bias-replay,1401,685,5,0,6,0,eps,3744000,27336,0.04554,,,false
phase15h-r4-high-degree-aggregator-bias-replay-ocs-oracle-seed1401-load0p7,ocs-oracle,high-degree-aggregator-bias-replay,1401,686,1,0,3,0,eps,1728000,61640,0.04556,,,false
phase15h-r4-high-degree-aggregator-bias-replay-ocs-oracle-seed1401-load0p7,ocs-oracle,high-degree-aggregator-bias-replay,1401,687,4,0,6,0,eps,1728000,42344,0.04558,,,false
phase15h-r4-high-degree-aggregator-bias-replay-ocs-oracle-seed1401-load0p7,ocs-oracle,high-degree-aggregator-bias-replay,1401,688,6,0,7,0,ocs,2832000,584240,0.0456,,,false
phase15h-r4-high-degree-aggregator-bias-replay-ocs-oracle-seed1401-load0p7,ocs-oracle,high-degree-aggregator-bias-replay,1401,689,0,0,1,0,eps,798000,20904,0.04562,,,false
phase15h-r4-high-degree-aggregator-bias-replay-ocs-oracle-seed1401-load0p7,ocs-oracle,high-degree-aggregator-bias-replay,1401,690,0,0,2,0,eps,798000,0,0.04564,,,false
phase15h-r4-high-degree-aggregator-bias-replay-ocs-oracle-seed1401-load0p7,ocs-oracle,high-degree-aggregator-bias-replay,1401,691,0,0,3,0,ocs,1638000,1638000,0.04566,0.049789308,0.004129308,true
phase15h-r4-high-degree-aggregator-bias-replay-ocs-oracle-seed1401-load0p7,ocs-oracle,high-degree-aggregator-bias-replay,1401,692,0,0,4,0,eps,798000,20904,0.04568,,,false
phase15h-r4-high-degree-aggregator-bias-replay-ocs-oracle-seed1401-load0p7,ocs-oracle,high-degree-aggregator-bias-replay,1401,693,0,0,5,0,eps,798000,20904,0.0457,,,false
phase15h-r4-high-degree-aggregator-bias-replay-ocs-oracle-seed1401-load0p7,ocs-oracle,high-degree-aggregator-bias-replay,1401,694,0,0,6,0,eps,798000,20904,0.04572,,,false
phase15h-r4-high-degree-aggregator-bias-replay-ocs-oracle-seed1401-load0p7,ocs-oracle,high-degree-aggregator-bias-replay,1401,695,1,0,2,0,ocs,3744000,1725920,0.04574,,,false
phase15h-r4-high-degree-aggregator-bias-replay-ocs-oracle-seed1401-load0p7,ocs-oracle,high-degree-aggregator-bias-replay,1401,696,2,0,3,0,eps,2544000,58960,0.04576,,,false
phase15h-r4-high-degree-aggregator-bias-replay-ocs-oracle-seed1401-load0p7,ocs-oracle,high-degree-aggregator-bias-replay,1401,697,4,0,5,0,ocs,3744000,1617648,0.04578,,,false
phase15h-r4-high-degree-aggregator-bias-replay-ocs-oracle-seed1401-load0p7,ocs-oracle,high-degree-aggregator-bias-replay,1401,698,5,0,6,0,eps,3744000,39664,0.0458,,,false
phase15h-r4-high-degree-aggregator-bias-replay-ocs-oracle-seed1401-load0p7,ocs-oracle,high-degree-aggregator-bias-replay,1401,699,1,0,3,0,eps,1728000,57888,0.04582,,,false
phase15h-r4-high-degree-aggregator-bias-replay-ocs-oracle-seed1401-load0p7,ocs-oracle,high-degree-aggregator-bias-replay,1401,700,4,0,6,0,eps,1728000,39664,0.04584,,,false
phase15h-r4-high-degree-aggregator-bias-replay-ocs-oracle-seed1401-load0p7,ocs-oracle,high-degree-aggregator-bias-replay,1401,701,6,0,7,0,eps,2832000,322672,0.04586,,,false
phase15h-r4-high-degree-aggregator-bias-replay-ocs-oracle-seed1401-load0p7,ocs-oracle,high-degree-aggregator-bias-replay,1401,702,0,0,1,0,eps,570000,2680,0.0491,,,false
phase15h-r4-high-degree-aggregator-bias-replay-ocs-oracle-seed1401-load0p7,ocs-oracle,high-degree-aggregator-bias-replay,1401,703,0,0,2,0,eps,570000,0,0.04912,,,false
phase15h-r4-high-degree-aggregator-bias-replay-ocs-oracle-seed1401-load0p7,ocs-oracle,high-degree-aggregator-bias-replay,1401,704,0,0,3,0,ocs,570000,95944,0.04914,,,false
phase15h-r4-high-degree-aggregator-bias-replay-ocs-oracle-seed1401-load0p7,ocs-oracle,high-degree-aggregator-bias-replay,1401,705,0,0,4,0,eps,570000,0,0.04916,,,false
phase15h-r4-high-degree-aggregator-bias-replay-ocs-oracle-seed1401-load0p7,ocs-oracle,high-degree-aggregator-bias-replay,1401,706,0,0,5,0,eps,570000,2680,0.04918,,,false
phase15h-r4-high-degree-aggregator-bias-replay-ocs-oracle-seed1401-load0p7,ocs-oracle,high-degree-aggregator-bias-replay,1401,707,0,0,6,0,eps,570000,2144,0.0492,,,false
phase15h-r4-high-degree-aggregator-bias-replay-ocs-oracle-seed1401-load0p7,ocs-oracle,high-degree-aggregator-bias-replay,1401,708,1,0,2,0,ocs,528000,74504,0.04922,,,false
phase15h-r4-high-degree-aggregator-bias-replay-ocs-oracle-seed1401-load0p7,ocs-oracle,high-degree-aggregator-bias-replay,1401,709,2,0,3,0,eps,528000,6968,0.04924,,,false
phase15h-r4-high-degree-aggregator-bias-replay-ocs-oracle-seed1401-load0p7,ocs-oracle,high-degree-aggregator-bias-replay,1401,710,4,0,5,0,ocs,528000,69680,0.04926,,,false
phase15h-r4-high-degree-aggregator-bias-replay-ocs-oracle-seed1401-load0p7,ocs-oracle,high-degree-aggregator-bias-replay,1401,711,5,0,6,0,eps,528000,0,0.04928,,,false
phase15h-r4-high-degree-aggregator-bias-replay-ocs-oracle-seed1401-load0p7,ocs-oracle,high-degree-aggregator-bias-replay,1401,712,1,0,3,0,eps,432000,6968,0.0493,,,false
phase15h-r4-high-degree-aggregator-bias-replay-ocs-oracle-seed1401-load0p7,ocs-oracle,high-degree-aggregator-bias-replay,1401,713,4,0,6,0,eps,432000,4288,0.04932,,,false
phase15h-r4-high-degree-aggregator-bias-replay-ocs-oracle-seed1401-load0p7,ocs-oracle,high-degree-aggregator-bias-replay,1401,714,6,0,7,0,ocs,240000,34840,0.04934,,,false
phase15h-r4-high-degree-aggregator-bias-replay-ocs-oracle-seed1401-load0p7,ocs-oracle,high-degree-aggregator-bias-replay,1401,715,0,0,1,0,eps,570000,0,0.04936,,,false
phase15h-r4-high-degree-aggregator-bias-replay-ocs-oracle-seed1401-load0p7,ocs-oracle,high-degree-aggregator-bias-replay,1401,716,0,0,2,0,eps,570000,0,0.04938,,,false
phase15h-r4-high-degree-aggregator-bias-replay-ocs-oracle-seed1401-load0p7,ocs-oracle,high-degree-aggregator-bias-replay,1401,717,0,0,3,0,ocs,570000,57352,0.0494,,,false
phase15h-r4-high-degree-aggregator-bias-replay-ocs-oracle-seed1401-load0p7,ocs-oracle,high-degree-aggregator-bias-replay,1401,718,0,0,4,0,eps,570000,0,0.04942,,,false
phase15h-r4-high-degree-aggregator-bias-replay-ocs-oracle-seed1401-load0p7,ocs-oracle,high-degree-aggregator-bias-replay,1401,719,0,0,5,0,eps,570000,1608,0.04944,,,false
phase15h-r4-high-degree-aggregator-bias-replay-ocs-oracle-seed1401-load0p7,ocs-oracle,high-degree-aggregator-bias-replay,1401,720,0,0,6,0,eps,570000,1608,0.04946,,,false
phase15h-r4-high-degree-aggregator-bias-replay-ocs-oracle-seed1401-load0p7,ocs-oracle,high-degree-aggregator-bias-replay,1401,721,1,0,2,0,ocs,528000,46096,0.04948,,,false
phase15h-r4-high-degree-aggregator-bias-replay-ocs-oracle-seed1401-load0p7,ocs-oracle,high-degree-aggregator-bias-replay,1401,722,2,0,3,0,eps,528000,4288,0.0495,,,false
phase15h-r4-high-degree-aggregator-bias-replay-ocs-oracle-seed1401-load0p7,ocs-oracle,high-degree-aggregator-bias-replay,1401,723,4,0,5,0,ocs,528000,46096,0.04952,,,false
phase15h-r4-high-degree-aggregator-bias-replay-ocs-oracle-seed1401-load0p7,ocs-oracle,high-degree-aggregator-bias-replay,1401,724,5,0,6,0,eps,528000,3216,0.04954,,,false
phase15h-r4-high-degree-aggregator-bias-replay-ocs-oracle-seed1401-load0p7,ocs-oracle,high-degree-aggregator-bias-replay,1401,725,1,0,3,0,eps,432000,0,0.04956,,,false
phase15h-r4-high-degree-aggregator-bias-replay-ocs-oracle-seed1401-load0p7,ocs-oracle,high-degree-aggregator-bias-replay,1401,726,4,0,6,0,eps,432000,3216,0.04958,,,false
phase15h-r4-high-degree-aggregator-bias-replay-ocs-oracle-seed1401-load0p7,ocs-oracle,high-degree-aggregator-bias-replay,1401,727,6,0,7,0,ocs,240000,15008,0.0496,,,false
phase15h-r4-high-degree-aggregator-bias-replay-ocs-oracle-seed1401-load0p7,ocs-oracle,high-degree-aggregator-bias-replay,1401,728,0,0,1,0,eps,570000,0,0.04962,,,false
phase15h-r4-high-degree-aggregator-bias-replay-ocs-oracle-seed1401-load0p7,ocs-oracle,high-degree-aggregator-bias-replay,1401,729,0,0,2,0,eps,570000,0,0.04964,,,false
phase15h-r4-high-degree-aggregator-bias-replay-ocs-oracle-seed1401-load0p7,ocs-oracle,high-degree-aggregator-bias-replay,1401,730,0,0,3,0,ocs,570000,24656,0.04966,,,false
phase15h-r4-high-degree-aggregator-bias-replay-ocs-oracle-seed1401-load0p7,ocs-oracle,high-degree-aggregator-bias-replay,1401,731,0,0,4,0,eps,570000,0,0.04968,,,false
phase15h-r4-high-degree-aggregator-bias-replay-ocs-oracle-seed1401-load0p7,ocs-oracle,high-degree-aggregator-bias-replay,1401,732,0,0,5,0,eps,570000,0,0.0497,,,false
phase15h-r4-high-degree-aggregator-bias-replay-ocs-oracle-seed1401-load0p7,ocs-oracle,high-degree-aggregator-bias-replay,1401,733,0,0,6,0,eps,570000,0,0.04972,,,false
phase15h-r4-high-degree-aggregator-bias-replay-ocs-oracle-seed1401-load0p7,ocs-oracle,high-degree-aggregator-bias-replay,1401,734,1,0,2,0,ocs,528000,15008,0.04974,,,false
phase15h-r4-high-degree-aggregator-bias-replay-ocs-oracle-seed1401-load0p7,ocs-oracle,high-degree-aggregator-bias-replay,1401,735,2,0,3,0,eps,528000,0,0.04976,,,false
phase15h-r4-high-degree-aggregator-bias-replay-ocs-oracle-seed1401-load0p7,ocs-oracle,high-degree-aggregator-bias-replay,1401,736,4,0,5,0,ocs,528000,15008,0.04978,,,false
phase15h-r4-high-degree-aggregator-bias-replay-ocs-oracle-seed1401-load0p7,ocs-oracle,high-degree-aggregator-bias-replay,1401,737,5,0,6,0,eps,528000,0,0.0498,,,false
phase15h-r4-high-degree-aggregator-bias-replay-ocs-oracle-seed1401-load0p7,ocs-oracle,high-degree-aggregator-bias-replay,1401,738,1,0,3,0,eps,432000,0,0.04982,,,false
phase15h-r4-high-degree-aggregator-bias-replay-ocs-oracle-seed1401-load0p7,ocs-oracle,high-degree-aggregator-bias-replay,1401,739,4,0,6,0,eps,432000,0,0.04984,,,false
phase15h-r4-high-degree-aggregator-bias-replay-ocs-oracle-seed1401-load0p7,ocs-oracle,high-degree-aggregator-bias-replay,1401,740,6,0,7,0,ocs,240000,0,0.04986,,,false
