experiment,scheme,traffic_pattern,run_id,flow_id,source_tor,source_server,destination_tor,destination_server,path_type,size_bytes,received_bytes,start_time_s,completion_time_s,fct_s,completed
phase15h-r4-high-degree-aggregator-bias-replay-eps-ecmp-seed1401-load0p7,eps-ecmp,high-degree-aggregator-bias-replay,1401,0,0,0,1,0,eps,570000,567088,0.0041,,,false
phase15h-r4-high-degree-aggregator-bias-replay-eps-ecmp-seed1401-load0p7,eps-ecmp,high-degree-aggregator-bias-replay,1401,1,0,0,2,0,eps,570000,567088,0.00412,,,false
phase15h-r4-high-degree-aggregator-bias-replay-eps-ecmp-seed1401-load0p7,eps-ecmp,high-degree-aggregator-bias-replay,1401,2,0,0,3,0,eps,570000,562800,0.00414,,,false
phase15h-r4-high-degree-aggregator-bias-replay-eps-ecmp-seed1401-load0p7,eps-ecmp,high-degree-aggregator-bias-replay,1401,3,0,0,4,0,eps,570000,560120,0.00416,,,false
phase15h-r4-high-degree-aggregator-bias-replay-eps-ecmp-seed1401-load0p7,eps-ecmp,high-degree-aggregator-bias-replay,1401,4,0,0,5,0,eps,570000,482936,0.00418,,,false
phase15h-r4-high-degree-aggregator-bias-replay-eps-ecmp-seed1401-load0p7,eps-ecmp,high-degree-aggregator-bias-replay,1401,5,0,0,6,0,eps,570000,556904,0.0042,,,false
phase15h-r4-high-degree-aggregator-bias-replay-eps-ecmp-seed1401-load0p7,eps-ecmp,high-degree-aggregator-bias-replay,1401,6,1,0,2,0,eps,528000,528000,0.00422,0.009108436,0.004888436,true
phase15h-r4-high-degree-aggregator-bias-replay-eps-ecmp-seed1401-load0p7,eps-ecmp,high-degree-aggregator-bias-replay,1401,7,2,0,3,0,eps,528000,528000,0.00424,0.009935405,0.005695405,true
phase15h-r4-high-degree-aggregator-bias-replay-eps-ecmp-seed1401-load0p7,eps-ecmp,high-degree-aggregator-bias-replay,1401,8,4,0,5,0,eps,528000,528000,0.00426,0.008560732,0.004300732,true
phase15h-r4-high-degree-aggregator-bias-replay-eps-ecmp-seed1401-load0p7,eps-ecmp,high-degree-aggregator-bias-replay,1401,9,5,0,6,0,eps,528000,528000,0.00428,0.010561623,0.006281623,true
phase15h-r4-high-degree-aggregator-bias-replay-eps-ecmp-seed1401-load0p7,eps-ecmp,high-degree-aggregator-bias-replay,1401,10,1,0,3,0,eps,432000,432000,0.0043,0.0094123,0.0051123,true
phase15h-r4-high-degree-aggregator-bias-replay-eps-ecmp-seed1401-load0p7,eps-ecmp,high-degree-aggregator-bias-replay,1401,11,4,0,6,0,eps,432000,432000,0.00432,0.009945026,0.005625026,true
phase15h-r4-high-degree-aggregator-bias-replay-eps-ecmp-seed1401-load0p7,eps-ecmp,high-degree-aggregator-bias-replay,1401,12,6,0,7,0,eps,240000,240000,0.00434,0.007120542,0.002780542,true
phase15h-r4-high-degree-aggregator-bias-replay-eps-ecmp-seed1401-load0p7,eps-ecmp,high-degree-aggregator-bias-replay,1401,13,0,0,1,0,eps,570000,368232,0.00436,,,false
phase15h-r4-high-degree-aggregator-bias-replay-eps-ecmp-seed1401-load0p7,eps-ecmp,high-degree-aggregator-bias-replay,1401,14,0,0,2,0,eps,570000,532784,0.00438,,,false
phase15h-r4-high-degree-aggregator-bias-replay-eps-ecmp-seed1401-load0p7,eps-ecmp,high-degree-aggregator-bias-replay,1401,15,0,0,3,0,eps,570000,536536,0.0044,,,false
phase15h-r4-high-degree-aggregator-bias-replay-eps-ecmp-seed1401-load0p7,eps-ecmp,high-degree-aggregator-bias-replay,1401,16,0,0,4,0,eps,570000,444344,0.00442,,,false
phase15h-r4-high-degree-aggregator-bias-replay-eps-ecmp-seed1401-load0p7,eps-ecmp,high-degree-aggregator-bias-replay,1401,17,0,0,5,0,eps,570000,335536,0.00444,,,false
phase15h-r4-high-degree-aggregator-bias-replay-eps-ecmp-seed1401-load0p7,eps-ecmp,high-degree-aggregator-bias-replay,1401,18,0,0,6,0,eps,570000,532248,0.00446,,,false
phase15h-r4-high-degree-aggregator-bias-replay-eps-ecmp-seed1401-load0p7,eps-ecmp,high-degree-aggregator-bias-replay,1401,19,1,0,2,0,eps,528000,528000,0.00448,0.009524946,0.005044946,true
phase15h-r4-high-degree-aggregator-bias-replay-eps-ecmp-seed1401-load0p7,eps-ecmp,high-degree-aggregator-bias-replay,1401,20,2,0,3,0,eps,528000,528000,0.0045,0.010365825,0.005865825,true
phase15h-r4-high-degree-aggregator-bias-replay-eps-ecmp-seed1401-load0p7,eps-ecmp,high-degree-aggregator-bias-replay,1401,21,4,0,5,0,eps,528000,528000,0.00452,0.008953904,0.004433904,true
phase15h-r4-high-degree-aggregator-bias-replay-eps-ecmp-seed1401-load0p7,eps-ecmp,high-degree-aggregator-bias-replay,1401,22,5,0,6,0,eps,528000,528000,0.00454,0.011225027,0.006685027,true
phase15h-r4-high-degree-aggregator-bias-replay-eps-ecmp-seed1401-load0p7,eps-ecmp,high-degree-aggregator-bias-replay,1401,23,1,0,3,0,eps,432000,432000,0.00456,0.009879111,0.005319111,true
phase15h-r4-high-degree-aggregator-bias-replay-eps-ecmp-seed1401-load0p7,eps-ecmp,high-degree-aggregator-bias-replay,1401,24,4,0,6,0,eps,432000,432000,0.00458,0.010455242,0.005875242,true
phase15h-r4-high-degree-aggregator-bias-replay-eps-ecmp-seed1401-load0p7,eps-ecmp,high-degree-aggregator-bias-replay,1401,25,6,0,7,0,eps,240000,240000,0.0046,0.007488334,0.002888334,true
phase15h-r4-high-degree-aggregator-bias-replay-eps-ecmp-seed1401-load0p7,eps-ecmp,high-degree-aggregator-bias-replay,1401,26,0,0,1,0,eps,570000,518312,0.00462,,,false
phase15h-r4-high-degree-aggregator-bias-replay-eps-ecmp-seed1401-load0p7,eps-ecmp,high-degree-aggregator-bias-replay,1401,27,0,0,2,0,eps,570000,516704,0.00464,,,false
phase15h-r4-high-degree-aggregator-bias-replay-eps-ecmp-seed1401-load0p7,eps-ecmp,high-degree-aggregator-bias-replay,1401,28,0,0,3,0,eps,570000,514024,0.00466,,,false
phase15h-r4-high-degree-aggregator-bias-replay-eps-ecmp-seed1401-load0p7,eps-ecmp,high-degree-aggregator-bias-replay,1401,29,0,0,4,0,eps,570000,402536,0.00468,,,false
phase15h-r4-high-degree-aggregator-bias-replay-eps-ecmp-seed1401-load0p7,eps-ecmp,high-degree-aggregator-bias-replay,1401,30,0,0,5,0,eps,570000,476504,0.0047,,,false
phase15h-r4-high-degree-aggregator-bias-replay-eps-ecmp-seed1401-load0p7,eps-ecmp,high-degree-aggregator-bias-replay,1401,31,0,0,6,0,eps,570000,504376,0.00472,,,false
phase15h-r4-high-degree-aggregator-bias-replay-eps-ecmp-seed1401-load0p7,eps-ecmp,high-degree-aggregator-bias-replay,1401,32,1,0,2,0,eps,528000,528000,0.00474,0.009865813,0.005125813,true
phase15h-r4-high-degree-aggregator-bias-replay-eps-ecmp-seed1401-load0p7,eps-ecmp,high-degree-aggregator-bias-replay,1401,33,2,0,3,0,eps,528000,528000,0.00476,0.008292556,0.003532556,true
phase15h-r4-high-degree-aggregator-bias-replay-eps-ecmp-seed1401-load0p7,eps-ecmp,high-degree-aggregator-bias-replay,1401,34,4,0,5,0,eps,528000,528000,0.00478,0.006981369,0.002201369,true
phase15h-r4-high-degree-aggregator-bias-replay-eps-ecmp-seed1401-load0p7,eps-ecmp,high-degree-aggregator-bias-replay,1401,35,5,0,6,0,eps,528000,528000,0.0048,0.010186065,0.005386065,true
phase15h-r4-high-degree-aggregator-bias-replay-eps-ecmp-seed1401-load0p7,eps-ecmp,high-degree-aggregator-bias-replay,1401,36,1,0,3,0,eps,432000,432000,0.00482,0.007733628,0.002913628,true
phase15h-r4-high-degree-aggregator-bias-replay-eps-ecmp-seed1401-load0p7,eps-ecmp,high-degree-aggregator-bias-replay,1401,37,4,0,6,0,eps,432000,432000,0.00484,0.007759821,0.002919821,true
phase15h-r4-high-degree-aggregator-bias-replay-eps-ecmp-seed1401-load0p7,eps-ecmp,high-degree-aggregator-bias-replay,1401,38,6,0,7,0,eps,240000,240000,0.00486,0.007713188,0.002853188,true
phase15h-r4-high-degree-aggregator-bias-replay-eps-ecmp-seed1401-load0p7,eps-ecmp,high-degree-aggregator-bias-replay,1401,39,0,0,1,0,eps,798000,484008,0.0051,,,false
phase15h-r4-high-degree-aggregator-bias-replay-eps-ecmp-seed1401-load0p7,eps-ecmp,high-degree-aggregator-bias-replay,1401,40,0,0,2,0,eps,798000,481864,0.00512,,,false
phase15h-r4-high-degree-aggregator-bias-replay-eps-ecmp-seed1401-load0p7,eps-ecmp,high-degree-aggregator-bias-replay,1401,41,0,0,3,0,eps,1638000,210112,0.00514,,,false
phase15h-r4-high-degree-aggregator-bias-replay-eps-ecmp-seed1401-load0p7,eps-ecmp,high-degree-aggregator-bias-replay,1401,42,0,0,4,0,eps,798000,479184,0.00516,,,false
phase15h-r4-high-degree-aggregator-bias-replay-eps-ecmp-seed1401-load0p7,eps-ecmp,high-degree-aggregator-bias-replay,1401,43,0,0,5,0,eps,798000,479184,0.00518,,,false
phase15h-r4-high-degree-aggregator-bias-replay-eps-ecmp-seed1401-load0p7,eps-ecmp,high-degree-aggregator-bias-replay,1401,44,0,0,6,0,eps,798000,477576,0.0052,,,false
phase15h-r4-high-degree-aggregator-bias-replay-eps-ecmp-seed1401-load0p7,eps-ecmp,high-degree-aggregator-bias-replay,1401,45,1,0,2,0,eps,3744000,1908160,0.00522,,,false
phase15h-r4-high-degree-aggregator-bias-replay-eps-ecmp-seed1401-load0p7,eps-ecmp,high-degree-aggregator-bias-replay,1401,46,2,0,3,0,eps,2544000,1403784,0.00524,,,false
phase15h-r4-high-degree-aggregator-bias-replay-eps-ecmp-seed1401-load0p7,eps-ecmp,high-degree-aggregator-bias-replay,1401,47,4,0,5,0,eps,3744000,2062528,0.00526,,,false
phase15h-r4-high-degree-aggregator-bias-replay-eps-ecmp-seed1401-load0p7,eps-ecmp,high-degree-aggregator-bias-replay,1401,48,5,0,6,0,eps,3744000,1238696,0.00528,,,false
phase15h-r4-high-degree-aggregator-bias-replay-eps-ecmp-seed1401-load0p7,eps-ecmp,high-degree-aggregator-bias-replay,1401,49,1,0,3,0,eps,1728000,1327672,0.0053,,,false
phase15h-r4-high-degree-aggregator-bias-replay-eps-ecmp-seed1401-load0p7,eps-ecmp,high-degree-aggregator-bias-replay,1401,50,4,0,6,0,eps,1728000,1204392,0.00532,,,false
phase15h-r4-high-degree-aggregator-bias-replay-eps-ecmp-seed1401-load0p7,eps-ecmp,high-degree-aggregator-bias-replay,1401,51,6,0,7,0,eps,2832000,2832000,0.00534,0.02765197,0.02231197,true
phase15h-r4-high-degree-aggregator-bias-replay-eps-ecmp-seed1401-load0p7,eps-ecmp,high-degree-aggregator-bias-replay,1401,52,0,0,1,0,eps,798000,469000,0.00536,,,false
phase15h-r4-high-degree-aggregator-bias-replay-eps-ecmp-seed1401-load0p7,eps-ecmp,high-degree-aggregator-bias-replay,1401,53,0,0,2,0,eps,798000,469000,0.00538,,,false
phase15h-r4-high-degree-aggregator-bias-replay-eps-ecmp-seed1401-load0p7,eps-ecmp,high-degree-aggregator-bias-replay,1401,54,0,0,3,0,eps,1638000,465248,0.0054,,,false
phase15h-r4-high-degree-aggregator-bias-replay-eps-ecmp-seed1401-load0p7,eps-ecmp,high-degree-aggregator-bias-replay,1401,55,0,0,4,0,eps,798000,466320,0.00542,,,false
phase15h-r4-high-degree-aggregator-bias-replay-eps-ecmp-seed1401-load0p7,eps-ecmp,high-degree-aggregator-bias-replay,1401,56,0,0,5,0,eps,798000,466320,0.00544,,,false
phase15h-r4-high-degree-aggregator-bias-replay-eps-ecmp-seed1401-load0p7,eps-ecmp,high-degree-aggregator-bias-replay,1401,57,0,0,6,0,eps,798000,465248,0.00546,,,false
phase15h-r4-high-degree-aggregator-bias-replay-eps-ecmp-seed1401-load0p7,eps-ecmp,high-degree-aggregator-bias-replay,1401,58,1,0,2,0,eps,3744000,1739320,0.00548,,,false
phase15h-r4-high-degree-aggregator-bias-replay-eps-ecmp-seed1401-load0p7,eps-ecmp,high-degree-aggregator-bias-replay,1401,59,2,0,3,0,eps,2544000,1365192,0.0055,,,false
phase15h-r4-high-degree-aggregator-bias-replay-eps-ecmp-seed1401-load0p7,eps-ecmp,high-degree-aggregator-bias-replay,1401,60,4,0,5,0,eps,3744000,1981592,0.00552,,,false
phase15h-r4-high-degree-aggregator-bias-replay-eps-ecmp-seed1401-load0p7,eps-ecmp,high-degree-aggregator-bias-replay,1401,61,5,0,6,0,eps,3744000,1209216,0.00554,,,false
phase15h-r4-high-degree-aggregator-bias-replay-eps-ecmp-seed1401-load0p7,eps-ecmp,high-degree-aggregator-bias-replay,1401,62,1,0,3,0,eps,1728000,1230656,0.00556,,,false
phase15h-r4-high-degree-aggregator-bias-replay-eps-ecmp-seed1401-load0p7,eps-ecmp,high-degree-aggregator-bias-replay,1401,63,4,0,6,0,eps,1728000,1172232,0.00558,,,false
phase15h-r4-high-degree-aggregator-bias-replay-eps-ecmp-seed1401-load0p7,eps-ecmp,high-degree-aggregator-bias-replay,1401,64,6,0,7,0,eps,2832000,2832000,0.0056,0.028983514,0.023383514,true
phase15h-r4-high-degree-aggregator-bias-replay-eps-ecmp-seed1401-load0p7,eps-ecmp,high-degree-aggregator-bias-replay,1401,65,0,0,1,0,eps,798000,174200,0.00562,,,false
phase15h-r4-high-degree-aggregator-bias-replay-eps-ecmp-seed1401-load0p7,eps-ecmp,high-degree-aggregator-bias-replay,1401,66,0,0,2,0,eps,798000,363408,0.00564,,,false
phase15h-r4-high-degree-aggregator-bias-replay-eps-ecmp-seed1401-load0p7,eps-ecmp,high-degree-aggregator-bias-replay,1401,67,0,0,3,0,eps,1638000,440592,0.00566,,,false
phase15h-r4-high-degree-aggregator-bias-replay-eps-ecmp-seed1401-load0p7,eps-ecmp,high-degree-aggregator-bias-replay,1401,68,0,0,4,0,eps,798000,455600,0.00568,,,false
phase15h-r4-high-degree-aggregator-bias-replay-eps-ecmp-seed1401-load0p7,eps-ecmp,high-degree-aggregator-bias-replay,1401,69,0,0,5,0,eps,798000,456672,0.0057,,,false
phase15h-r4-high-degree-aggregator-bias-replay-eps-ecmp-seed1401-load0p7,eps-ecmp,high-degree-aggregator-bias-replay,1401,70,0,0,6,0,eps,798000,455600,0.00572,,,false
phase15h-r4-high-degree-aggregator-bias-replay-eps-ecmp-seed1401-load0p7,eps-ecmp,high-degree-aggregator-bias-replay,1401,71,1,0,2,0,eps,3744000,2081280,0.00574,,,false
phase15h-r4-high-degree-aggregator-bias-replay-eps-ecmp-seed1401-load0p7,eps-ecmp,high-degree-aggregator-bias-replay,1401,72,2,0,3,0,eps,2544000,1357688,0.00576,,,false
phase15h-r4-high-degree-aggregator-bias-replay-eps-ecmp-seed1401-load0p7,eps-ecmp,high-degree-aggregator-bias-replay,1401,73,4,0,5,0,eps,3744000,1988024,0.00578,,,false
phase15h-r4-high-degree-aggregator-bias-replay-eps-ecmp-seed1401-load0p7,eps-ecmp,high-degree-aggregator-bias-replay,1401,74,5,0,6,0,eps,3744000,1195816,0.0058,,,false
phase15h-r4-high-degree-aggregator-bias-replay-eps-ecmp-seed1401-load0p7,eps-ecmp,high-degree-aggregator-bias-replay,1401,75,1,0,3,0,eps,1728000,1282112,0.00582,,,false
phase15h-r4-high-degree-aggregator-bias-replay-eps-ecmp-seed1401-load0p7,eps-ecmp,high-degree-aggregator-bias-replay,1401,76,4,0,6,0,eps,1728000,1204392,0.00584,,,false
phase15h-r4-high-degree-aggregator-bias-replay-eps-ecmp-seed1401-load0p7,eps-ecmp,high-degree-aggregator-bias-replay,1401,77,6,0,7,0,eps,2832000,2832000,0.00586,0.022045206,0.016185206,true
phase15h-r4-high-degree-aggregator-bias-replay-eps-ecmp-seed1401-load0p7,eps-ecmp,high-degree-aggregator-bias-replay,1401,78,0,0,1,0,eps,570000,340360,0.0091,,,false
phase15h-r4-high-degree-aggregator-bias-replay-eps-ecmp-seed1401-load0p7,eps-ecmp,high-degree-aggregator-bias-replay,1401,79,0,0,2,0,eps,570000,344648,0.00912,,,false
phase15h-r4-high-degree-aggregator-bias-replay-eps-ecmp-seed1401-load0p7,eps-ecmp,high-degree-aggregator-bias-replay,1401,80,0,0,3,0,eps,570000,340360,0.00914,,,false
phase15h-r4-high-degree-aggregator-bias-replay-eps-ecmp-seed1401-load0p7,eps-ecmp,high-degree-aggregator-bias-replay,1401,81,0,0,4,0,eps,570000,184384,0.00916,,,false
phase15h-r4-high-degree-aggregator-bias-replay-eps-ecmp-seed1401-load0p7,eps-ecmp,high-degree-aggregator-bias-replay,1401,82,0,0,5,0,eps,570000,340360,0.00918,,,false
phase15h-r4-high-degree-aggregator-bias-replay-eps-ecmp-seed1401-load0p7,eps-ecmp,high-degree-aggregator-bias-replay,1401,83,0,0,6,0,eps,570000,319992,0.0092,,,false
phase15h-r4-high-degree-aggregator-bias-replay-eps-ecmp-seed1401-load0p7,eps-ecmp,high-degree-aggregator-bias-replay,1401,84,1,0,2,0,eps,528000,528000,0.00922,0.018637715,0.009417715,true
phase15h-r4-high-degree-aggregator-bias-replay-eps-ecmp-seed1401-load0p7,eps-ecmp,high-degree-aggregator-bias-replay,1401,85,2,0,3,0,eps,528000,528000,0.00924,0.022118498,0.012878498,true
phase15h-r4-high-degree-aggregator-bias-replay-eps-ecmp-seed1401-load0p7,eps-ecmp,high-degree-aggregator-bias-replay,1401,86,4,0,5,0,eps,528000,528000,0.00926,0.017972838,0.008712838,true
phase15h-r4-high-degree-aggregator-bias-replay-eps-ecmp-seed1401-load0p7,eps-ecmp,high-degree-aggregator-bias-replay,1401,87,5,0,6,0,eps,528000,528000,0.00928,0.023885808,0.014605808,true
phase15h-r4-high-degree-aggregator-bias-replay-eps-ecmp-seed1401-load0p7,eps-ecmp,high-degree-aggregator-bias-replay,1401,88,1,0,3,0,eps,432000,432000,0.0093,0.019838903,0.010538903,true
phase15h-r4-high-degree-aggregator-bias-replay-eps-ecmp-seed1401-load0p7,eps-ecmp,high-degree-aggregator-bias-replay,1401,89,4,0,6,0,eps,432000,432000,0.00932,0.020681117,0.011361117,true
phase15h-r4-high-degree-aggregator-bias-replay-eps-ecmp-seed1401-load0p7,eps-ecmp,high-degree-aggregator-bias-replay,1401,90,6,0,7,0,eps,240000,240000,0.00934,0.012979547,0.003639547,true
phase15h-r4-high-degree-aggregator-bias-replay-eps-ecmp-seed1401-load0p7,eps-ecmp,high-degree-aggregator-bias-replay,1401,91,0,0,1,0,eps,570000,333928,0.00936,,,false
phase15h-r4-high-degree-aggregator-bias-replay-eps-ecmp-seed1401-load0p7,eps-ecmp,high-degree-aggregator-bias-replay,1401,92,0,0,2,0,eps,570000,336608,0.00938,,,false
phase15h-r4-high-degree-aggregator-bias-replay-eps-ecmp-seed1401-load0p7,eps-ecmp,high-degree-aggregator-bias-replay,1401,93,0,0,3,0,eps,570000,178488,0.0094,,,false
phase15h-r4-high-degree-aggregator-bias-replay-eps-ecmp-seed1401-load0p7,eps-ecmp,high-degree-aggregator-bias-replay,1401,94,0,0,4,0,eps,570000,335000,0.00942,,,false
phase15h-r4-high-degree-aggregator-bias-replay-eps-ecmp-seed1401-load0p7,eps-ecmp,high-degree-aggregator-bias-replay,1401,95,0,0,5,0,eps,570000,271752,0.00944,,,false
phase15h-r4-high-degree-aggregator-bias-replay-eps-ecmp-seed1401-load0p7,eps-ecmp,high-degree-aggregator-bias-replay,1401,96,0,0,6,0,eps,570000,310880,0.00946,,,false
phase15h-r4-high-degree-aggregator-bias-replay-eps-ecmp-seed1401-load0p7,eps-ecmp,high-degree-aggregator-bias-replay,1401,97,1,0,2,0,eps,528000,528000,0.00948,0.019132525,0.009652525,true
phase15h-r4-high-degree-aggregator-bias-replay-eps-ecmp-seed1401-load0p7,eps-ecmp,high-degree-aggregator-bias-replay,1401,98,2,0,3,0,eps,528000,528000,0.0095,0.022743072,0.013243072,true
phase15h-r4-high-degree-aggregator-bias-replay-eps-ecmp-seed1401-load0p7,eps-ecmp,high-degree-aggregator-bias-replay,1401,99,4,0,5,0,eps,528000,528000,0.00952,0.018592059,0.009072059,true
phase15h-r4-high-degree-aggregator-bias-replay-eps-ecmp-seed1401-load0p7,eps-ecmp,high-degree-aggregator-bias-replay,1401,100,5,0,6,0,eps,528000,528000,0.00954,0.024638727,0.015098727,true
phase15h-r4-high-degree-aggregator-bias-replay-eps-ecmp-seed1401-load0p7,eps-ecmp,high-degree-aggregator-bias-replay,1401,101,1,0,3,0,eps,432000,432000,0.00956,0.020332516,0.010772516,true
phase15h-r4-high-degree-aggregator-bias-replay-eps-ecmp-seed1401-load0p7,eps-ecmp,high-degree-aggregator-bias-replay,1401,102,4,0,6,0,eps,432000,432000,0.00958,0.021499077,0.011919077,true
phase15h-r4-high-degree-aggregator-bias-replay-eps-ecmp-seed1401-load0p7,eps-ecmp,high-degree-aggregator-bias-replay,1401,103,6,0,7,0,eps,240000,240000,0.0096,0.013308545,0.003708545,true
phase15h-r4-high-degree-aggregator-bias-replay-eps-ecmp-seed1401-load0p7,eps-ecmp,high-degree-aggregator-bias-replay,1401,104,0,0,1,0,eps,570000,328568,0.00962,,,false
phase15h-r4-high-degree-aggregator-bias-replay-eps-ecmp-seed1401-load0p7,eps-ecmp,high-degree-aggregator-bias-replay,1401,105,0,0,2,0,eps,570000,329640,0.00964,,,false
phase15h-r4-high-degree-aggregator-bias-replay-eps-ecmp-seed1401-load0p7,eps-ecmp,high-degree-aggregator-bias-replay,1401,106,0,0,3,0,eps,570000,156512,0.00966,,,false
phase15h-r4-high-degree-aggregator-bias-replay-eps-ecmp-seed1401-load0p7,eps-ecmp,high-degree-aggregator-bias-replay,1401,107,0,0,4,0,eps,570000,175808,0.00968,,,false
phase15h-r4-high-degree-aggregator-bias-replay-eps-ecmp-seed1401-load0p7,eps-ecmp,high-degree-aggregator-bias-replay,1401,108,0,0,5,0,eps,570000,95944,0.0097,,,false
phase15h-r4-high-degree-aggregator-bias-replay-eps-ecmp-seed1401-load0p7,eps-ecmp,high-degree-aggregator-bias-replay,1401,109,0,0,6,0,eps,570000,157584,0.00972,,,false
phase15h-r4-high-degree-aggregator-bias-replay-eps-ecmp-seed1401-load0p7,eps-ecmp,high-degree-aggregator-bias-replay,1401,110,1,0,2,0,eps,528000,528000,0.00974,0.019282913,0.009542913,true
phase15h-r4-high-degree-aggregator-bias-replay-eps-ecmp-seed1401-load0p7,eps-ecmp,high-degree-aggregator-bias-replay,1401,111,2,0,3,0,eps,528000,528000,0.00976,0.02320811,0.01344811,true
phase15h-r4-high-degree-aggregator-bias-replay-eps-ecmp-seed1401-load0p7,eps-ecmp,high-degree-aggregator-bias-replay,1401,112,4,0,5,0,eps,528000,528000,0.00978,0.018847694,0.009067694,true
phase15h-r4-high-degree-aggregator-bias-replay-eps-ecmp-seed1401-load0p7,eps-ecmp,high-degree-aggregator-bias-replay,1401,113,5,0,6,0,eps,528000,528000,0.0098,0.025159398,0.015359398,true
phase15h-r4-high-degree-aggregator-bias-replay-eps-ecmp-seed1401-load0p7,eps-ecmp,high-degree-aggregator-bias-replay,1401,114,1,0,3,0,eps,432000,432000,0.00982,0.01987528,0.01005528,true
phase15h-r4-high-degree-aggregator-bias-replay-eps-ecmp-seed1401-load0p7,eps-ecmp,high-degree-aggregator-bias-replay,1401,115,4,0,6,0,eps,432000,432000,0.00984,0.021107251,0.011267251,true
phase15h-r4-high-degree-aggregator-bias-replay-eps-ecmp-seed1401-load0p7,eps-ecmp,high-degree-aggregator-bias-replay,1401,116,6,0,7,0,eps,240000,240000,0.00986,0.012227941,0.002367941,true
phase15h-r4-high-degree-aggregator-bias-replay-eps-ecmp-seed1401-load0p7,eps-ecmp,high-degree-aggregator-bias-replay,1401,117,0,0,1,0,eps,798000,317312,0.0101,,,false
phase15h-r4-high-degree-aggregator-bias-replay-eps-ecmp-seed1401-load0p7,eps-ecmp,high-degree-aggregator-bias-replay,1401,118,0,0,2,0,eps,798000,318920,0.01012,,,false
phase15h-r4-high-degree-aggregator-bias-replay-eps-ecmp-seed1401-load0p7,eps-ecmp,high-degree-aggregator-bias-replay,1401,119,0,0,3,0,eps,1638000,317312,0.01014,,,false
phase15h-r4-high-degree-aggregator-bias-replay-eps-ecmp-seed1401-load0p7,eps-ecmp,high-degree-aggregator-bias-replay,1401,120,0,0,4,0,eps,798000,317312,0.01016,,,false
phase15h-r4-high-degree-aggregator-bias-replay-eps-ecmp-seed1401-load0p7,eps-ecmp,high-degree-aggregator-bias-replay,1401,121,0,0,5,0,eps,798000,309808,0.01018,,,false
phase15h-r4-high-degree-aggregator-bias-replay-eps-ecmp-seed1401-load0p7,eps-ecmp,high-degree-aggregator-bias-replay,1401,122,0,0,6,0,eps,798000,317312,0.0102,,,false
phase15h-r4-high-degree-aggregator-bias-replay-eps-ecmp-seed1401-load0p7,eps-ecmp,high-degree-aggregator-bias-replay,1401,123,1,0,2,0,eps,3744000,1305696,0.01022,,,false
phase15h-r4-high-degree-aggregator-bias-replay-eps-ecmp-seed1401-load0p7,eps-ecmp,high-degree-aggregator-bias-replay,1401,124,2,0,3,0,eps,2544000,945504,0.01024,,,false
phase15h-r4-high-degree-aggregator-bias-replay-eps-ecmp-seed1401-load0p7,eps-ecmp,high-degree-aggregator-bias-replay,1401,125,4,0,5,0,eps,3744000,1289080,0.01026,,,false
phase15h-r4-high-degree-aggregator-bias-replay-eps-ecmp-seed1401-load0p7,eps-ecmp,high-degree-aggregator-bias-replay,1401,126,5,0,6,0,eps,3744000,564944,0.01028,,,false
phase15h-r4-high-degree-aggregator-bias-replay-eps-ecmp-seed1401-load0p7,eps-ecmp,high-degree-aggregator-bias-replay,1401,127,1,0,3,0,eps,1728000,919776,0.0103,,,false
phase15h-r4-high-degree-aggregator-bias-replay-eps-ecmp-seed1401-load0p7,eps-ecmp,high-degree-aggregator-bias-replay,1401,128,4,0,6,0,eps,1728000,824904,0.01032,,,false
phase15h-r4-high-degree-aggregator-bias-replay-eps-ecmp-seed1401-load0p7,eps-ecmp,high-degree-aggregator-bias-replay,1401,129,6,0,7,0,eps,2832000,2832000,0.01034,0.048539545,0.038199545,true
phase15h-r4-high-degree-aggregator-bias-replay-eps-ecmp-seed1401-load0p7,eps-ecmp,high-degree-aggregator-bias-replay,1401,130,0,0,1,0,eps,798000,313560,0.01036,,,false
phase15h-r4-high-degree-aggregator-bias-replay-eps-ecmp-seed1401-load0p7,eps-ecmp,high-degree-aggregator-bias-replay,1401,131,0,0,2,0,eps,798000,313560,0.01038,,,false
phase15h-r4-high-degree-aggregator-bias-replay-eps-ecmp-seed1401-load0p7,eps-ecmp,high-degree-aggregator-bias-replay,1401,132,0,0,3,0,eps,1638000,311952,0.0104,,,false
phase15h-r4-high-degree-aggregator-bias-replay-eps-ecmp-seed1401-load0p7,eps-ecmp,high-degree-aggregator-bias-replay,1401,133,0,0,4,0,eps,798000,311952,0.01042,,,false
phase15h-r4-high-degree-aggregator-bias-replay-eps-ecmp-seed1401-load0p7,eps-ecmp,high-degree-aggregator-bias-replay,1401,134,0,0,5,0,eps,798000,311952,0.01044,,,false
phase15h-r4-high-degree-aggregator-bias-replay-eps-ecmp-seed1401-load0p7,eps-ecmp,high-degree-aggregator-bias-replay,1401,135,0,0,6,0,eps,798000,311952,0.01046,,,false
phase15h-r4-high-degree-aggregator-bias-replay-eps-ecmp-seed1401-load0p7,eps-ecmp,high-degree-aggregator-bias-replay,1401,136,1,0,2,0,eps,3744000,1285328,0.01048,,,false
phase15h-r4-high-degree-aggregator-bias-replay-eps-ecmp-seed1401-load0p7,eps-ecmp,high-degree-aggregator-bias-replay,1401,137,2,0,3,0,eps,2544000,912272,0.0105,,,false
phase15h-r4-high-degree-aggregator-bias-replay-eps-ecmp-seed1401-load0p7,eps-ecmp,high-degree-aggregator-bias-replay,1401,138,4,0,5,0,eps,3744000,1268712,0.01052,,,false
phase15h-r4-high-degree-aggregator-bias-replay-eps-ecmp-seed1401-load0p7,eps-ecmp,high-degree-aggregator-bias-replay,1401,139,5,0,6,0,eps,3744000,831336,0.01054,,,false
phase15h-r4-high-degree-aggregator-bias-replay-eps-ecmp-seed1401-load0p7,eps-ecmp,high-degree-aggregator-bias-replay,1401,140,1,0,3,0,eps,1728000,906912,0.01056,,,false
phase15h-r4-high-degree-aggregator-bias-replay-eps-ecmp-seed1401-load0p7,eps-ecmp,high-degree-aggregator-bias-replay,1401,141,4,0,6,0,eps,1728000,817936,0.01058,,,false
phase15h-r4-high-degree-aggregator-bias-replay-eps-ecmp-seed1401-load0p7,eps-ecmp,high-degree-aggregator-bias-replay,1401,142,6,0,7,0,eps,2832000,2832000,0.0106,0.049539141,0.038939141,true
phase15h-r4-high-degree-aggregator-bias-replay-eps-ecmp-seed1401-load0p7,eps-ecmp,high-degree-aggregator-bias-replay,1401,143,0,0,1,0,eps,798000,307664,0.01062,,,false
phase15h-r4-high-degree-aggregator-bias-replay-eps-ecmp-seed1401-load0p7,eps-ecmp,high-degree-aggregator-bias-replay,1401,144,0,0,2,0,eps,798000,307664,0.01064,,,false
phase15h-r4-high-degree-aggregator-bias-replay-eps-ecmp-seed1401-load0p7,eps-ecmp,high-degree-aggregator-bias-replay,1401,145,0,0,3,0,eps,1638000,306592,0.01066,,,false
phase15h-r4-high-degree-aggregator-bias-replay-eps-ecmp-seed1401-load0p7,eps-ecmp,high-degree-aggregator-bias-replay,1401,146,0,0,4,0,eps,798000,95944,0.01068,,,false
phase15h-r4-high-degree-aggregator-bias-replay-eps-ecmp-seed1401-load0p7,eps-ecmp,high-degree-aggregator-bias-replay,1401,147,0,0,5,0,eps,798000,137216,0.0107,,,false
phase15h-r4-high-degree-aggregator-bias-replay-eps-ecmp-seed1401-load0p7,eps-ecmp,high-degree-aggregator-bias-replay,1401,148,0,0,6,0,eps,798000,306592,0.01072,,,false
phase15h-r4-high-degree-aggregator-bias-replay-eps-ecmp-seed1401-load0p7,eps-ecmp,high-degree-aggregator-bias-replay,1401,149,1,0,2,0,eps,3744000,1276216,0.01074,,,false
phase15h-r4-high-degree-aggregator-bias-replay-eps-ecmp-seed1401-load0p7,eps-ecmp,high-degree-aggregator-bias-replay,1401,150,2,0,3,0,eps,2544000,917632,0.01076,,,false
phase15h-r4-high-degree-aggregator-bias-replay-eps-ecmp-seed1401-load0p7,eps-ecmp,high-degree-aggregator-bias-replay,1401,151,4,0,5,0,eps,3744000,1257456,0.01078,,,false
phase15h-r4-high-degree-aggregator-bias-replay-eps-ecmp-seed1401-load0p7,eps-ecmp,high-degree-aggregator-bias-replay,1401,152,5,0,6,0,eps,3744000,821152,0.0108,,,false
phase15h-r4-high-degree-aggregator-bias-replay-eps-ecmp-seed1401-load0p7,eps-ecmp,high-degree-aggregator-bias-replay,1401,153,1,0,3,0,eps,1728000,905304,0.01082,,,false
phase15h-r4-high-degree-aggregator-bias-replay-eps-ecmp-seed1401-load0p7,eps-ecmp,high-degree-aggregator-bias-replay,1401,154,4,0,6,0,eps,1728000,812576,0.01084,,,false
phase15h-r4-high-degree-aggregator-bias-replay-eps-ecmp-seed1401-load0p7,eps-ecmp,high-degree-aggregator-bias-replay,1401,155,6,0,7,0,eps,2832000,2832000,0.01086,0.043889506,0.033029506,true
phase15h-r4-high-degree-aggregator-bias-replay-eps-ecmp-seed1401-load0p7,eps-ecmp,high-degree-aggregator-bias-replay,1401,156,0,0,1,0,eps,570000,247632,0.0141,,,false
phase15h-r4-high-degree-aggregator-bias-replay-eps-ecmp-seed1401-load0p7,eps-ecmp,high-degree-aggregator-bias-replay,1401,157,0,0,2,0,eps,570000,247632,0.01412,,,false
phase15h-r4-high-degree-aggregator-bias-replay-eps-ecmp-seed1401-load0p7,eps-ecmp,high-degree-aggregator-bias-replay,1401,158,0,0,3,0,eps,570000,59496,0.01414,,,false
phase15h-r4-high-degree-aggregator-bias-replay-eps-ecmp-seed1401-load0p7,eps-ecmp,high-degree-aggregator-bias-replay,1401,159,0,0,4,0,eps,570000,218688,0.01416,,,false
phase15h-r4-high-degree-aggregator-bias-replay-eps-ecmp-seed1401-load0p7,eps-ecmp,high-degree-aggregator-bias-replay,1401,160,0,0,5,0,eps,570000,246560,0.01418,,,false
phase15h-r4-high-degree-aggregator-bias-replay-eps-ecmp-seed1401-load0p7,eps-ecmp,high-degree-aggregator-bias-replay,1401,161,0,0,6,0,eps,570000,175272,0.0142,,,false
phase15h-r4-high-degree-aggregator-bias-replay-eps-ecmp-seed1401-load0p7,eps-ecmp,high-degree-aggregator-bias-replay,1401,162,1,0,2,0,eps,528000,528000,0.01422,0.027167724,0.012947724,true
phase15h-r4-high-degree-aggregator-bias-replay-eps-ecmp-seed1401-load0p7,eps-ecmp,high-degree-aggregator-bias-replay,1401,163,2,0,3,0,eps,528000,528000,0.01424,0.035098877,0.020858877,true
phase15h-r4-high-degree-aggregator-bias-replay-eps-ecmp-seed1401-load0p7,eps-ecmp,high-degree-aggregator-bias-replay,1401,164,4,0,5,0,eps,528000,528000,0.01426,0.027652542,0.013392542,true
phase15h-r4-high-degree-aggregator-bias-replay-eps-ecmp-seed1401-load0p7,eps-ecmp,high-degree-aggregator-bias-replay,1401,165,5,0,6,0,eps,528000,528000,0.01428,0.039908392,0.025628392,true
phase15h-r4-high-degree-aggregator-bias-replay-eps-ecmp-seed1401-load0p7,eps-ecmp,high-degree-aggregator-bias-replay,1401,166,1,0,3,0,eps,432000,432000,0.0143,0.030317396,0.016017396,true
phase15h-r4-high-degree-aggregator-bias-replay-eps-ecmp-seed1401-load0p7,eps-ecmp,high-degree-aggregator-bias-replay,1401,167,4,0,6,0,eps,432000,432000,0.01432,0.03370974,0.01938974,true
phase15h-r4-high-degree-aggregator-bias-replay-eps-ecmp-seed1401-load0p7,eps-ecmp,high-degree-aggregator-bias-replay,1401,168,6,0,7,0,eps,240000,240000,0.01434,0.01844217,0.00410217,true
phase15h-r4-high-degree-aggregator-bias-replay-eps-ecmp-seed1401-load0p7,eps-ecmp,high-degree-aggregator-bias-replay,1401,169,0,0,1,0,eps,570000,243344,0.01436,,,false
phase15h-r4-high-degree-aggregator-bias-replay-eps-ecmp-seed1401-load0p7,eps-ecmp,high-degree-aggregator-bias-replay,1401,170,0,0,2,0,eps,570000,90584,0.01438,,,false
phase15h-r4-high-degree-aggregator-bias-replay-eps-ecmp-seed1401-load0p7,eps-ecmp,high-degree-aggregator-bias-replay,1401,171,0,0,3,0,eps,570000,242272,0.0144,,,false
phase15h-r4-high-degree-aggregator-bias-replay-eps-ecmp-seed1401-load0p7,eps-ecmp,high-degree-aggregator-bias-replay,1401,172,0,0,4,0,eps,570000,227264,0.01442,,,false
phase15h-r4-high-degree-aggregator-bias-replay-eps-ecmp-seed1401-load0p7,eps-ecmp,high-degree-aggregator-bias-replay,1401,173,0,0,5,0,eps,570000,242272,0.01444,,,false
phase15h-r4-high-degree-aggregator-bias-replay-eps-ecmp-seed1401-load0p7,eps-ecmp,high-degree-aggregator-bias-replay,1401,174,0,0,6,0,eps,570000,236376,0.01446,,,false
phase15h-r4-high-degree-aggregator-bias-replay-eps-ecmp-seed1401-load0p7,eps-ecmp,high-degree-aggregator-bias-replay,1401,175,1,0,2,0,eps,528000,528000,0.01448,0.027741979,0.013261979,true
phase15h-r4-high-degree-aggregator-bias-replay-eps-ecmp-seed1401-load0p7,eps-ecmp,high-degree-aggregator-bias-replay,1401,176,2,0,3,0,eps,528000,528000,0.0145,0.035947376,0.021447376,true
phase15h-r4-high-degree-aggregator-bias-replay-eps-ecmp-seed1401-load0p7,eps-ecmp,high-degree-aggregator-bias-replay,1401,177,4,0,5,0,eps,528000,528000,0.01452,0.027979566,0.013459566,true
phase15h-r4-high-degree-aggregator-bias-replay-eps-ecmp-seed1401-load0p7,eps-ecmp,high-degree-aggregator-bias-replay,1401,178,5,0,6,0,eps,528000,528000,0.01454,0.04074607,0.02620607,true
phase15h-r4-high-degree-aggregator-bias-replay-eps-ecmp-seed1401-load0p7,eps-ecmp,high-degree-aggregator-bias-replay,1401,179,1,0,3,0,eps,432000,432000,0.01456,0.039256163,0.024696163,true
phase15h-r4-high-degree-aggregator-bias-replay-eps-ecmp-seed1401-load0p7,eps-ecmp,high-degree-aggregator-bias-replay,1401,180,4,0,6,0,eps,432000,432000,0.01458,0.034164177,0.019584177,true
phase15h-r4-high-degree-aggregator-bias-replay-eps-ecmp-seed1401-load0p7,eps-ecmp,high-degree-aggregator-bias-replay,1401,181,6,0,7,0,eps,240000,240000,0.0146,0.018586595,0.003986595,true
phase15h-r4-high-degree-aggregator-bias-replay-eps-ecmp-seed1401-load0p7,eps-ecmp,high-degree-aggregator-bias-replay,1401,182,0,0,1,0,eps,570000,169912,0.01462,,,false
phase15h-r4-high-degree-aggregator-bias-replay-eps-ecmp-seed1401-load0p7,eps-ecmp,high-degree-aggregator-bias-replay,1401,183,0,0,2,0,eps,570000,239592,0.01464,,,false
phase15h-r4-high-degree-aggregator-bias-replay-eps-ecmp-seed1401-load0p7,eps-ecmp,high-degree-aggregator-bias-replay,1401,184,0,0,3,0,eps,570000,75576,0.01466,,,false
phase15h-r4-high-degree-aggregator-bias-replay-eps-ecmp-seed1401-load0p7,eps-ecmp,high-degree-aggregator-bias-replay,1401,185,0,0,4,0,eps,570000,237984,0.01468,,,false
phase15h-r4-high-degree-aggregator-bias-replay-eps-ecmp-seed1401-load0p7,eps-ecmp,high-degree-aggregator-bias-replay,1401,186,0,0,5,0,eps,570000,237984,0.0147,,,false
phase15h-r4-high-degree-aggregator-bias-replay-eps-ecmp-seed1401-load0p7,eps-ecmp,high-degree-aggregator-bias-replay,1401,187,0,0,6,0,eps,570000,236912,0.01472,,,false
phase15h-r4-high-degree-aggregator-bias-replay-eps-ecmp-seed1401-load0p7,eps-ecmp,high-degree-aggregator-bias-replay,1401,188,1,0,2,0,eps,528000,528000,0.01474,0.028143944,0.013403944,true
phase15h-r4-high-degree-aggregator-bias-replay-eps-ecmp-seed1401-load0p7,eps-ecmp,high-degree-aggregator-bias-replay,1401,189,2,0,3,0,eps,528000,528000,0.01476,0.036706691,0.021946691,true
phase15h-r4-high-degree-aggregator-bias-replay-eps-ecmp-seed1401-load0p7,eps-ecmp,high-degree-aggregator-bias-replay,1401,190,4,0,5,0,eps,528000,528000,0.01478,0.028447927,0.013667927,true
phase15h-r4-high-degree-aggregator-bias-replay-eps-ecmp-seed1401-load0p7,eps-ecmp,high-degree-aggregator-bias-replay,1401,191,5,0,6,0,eps,528000,528000,0.0148,0.041610684,0.026810684,true
phase15h-r4-high-degree-aggregator-bias-replay-eps-ecmp-seed1401-load0p7,eps-ecmp,high-degree-aggregator-bias-replay,1401,192,1,0,3,0,eps,432000,432000,0.01482,0.031388591,0.016568591,true
phase15h-r4-high-degree-aggregator-bias-replay-eps-ecmp-seed1401-load0p7,eps-ecmp,high-degree-aggregator-bias-replay,1401,193,4,0,6,0,eps,432000,432000,0.01484,0.034778446,0.019938446,true
phase15h-r4-high-degree-aggregator-bias-replay-eps-ecmp-seed1401-load0p7,eps-ecmp,high-degree-aggregator-bias-replay,1401,194,6,0,7,0,eps,240000,240000,0.01486,0.017741994,0.002881994,true
phase15h-r4-high-degree-aggregator-bias-replay-eps-ecmp-seed1401-load0p7,eps-ecmp,high-degree-aggregator-bias-replay,1401,195,0,0,1,0,eps,798000,232624,0.0151,,,false
phase15h-r4-high-degree-aggregator-bias-replay-eps-ecmp-seed1401-load0p7,eps-ecmp,high-degree-aggregator-bias-replay,1401,196,0,0,2,0,eps,798000,232624,0.01512,,,false
phase15h-r4-high-degree-aggregator-bias-replay-eps-ecmp-seed1401-load0p7,eps-ecmp,high-degree-aggregator-bias-replay,1401,197,0,0,3,0,eps,1638000,231552,0.01514,,,false
phase15h-r4-high-degree-aggregator-bias-replay-eps-ecmp-seed1401-load0p7,eps-ecmp,high-degree-aggregator-bias-replay,1401,198,0,0,4,0,eps,798000,231552,0.01516,,,false
phase15h-r4-high-degree-aggregator-bias-replay-eps-ecmp-seed1401-load0p7,eps-ecmp,high-degree-aggregator-bias-replay,1401,199,0,0,5,0,eps,798000,231552,0.01518,,,false
phase15h-r4-high-degree-aggregator-bias-replay-eps-ecmp-seed1401-load0p7,eps-ecmp,high-degree-aggregator-bias-replay,1401,200,0,0,6,0,eps,798000,231552,0.0152,,,false
phase15h-r4-high-degree-aggregator-bias-replay-eps-ecmp-seed1401-load0p7,eps-ecmp,high-degree-aggregator-bias-replay,1401,201,1,0,2,0,eps,3744000,987312,0.01522,,,false
phase15h-r4-high-degree-aggregator-bias-replay-eps-ecmp-seed1401-load0p7,eps-ecmp,high-degree-aggregator-bias-replay,1401,202,2,0,3,0,eps,2544000,687688,0.01524,,,false
phase15h-r4-high-degree-aggregator-bias-replay-eps-ecmp-seed1401-load0p7,eps-ecmp,high-degree-aggregator-bias-replay,1401,203,4,0,5,0,eps,3744000,959976,0.01526,,,false
phase15h-r4-high-degree-aggregator-bias-replay-eps-ecmp-seed1401-load0p7,eps-ecmp,high-degree-aggregator-bias-replay,1401,204,5,0,6,0,eps,3744000,605680,0.01528,,,false
phase15h-r4-high-degree-aggregator-bias-replay-eps-ecmp-seed1401-load0p7,eps-ecmp,high-degree-aggregator-bias-replay,1401,205,1,0,3,0,eps,1728000,124888,0.0153,,,false
phase15h-r4-high-degree-aggregator-bias-replay-eps-ecmp-seed1401-load0p7,eps-ecmp,high-degree-aggregator-bias-replay,1401,206,4,0,6,0,eps,1728000,600320,0.01532,,,false
phase15h-r4-high-degree-aggregator-bias-replay-eps-ecmp-seed1401-load0p7,eps-ecmp,high-degree-aggregator-bias-replay,1401,207,6,0,7,0,eps,2832000,2246376,0.01534,,,false
phase15h-r4-high-degree-aggregator-bias-replay-eps-ecmp-seed1401-load0p7,eps-ecmp,high-degree-aggregator-bias-replay,1401,208,0,0,1,0,eps,798000,228336,0.01536,,,false
phase15h-r4-high-degree-aggregator-bias-replay-eps-ecmp-seed1401-load0p7,eps-ecmp,high-degree-aggregator-bias-replay,1401,209,0,0,2,0,eps,798000,196176,0.01538,,,false
phase15h-r4-high-degree-aggregator-bias-replay-eps-ecmp-seed1401-load0p7,eps-ecmp,high-degree-aggregator-bias-replay,1401,210,0,0,3,0,eps,1638000,228336,0.0154,,,false
phase15h-r4-high-degree-aggregator-bias-replay-eps-ecmp-seed1401-load0p7,eps-ecmp,high-degree-aggregator-bias-replay,1401,211,0,0,4,0,eps,798000,213328,0.01542,,,false
phase15h-r4-high-degree-aggregator-bias-replay-eps-ecmp-seed1401-load0p7,eps-ecmp,high-degree-aggregator-bias-replay,1401,212,0,0,5,0,eps,798000,196176,0.01544,,,false
phase15h-r4-high-degree-aggregator-bias-replay-eps-ecmp-seed1401-load0p7,eps-ecmp,high-degree-aggregator-bias-replay,1401,213,0,0,6,0,eps,798000,227264,0.01546,,,false
phase15h-r4-high-degree-aggregator-bias-replay-eps-ecmp-seed1401-load0p7,eps-ecmp,high-degree-aggregator-bias-replay,1401,214,1,0,2,0,eps,3744000,976592,0.01548,,,false
phase15h-r4-high-degree-aggregator-bias-replay-eps-ecmp-seed1401-load0p7,eps-ecmp,high-degree-aggregator-bias-replay,1401,215,2,0,3,0,eps,2544000,566552,0.0155,,,false
phase15h-r4-high-degree-aggregator-bias-replay-eps-ecmp-seed1401-load0p7,eps-ecmp,high-degree-aggregator-bias-replay,1401,216,4,0,5,0,eps,3744000,946576,0.01552,,,false
phase15h-r4-high-degree-aggregator-bias-replay-eps-ecmp-seed1401-load0p7,eps-ecmp,high-degree-aggregator-bias-replay,1401,217,5,0,6,0,eps,3744000,596568,0.01554,,,false
phase15h-r4-high-degree-aggregator-bias-replay-eps-ecmp-seed1401-load0p7,eps-ecmp,high-degree-aggregator-bias-replay,1401,218,1,0,3,0,eps,1728000,671608,0.01556,,,false
phase15h-r4-high-degree-aggregator-bias-replay-eps-ecmp-seed1401-load0p7,eps-ecmp,high-degree-aggregator-bias-replay,1401,219,4,0,6,0,eps,1728000,590672,0.01558,,,false
phase15h-r4-high-degree-aggregator-bias-replay-eps-ecmp-seed1401-load0p7,eps-ecmp,high-degree-aggregator-bias-replay,1401,220,6,0,7,0,eps,2832000,2216360,0.0156,,,false
phase15h-r4-high-degree-aggregator-bias-replay-eps-ecmp-seed1401-load0p7,eps-ecmp,high-degree-aggregator-bias-replay,1401,221,0,0,1,0,eps,798000,225656,0.01562,,,false
phase15h-r4-high-degree-aggregator-bias-replay-eps-ecmp-seed1401-load0p7,eps-ecmp,high-degree-aggregator-bias-replay,1401,222,0,0,2,0,eps,798000,225656,0.01564,,,false
phase15h-r4-high-degree-aggregator-bias-replay-eps-ecmp-seed1401-load0p7,eps-ecmp,high-degree-aggregator-bias-replay,1401,223,0,0,3,0,eps,1638000,224584,0.01566,,,false
phase15h-r4-high-degree-aggregator-bias-replay-eps-ecmp-seed1401-load0p7,eps-ecmp,high-degree-aggregator-bias-replay,1401,224,0,0,4,0,eps,798000,224584,0.01568,,,false
phase15h-r4-high-degree-aggregator-bias-replay-eps-ecmp-seed1401-load0p7,eps-ecmp,high-degree-aggregator-bias-replay,1401,225,0,0,5,0,eps,798000,225656,0.0157,,,false
phase15h-r4-high-degree-aggregator-bias-replay-eps-ecmp-seed1401-load0p7,eps-ecmp,high-degree-aggregator-bias-replay,1401,226,0,0,6,0,eps,798000,222440,0.01572,,,false
phase15h-r4-high-degree-aggregator-bias-replay-eps-ecmp-seed1401-load0p7,eps-ecmp,high-degree-aggregator-bias-replay,1401,227,1,0,2,0,eps,3744000,965336,0.01574,,,false
phase15h-r4-high-degree-aggregator-bias-replay-eps-ecmp-seed1401-load0p7,eps-ecmp,high-degree-aggregator-bias-replay,1401,228,2,0,3,0,eps,2544000,670000,0.01576,,,false
phase15h-r4-high-degree-aggregator-bias-replay-eps-ecmp-seed1401-load0p7,eps-ecmp,high-degree-aggregator-bias-replay,1401,229,4,0,5,0,eps,3744000,936928,0.01578,,,false
phase15h-r4-high-degree-aggregator-bias-replay-eps-ecmp-seed1401-load0p7,eps-ecmp,high-degree-aggregator-bias-replay,1401,230,5,0,6,0,eps,3744000,587992,0.0158,,,false
phase15h-r4-high-degree-aggregator-bias-replay-eps-ecmp-seed1401-load0p7,eps-ecmp,high-degree-aggregator-bias-replay,1401,231,1,0,3,0,eps,1728000,663568,0.01582,,,false
phase15h-r4-high-degree-aggregator-bias-replay-eps-ecmp-seed1401-load0p7,eps-ecmp,high-degree-aggregator-bias-replay,1401,232,4,0,6,0,eps,1728000,584240,0.01584,,,false
phase15h-r4-high-degree-aggregator-bias-replay-eps-ecmp-seed1401-load0p7,eps-ecmp,high-degree-aggregator-bias-replay,1401,233,6,0,7,0,eps,2832000,2374264,0.01586,,,false
phase15h-r4-high-degree-aggregator-bias-replay-eps-ecmp-seed1401-load0p7,eps-ecmp,high-degree-aggregator-bias-replay,1401,234,0,0,1,0,eps,570000,185992,0.0191,,,false
phase15h-r4-high-degree-aggregator-bias-replay-eps-ecmp-seed1401-load0p7,eps-ecmp,high-degree-aggregator-bias-replay,1401,235,0,0,2,0,eps,570000,185992,0.01912,,,false
phase15h-r4-high-degree-aggregator-bias-replay-eps-ecmp-seed1401-load0p7,eps-ecmp,high-degree-aggregator-bias-replay,1401,236,0,0,3,0,eps,570000,184920,0.01914,,,false
phase15h-r4-high-degree-aggregator-bias-replay-eps-ecmp-seed1401-load0p7,eps-ecmp,high-degree-aggregator-bias-replay,1401,237,0,0,4,0,eps,570000,120600,0.01916,,,false
phase15h-r4-high-degree-aggregator-bias-replay-eps-ecmp-seed1401-load0p7,eps-ecmp,high-degree-aggregator-bias-replay,1401,238,0,0,5,0,eps,570000,184920,0.01918,,,false
phase15h-r4-high-degree-aggregator-bias-replay-eps-ecmp-seed1401-load0p7,eps-ecmp,high-degree-aggregator-bias-replay,1401,239,0,0,6,0,eps,570000,183312,0.0192,,,false
phase15h-r4-high-degree-aggregator-bias-replay-eps-ecmp-seed1401-load0p7,eps-ecmp,high-degree-aggregator-bias-replay,1401,240,1,0,2,0,eps,528000,528000,0.01922,0.0355483,0.0163283,true
phase15h-r4-high-degree-aggregator-bias-replay-eps-ecmp-seed1401-load0p7,eps-ecmp,high-degree-aggregator-bias-replay,1401,241,2,0,3,0,eps,528000,528000,0.01924,0.04784184,0.02860184,true
phase15h-r4-high-degree-aggregator-bias-replay-eps-ecmp-seed1401-load0p7,eps-ecmp,high-degree-aggregator-bias-replay,1401,242,4,0,5,0,eps,528000,528000,0.01926,0.037006393,0.017746393,true
phase15h-r4-high-degree-aggregator-bias-replay-eps-ecmp-seed1401-load0p7,eps-ecmp,high-degree-aggregator-bias-replay,1401,243,5,0,6,0,eps,528000,484008,0.01928,,,false
phase15h-r4-high-degree-aggregator-bias-replay-eps-ecmp-seed1401-load0p7,eps-ecmp,high-degree-aggregator-bias-replay,1401,244,1,0,3,0,eps,432000,432000,0.0193,0.040787442,0.021487442,true
phase15h-r4-high-degree-aggregator-bias-replay-eps-ecmp-seed1401-load0p7,eps-ecmp,high-degree-aggregator-bias-replay,1401,245,4,0,6,0,eps,432000,432000,0.01932,0.045545795,0.026225795,true
phase15h-r4-high-degree-aggregator-bias-replay-eps-ecmp-seed1401-load0p7,eps-ecmp,high-degree-aggregator-bias-replay,1401,246,6,0,7,0,eps,240000,240000,0.01934,0.02378073,0.00444073,true
phase15h-r4-high-degree-aggregator-bias-replay-eps-ecmp-seed1401-load0p7,eps-ecmp,high-degree-aggregator-bias-replay,1401,247,0,0,1,0,eps,570000,182240,0.01936,,,false
phase15h-r4-high-degree-aggregator-bias-replay-eps-ecmp-seed1401-load0p7,eps-ecmp,high-degree-aggregator-bias-replay,1401,248,0,0,2,0,eps,570000,183312,0.01938,,,false
phase15h-r4-high-degree-aggregator-bias-replay-eps-ecmp-seed1401-load0p7,eps-ecmp,high-degree-aggregator-bias-replay,1401,249,0,0,3,0,eps,570000,182240,0.0194,,,false
phase15h-r4-high-degree-aggregator-bias-replay-eps-ecmp-seed1401-load0p7,eps-ecmp,high-degree-aggregator-bias-replay,1401,250,0,0,4,0,eps,570000,69680,0.01942,,,false
phase15h-r4-high-degree-aggregator-bias-replay-eps-ecmp-seed1401-load0p7,eps-ecmp,high-degree-aggregator-bias-replay,1401,251,0,0,5,0,eps,570000,167232,0.01944,,,false
phase15h-r4-high-degree-aggregator-bias-replay-eps-ecmp-seed1401-load0p7,eps-ecmp,high-degree-aggregator-bias-replay,1401,252,0,0,6,0,eps,570000,182240,0.01946,,,false
phase15h-r4-high-degree-aggregator-bias-replay-eps-ecmp-seed1401-load0p7,eps-ecmp,high-degree-aggregator-bias-replay,1401,253,1,0,2,0,eps,528000,528000,0.01948,0.036244995,0.016764995,true
phase15h-r4-high-degree-aggregator-bias-replay-eps-ecmp-seed1401-load0p7,eps-ecmp,high-degree-aggregator-bias-replay,1401,254,2,0,3,0,eps,528000,528000,0.0195,0.048532494,0.029032494,true
phase15h-r4-high-degree-aggregator-bias-replay-eps-ecmp-seed1401-load0p7,eps-ecmp,high-degree-aggregator-bias-replay,1401,255,4,0,5,0,eps,528000,528000,0.01952,0.037592626,0.018072626,true
phase15h-r4-high-degree-aggregator-bias-replay-eps-ecmp-seed1401-load0p7,eps-ecmp,high-degree-aggregator-bias-replay,1401,256,5,0,6,0,eps,528000,445416,0.01954,,,false
phase15h-r4-high-degree-aggregator-bias-replay-eps-ecmp-seed1401-load0p7,eps-ecmp,high-degree-aggregator-bias-replay,1401,257,1,0,3,0,eps,432000,216008,0.01956,,,false
phase15h-r4-high-degree-aggregator-bias-replay-eps-ecmp-seed1401-load0p7,eps-ecmp,high-degree-aggregator-bias-replay,1401,258,4,0,6,0,eps,432000,432000,0.01958,0.046302363,0.026722363,true
phase15h-r4-high-degree-aggregator-bias-replay-eps-ecmp-seed1401-load0p7,eps-ecmp,high-degree-aggregator-bias-replay,1401,259,6,0,7,0,eps,240000,240000,0.0196,0.02401562,0.00441562,true
phase15h-r4-high-degree-aggregator-bias-replay-eps-ecmp-seed1401-load0p7,eps-ecmp,high-degree-aggregator-bias-replay,1401,260,0,0,1,0,eps,570000,180632,0.01962,,,false
phase15h-r4-high-degree-aggregator-bias-replay-eps-ecmp-seed1401-load0p7,eps-ecmp,high-degree-aggregator-bias-replay,1401,261,0,0,2,0,eps,570000,180632,0.01964,,,false
phase15h-r4-high-degree-aggregator-bias-replay-eps-ecmp-seed1401-load0p7,eps-ecmp,high-degree-aggregator-bias-replay,1401,262,0,0,3,0,eps,570000,179560,0.01966,,,false
phase15h-r4-high-degree-aggregator-bias-replay-eps-ecmp-seed1401-load0p7,eps-ecmp,high-degree-aggregator-bias-replay,1401,263,0,0,4,0,eps,570000,179560,0.01968,,,false
phase15h-r4-high-degree-aggregator-bias-replay-eps-ecmp-seed1401-load0p7,eps-ecmp,high-degree-aggregator-bias-replay,1401,264,0,0,5,0,eps,570000,179560,0.0197,,,false
phase15h-r4-high-degree-aggregator-bias-replay-eps-ecmp-seed1401-load0p7,eps-ecmp,high-degree-aggregator-bias-replay,1401,265,0,0,6,0,eps,570000,179560,0.01972,,,false
phase15h-r4-high-degree-aggregator-bias-replay-eps-ecmp-seed1401-load0p7,eps-ecmp,high-degree-aggregator-bias-replay,1401,266,1,0,2,0,eps,528000,528000,0.01974,0.036799409,0.017059409,true
phase15h-r4-high-degree-aggregator-bias-replay-eps-ecmp-seed1401-load0p7,eps-ecmp,high-degree-aggregator-bias-replay,1401,267,2,0,3,0,eps,528000,528000,0.01976,0.049208516,0.029448516,true
phase15h-r4-high-degree-aggregator-bias-replay-eps-ecmp-seed1401-load0p7,eps-ecmp,high-degree-aggregator-bias-replay,1401,268,4,0,5,0,eps,528000,528000,0.01978,0.038174678,0.018394678,true
phase15h-r4-high-degree-aggregator-bias-replay-eps-ecmp-seed1401-load0p7,eps-ecmp,high-degree-aggregator-bias-replay,1401,269,5,0,6,0,eps,528000,471680,0.0198,,,false
phase15h-r4-high-degree-aggregator-bias-replay-eps-ecmp-seed1401-load0p7,eps-ecmp,high-degree-aggregator-bias-replay,1401,270,1,0,3,0,eps,432000,432000,0.01982,0.04197976,0.02215976,true
phase15h-r4-high-degree-aggregator-bias-replay-eps-ecmp-seed1401-load0p7,eps-ecmp,high-degree-aggregator-bias-replay,1401,271,4,0,6,0,eps,432000,432000,0.01984,0.046759332,0.026919332,true
phase15h-r4-high-degree-aggregator-bias-replay-eps-ecmp-seed1401-load0p7,eps-ecmp,high-degree-aggregator-bias-replay,1401,272,6,0,7,0,eps,240000,240000,0.01986,0.023184126,0.003324126,true
phase15h-r4-high-degree-aggregator-bias-replay-eps-ecmp-seed1401-load0p7,eps-ecmp,high-degree-aggregator-bias-replay,1401,273,0,0,1,0,eps,798000,175272,0.0201,,,false
phase15h-r4-high-degree-aggregator-bias-replay-eps-ecmp-seed1401-load0p7,eps-ecmp,high-degree-aggregator-bias-replay,1401,274,0,0,2,0,eps,798000,69680,0.02012,,,false
phase15h-r4-high-degree-aggregator-bias-replay-eps-ecmp-seed1401-load0p7,eps-ecmp,high-degree-aggregator-bias-replay,1401,275,0,0,3,0,eps,1638000,175272,0.02014,,,false
phase15h-r4-high-degree-aggregator-bias-replay-eps-ecmp-seed1401-load0p7,eps-ecmp,high-degree-aggregator-bias-replay,1401,276,0,0,4,0,eps,798000,175272,0.02016,,,false
phase15h-r4-high-degree-aggregator-bias-replay-eps-ecmp-seed1401-load0p7,eps-ecmp,high-degree-aggregator-bias-replay,1401,277,0,0,5,0,eps,798000,175272,0.02018,,,false
phase15h-r4-high-degree-aggregator-bias-replay-eps-ecmp-seed1401-load0p7,eps-ecmp,high-degree-aggregator-bias-replay,1401,278,0,0,6,0,eps,798000,134000,0.0202,,,false
phase15h-r4-high-degree-aggregator-bias-replay-eps-ecmp-seed1401-load0p7,eps-ecmp,high-degree-aggregator-bias-replay,1401,279,1,0,2,0,eps,3744000,301768,0.02022,,,false
phase15h-r4-high-degree-aggregator-bias-replay-eps-ecmp-seed1401-load0p7,eps-ecmp,high-degree-aggregator-bias-replay,1401,280,2,0,3,0,eps,2544000,523672,0.02024,,,false
phase15h-r4-high-degree-aggregator-bias-replay-eps-ecmp-seed1401-load0p7,eps-ecmp,high-degree-aggregator-bias-replay,1401,281,4,0,5,0,eps,3744000,726280,0.02026,,,false
phase15h-r4-high-degree-aggregator-bias-replay-eps-ecmp-seed1401-load0p7,eps-ecmp,high-degree-aggregator-bias-replay,1401,282,5,0,6,0,eps,3744000,458280,0.02028,,,false
phase15h-r4-high-degree-aggregator-bias-replay-eps-ecmp-seed1401-load0p7,eps-ecmp,high-degree-aggregator-bias-replay,1401,283,1,0,3,0,eps,1728000,517240,0.0203,,,false
phase15h-r4-high-degree-aggregator-bias-replay-eps-ecmp-seed1401-load0p7,eps-ecmp,high-degree-aggregator-bias-replay,1401,284,4,0,6,0,eps,1728000,453992,0.02032,,,false
phase15h-r4-high-degree-aggregator-bias-replay-eps-ecmp-seed1401-load0p7,eps-ecmp,high-degree-aggregator-bias-replay,1401,285,6,0,7,0,eps,2832000,1775232,0.02034,,,false
phase15h-r4-high-degree-aggregator-bias-replay-eps-ecmp-seed1401-load0p7,eps-ecmp,high-degree-aggregator-bias-replay,1401,286,0,0,1,0,eps,798000,138288,0.02036,,,false
phase15h-r4-high-degree-aggregator-bias-replay-eps-ecmp-seed1401-load0p7,eps-ecmp,high-degree-aggregator-bias-replay,1401,287,0,0,2,0,eps,798000,172592,0.02038,,,false
phase15h-r4-high-degree-aggregator-bias-replay-eps-ecmp-seed1401-load0p7,eps-ecmp,high-degree-aggregator-bias-replay,1401,288,0,0,3,0,eps,1638000,167232,0.0204,,,false
phase15h-r4-high-degree-aggregator-bias-replay-eps-ecmp-seed1401-load0p7,eps-ecmp,high-degree-aggregator-bias-replay,1401,289,0,0,4,0,eps,798000,34304,0.02042,,,false
phase15h-r4-high-degree-aggregator-bias-replay-eps-ecmp-seed1401-load0p7,eps-ecmp,high-degree-aggregator-bias-replay,1401,290,0,0,5,0,eps,798000,172592,0.02044,,,false
phase15h-r4-high-degree-aggregator-bias-replay-eps-ecmp-seed1401-load0p7,eps-ecmp,high-degree-aggregator-bias-replay,1401,291,0,0,6,0,eps,798000,170984,0.02046,,,false
phase15h-r4-high-degree-aggregator-bias-replay-eps-ecmp-seed1401-load0p7,eps-ecmp,high-degree-aggregator-bias-replay,1401,292,1,0,2,0,eps,3744000,72896,0.02048,,,false
phase15h-r4-high-degree-aggregator-bias-replay-eps-ecmp-seed1401-load0p7,eps-ecmp,high-degree-aggregator-bias-replay,1401,293,2,0,3,0,eps,2544000,404144,0.0205,,,false
phase15h-r4-high-degree-aggregator-bias-replay-eps-ecmp-seed1401-load0p7,eps-ecmp,high-degree-aggregator-bias-replay,1401,294,4,0,5,0,eps,3744000,713952,0.02052,,,false
phase15h-r4-high-degree-aggregator-bias-replay-eps-ecmp-seed1401-load0p7,eps-ecmp,high-degree-aggregator-bias-replay,1401,295,5,0,6,0,eps,3744000,451312,0.02054,,,false
phase15h-r4-high-degree-aggregator-bias-replay-eps-ecmp-seed1401-load0p7,eps-ecmp,high-degree-aggregator-bias-replay,1401,296,1,0,3,0,eps,1728000,511344,0.02056,,,false
phase15h-r4-high-degree-aggregator-bias-replay-eps-ecmp-seed1401-load0p7,eps-ecmp,high-degree-aggregator-bias-replay,1401,297,4,0,6,0,eps,1728000,448632,0.02058,,,false
phase15h-r4-high-degree-aggregator-bias-replay-eps-ecmp-seed1401-load0p7,eps-ecmp,high-degree-aggregator-bias-replay,1401,298,6,0,7,0,eps,2832000,1743608,0.0206,,,false
phase15h-r4-high-degree-aggregator-bias-replay-eps-ecmp-seed1401-load0p7,eps-ecmp,high-degree-aggregator-bias-replay,1401,299,0,0,1,0,eps,798000,170984,0.02062,,,false
phase15h-r4-high-degree-aggregator-bias-replay-eps-ecmp-seed1401-load0p7,eps-ecmp,high-degree-aggregator-bias-replay,1401,300,0,0,2,0,eps,798000,170984,0.02064,,,false
phase15h-r4-high-degree-aggregator-bias-replay-eps-ecmp-seed1401-load0p7,eps-ecmp,high-degree-aggregator-bias-replay,1401,301,0,0,3,0,eps,1638000,169912,0.02066,,,false
phase15h-r4-high-degree-aggregator-bias-replay-eps-ecmp-seed1401-load0p7,eps-ecmp,high-degree-aggregator-bias-replay,1401,302,0,0,4,0,eps,798000,169912,0.02068,,,false
phase15h-r4-high-degree-aggregator-bias-replay-eps-ecmp-seed1401-load0p7,eps-ecmp,high-degree-aggregator-bias-replay,1401,303,0,0,5,0,eps,798000,169912,0.0207,,,false
phase15h-r4-high-degree-aggregator-bias-replay-eps-ecmp-seed1401-load0p7,eps-ecmp,high-degree-aggregator-bias-replay,1401,304,0,0,6,0,eps,798000,169912,0.02072,,,false
phase15h-r4-high-degree-aggregator-bias-replay-eps-ecmp-seed1401-load0p7,eps-ecmp,high-degree-aggregator-bias-replay,1401,305,1,0,2,0,eps,3744000,737000,0.02074,,,false
phase15h-r4-high-degree-aggregator-bias-replay-eps-ecmp-seed1401-load0p7,eps-ecmp,high-degree-aggregator-bias-replay,1401,306,2,0,3,0,eps,2544000,509200,0.02076,,,false
phase15h-r4-high-degree-aggregator-bias-replay-eps-ecmp-seed1401-load0p7,eps-ecmp,high-degree-aggregator-bias-replay,1401,307,4,0,5,0,eps,3744000,703232,0.02078,,,false
phase15h-r4-high-degree-aggregator-bias-replay-eps-ecmp-seed1401-load0p7,eps-ecmp,high-degree-aggregator-bias-replay,1401,308,5,0,6,0,eps,3744000,447560,0.0208,,,false
phase15h-r4-high-degree-aggregator-bias-replay-eps-ecmp-seed1401-load0p7,eps-ecmp,high-degree-aggregator-bias-replay,1401,309,1,0,3,0,eps,1728000,504912,0.02082,,,false
phase15h-r4-high-degree-aggregator-bias-replay-eps-ecmp-seed1401-load0p7,eps-ecmp,high-degree-aggregator-bias-replay,1401,310,4,0,6,0,eps,1728000,443272,0.02084,,,false
phase15h-r4-high-degree-aggregator-bias-replay-eps-ecmp-seed1401-load0p7,eps-ecmp,high-degree-aggregator-bias-replay,1401,311,6,0,7,0,eps,2832000,1826152,0.02086,,,false
phase15h-r4-high-degree-aggregator-bias-replay-eps-ecmp-seed1401-load0p7,eps-ecmp,high-degree-aggregator-bias-replay,1401,312,0,0,1,0,eps,570000,140968,0.0241,,,false
phase15h-r4-high-degree-aggregator-bias-replay-eps-ecmp-seed1401-load0p7,eps-ecmp,high-degree-aggregator-bias-replay,1401,313,0,0,2,0,eps,570000,140968,0.02412,,,false
phase15h-r4-high-degree-aggregator-bias-replay-eps-ecmp-seed1401-load0p7,eps-ecmp,high-degree-aggregator-bias-replay,1401,314,0,0,3,0,eps,570000,139896,0.02414,,,false
phase15h-r4-high-degree-aggregator-bias-replay-eps-ecmp-seed1401-load0p7,eps-ecmp,high-degree-aggregator-bias-replay,1401,315,0,0,4,0,eps,570000,139896,0.02416,,,false
phase15h-r4-high-degree-aggregator-bias-replay-eps-ecmp-seed1401-load0p7,eps-ecmp,high-degree-aggregator-bias-replay,1401,316,0,0,5,0,eps,570000,134000,0.02418,,,false
phase15h-r4-high-degree-aggregator-bias-replay-eps-ecmp-seed1401-load0p7,eps-ecmp,high-degree-aggregator-bias-replay,1401,317,0,0,6,0,eps,570000,138824,0.0242,,,false
phase15h-r4-high-degree-aggregator-bias-replay-eps-ecmp-seed1401-load0p7,eps-ecmp,high-degree-aggregator-bias-replay,1401,318,1,0,2,0,eps,528000,528000,0.02422,0.046184854,0.021964854,true
phase15h-r4-high-degree-aggregator-bias-replay-eps-ecmp-seed1401-load0p7,eps-ecmp,high-degree-aggregator-bias-replay,1401,319,2,0,3,0,eps,528000,414328,0.02424,,,false
phase15h-r4-high-degree-aggregator-bias-replay-eps-ecmp-seed1401-load0p7,eps-ecmp,high-degree-aggregator-bias-replay,1401,320,4,0,5,0,eps,528000,528000,0.02426,0.04756425,0.02330425,true
phase15h-r4-high-degree-aggregator-bias-replay-eps-ecmp-seed1401-load0p7,eps-ecmp,high-degree-aggregator-bias-replay,1401,321,5,0,6,0,eps,528000,363408,0.02428,,,false
phase15h-r4-high-degree-aggregator-bias-replay-eps-ecmp-seed1401-load0p7,eps-ecmp,high-degree-aggregator-bias-replay,1401,322,1,0,3,0,eps,432000,410576,0.0243,,,false
phase15h-r4-high-degree-aggregator-bias-replay-eps-ecmp-seed1401-load0p7,eps-ecmp,high-degree-aggregator-bias-replay,1401,323,4,0,6,0,eps,432000,362336,0.02432,,,false
phase15h-r4-high-degree-aggregator-bias-replay-eps-ecmp-seed1401-load0p7,eps-ecmp,high-degree-aggregator-bias-replay,1401,324,6,0,7,0,eps,240000,240000,0.02434,0.028921593,0.004581593,true
phase15h-r4-high-degree-aggregator-bias-replay-eps-ecmp-seed1401-load0p7,eps-ecmp,high-degree-aggregator-bias-replay,1401,325,0,0,1,0,eps,570000,138288,0.02436,,,false
phase15h-r4-high-degree-aggregator-bias-replay-eps-ecmp-seed1401-load0p7,eps-ecmp,high-degree-aggregator-bias-replay,1401,326,0,0,2,0,eps,570000,138288,0.02438,,,false
phase15h-r4-high-degree-aggregator-bias-replay-eps-ecmp-seed1401-load0p7,eps-ecmp,high-degree-aggregator-bias-replay,1401,327,0,0,3,0,eps,570000,138288,0.0244,,,false
phase15h-r4-high-degree-aggregator-bias-replay-eps-ecmp-seed1401-load0p7,eps-ecmp,high-degree-aggregator-bias-replay,1401,328,0,0,4,0,eps,570000,138288,0.02442,,,false
phase15h-r4-high-degree-aggregator-bias-replay-eps-ecmp-seed1401-load0p7,eps-ecmp,high-degree-aggregator-bias-replay,1401,329,0,0,5,0,eps,570000,138288,0.02444,,,false
phase15h-r4-high-degree-aggregator-bias-replay-eps-ecmp-seed1401-load0p7,eps-ecmp,high-degree-aggregator-bias-replay,1401,330,0,0,6,0,eps,570000,137216,0.02446,,,false
phase15h-r4-high-degree-aggregator-bias-replay-eps-ecmp-seed1401-load0p7,eps-ecmp,high-degree-aggregator-bias-replay,1401,331,1,0,2,0,eps,528000,528000,0.02448,0.046836248,0.022356248,true
phase15h-r4-high-degree-aggregator-bias-replay-eps-ecmp-seed1401-load0p7,eps-ecmp,high-degree-aggregator-bias-replay,1401,332,2,0,3,0,eps,528000,110416,0.0245,,,false
phase15h-r4-high-degree-aggregator-bias-replay-eps-ecmp-seed1401-load0p7,eps-ecmp,high-degree-aggregator-bias-replay,1401,333,4,0,5,0,eps,528000,528000,0.02452,0.048085034,0.023565034,true
phase15h-r4-high-degree-aggregator-bias-replay-eps-ecmp-seed1401-load0p7,eps-ecmp,high-degree-aggregator-bias-replay,1401,334,5,0,6,0,eps,528000,359656,0.02454,,,false
phase15h-r4-high-degree-aggregator-bias-replay-eps-ecmp-seed1401-load0p7,eps-ecmp,high-degree-aggregator-bias-replay,1401,335,1,0,3,0,eps,432000,404680,0.02456,,,false
phase15h-r4-high-degree-aggregator-bias-replay-eps-ecmp-seed1401-load0p7,eps-ecmp,high-degree-aggregator-bias-replay,1401,336,4,0,6,0,eps,432000,356976,0.02458,,,false
phase15h-r4-high-degree-aggregator-bias-replay-eps-ecmp-seed1401-load0p7,eps-ecmp,high-degree-aggregator-bias-replay,1401,337,6,0,7,0,eps,240000,240000,0.0246,0.029192509,0.004592509,true
phase15h-r4-high-degree-aggregator-bias-replay-eps-ecmp-seed1401-load0p7,eps-ecmp,high-degree-aggregator-bias-replay,1401,338,0,0,1,0,eps,570000,135608,0.02462,,,false
phase15h-r4-high-degree-aggregator-bias-replay-eps-ecmp-seed1401-load0p7,eps-ecmp,high-degree-aggregator-bias-replay,1401,339,0,0,2,0,eps,570000,136680,0.02464,,,false
phase15h-r4-high-degree-aggregator-bias-replay-eps-ecmp-seed1401-load0p7,eps-ecmp,high-degree-aggregator-bias-replay,1401,340,0,0,3,0,eps,570000,135608,0.02466,,,false
phase15h-r4-high-degree-aggregator-bias-replay-eps-ecmp-seed1401-load0p7,eps-ecmp,high-degree-aggregator-bias-replay,1401,341,0,0,4,0,eps,570000,135608,0.02468,,,false
phase15h-r4-high-degree-aggregator-bias-replay-eps-ecmp-seed1401-load0p7,eps-ecmp,high-degree-aggregator-bias-replay,1401,342,0,0,5,0,eps,570000,135608,0.0247,,,false
phase15h-r4-high-degree-aggregator-bias-replay-eps-ecmp-seed1401-load0p7,eps-ecmp,high-degree-aggregator-bias-replay,1401,343,0,0,6,0,eps,570000,135608,0.02472,,,false
phase15h-r4-high-degree-aggregator-bias-replay-eps-ecmp-seed1401-load0p7,eps-ecmp,high-degree-aggregator-bias-replay,1401,344,1,0,2,0,eps,528000,528000,0.02474,0.047265999,0.022525999,true
phase15h-r4-high-degree-aggregator-bias-replay-eps-ecmp-seed1401-load0p7,eps-ecmp,high-degree-aggregator-bias-replay,1401,345,2,0,3,0,eps,528000,402000,0.02476,,,false
phase15h-r4-high-degree-aggregator-bias-replay-eps-ecmp-seed1401-load0p7,eps-ecmp,high-degree-aggregator-bias-replay,1401,346,4,0,5,0,eps,528000,528000,0.02478,0.048537238,0.023757238,true
phase15h-r4-high-degree-aggregator-bias-replay-eps-ecmp-seed1401-load0p7,eps-ecmp,high-degree-aggregator-bias-replay,1401,347,5,0,6,0,eps,528000,324280,0.0248,,,false
phase15h-r4-high-degree-aggregator-bias-replay-eps-ecmp-seed1401-load0p7,eps-ecmp,high-degree-aggregator-bias-replay,1401,348,1,0,3,0,eps,432000,398248,0.02482,,,false
phase15h-r4-high-degree-aggregator-bias-replay-eps-ecmp-seed1401-load0p7,eps-ecmp,high-degree-aggregator-bias-replay,1401,349,4,0,6,0,eps,432000,351616,0.02484,,,false
phase15h-r4-high-degree-aggregator-bias-replay-eps-ecmp-seed1401-load0p7,eps-ecmp,high-degree-aggregator-bias-replay,1401,350,6,0,7,0,eps,240000,240000,0.02486,0.02869422,0.00383422,true
phase15h-r4-high-degree-aggregator-bias-replay-eps-ecmp-seed1401-load0p7,eps-ecmp,high-degree-aggregator-bias-replay,1401,351,0,0,1,0,eps,798000,115240,0.0251,,,false
phase15h-r4-high-degree-aggregator-bias-replay-eps-ecmp-seed1401-load0p7,eps-ecmp,high-degree-aggregator-bias-replay,1401,352,0,0,2,0,eps,798000,132928,0.02512,,,false
phase15h-r4-high-degree-aggregator-bias-replay-eps-ecmp-seed1401-load0p7,eps-ecmp,high-degree-aggregator-bias-replay,1401,353,0,0,3,0,eps,1638000,112560,0.02514,,,false
phase15h-r4-high-degree-aggregator-bias-replay-eps-ecmp-seed1401-load0p7,eps-ecmp,high-degree-aggregator-bias-replay,1401,354,0,0,4,0,eps,798000,107200,0.02516,,,false
phase15h-r4-high-degree-aggregator-bias-replay-eps-ecmp-seed1401-load0p7,eps-ecmp,high-degree-aggregator-bias-replay,1401,355,0,0,5,0,eps,798000,132928,0.02518,,,false
phase15h-r4-high-degree-aggregator-bias-replay-eps-ecmp-seed1401-load0p7,eps-ecmp,high-degree-aggregator-bias-replay,1401,356,0,0,6,0,eps,798000,131320,0.0252,,,false
phase15h-r4-high-degree-aggregator-bias-replay-eps-ecmp-seed1401-load0p7,eps-ecmp,high-degree-aggregator-bias-replay,1401,357,1,0,2,0,eps,3744000,559584,0.02522,,,false
phase15h-r4-high-degree-aggregator-bias-replay-eps-ecmp-seed1401-load0p7,eps-ecmp,high-degree-aggregator-bias-replay,1401,358,2,0,3,0,eps,2544000,332320,0.02524,,,false
phase15h-r4-high-degree-aggregator-bias-replay-eps-ecmp-seed1401-load0p7,eps-ecmp,high-degree-aggregator-bias-replay,1401,359,4,0,5,0,eps,3744000,482936,0.02526,,,false
phase15h-r4-high-degree-aggregator-bias-replay-eps-ecmp-seed1401-load0p7,eps-ecmp,high-degree-aggregator-bias-replay,1401,360,5,0,6,0,eps,3744000,343576,0.02528,,,false
phase15h-r4-high-degree-aggregator-bias-replay-eps-ecmp-seed1401-load0p7,eps-ecmp,high-degree-aggregator-bias-replay,1401,361,1,0,3,0,eps,1728000,386992,0.0253,,,false
phase15h-r4-high-degree-aggregator-bias-replay-eps-ecmp-seed1401-load0p7,eps-ecmp,high-degree-aggregator-bias-replay,1401,362,4,0,6,0,eps,1728000,340896,0.02532,,,false
phase15h-r4-high-degree-aggregator-bias-replay-eps-ecmp-seed1401-load0p7,eps-ecmp,high-degree-aggregator-bias-replay,1401,363,6,0,7,0,eps,2832000,1359832,0.02534,,,false
phase15h-r4-high-degree-aggregator-bias-replay-eps-ecmp-seed1401-load0p7,eps-ecmp,high-degree-aggregator-bias-replay,1401,364,0,0,1,0,eps,798000,130248,0.02536,,,false
phase15h-r4-high-degree-aggregator-bias-replay-eps-ecmp-seed1401-load0p7,eps-ecmp,high-degree-aggregator-bias-replay,1401,365,0,0,2,0,eps,798000,130248,0.02538,,,false
phase15h-r4-high-degree-aggregator-bias-replay-eps-ecmp-seed1401-load0p7,eps-ecmp,high-degree-aggregator-bias-replay,1401,366,0,0,3,0,eps,1638000,130248,0.0254,,,false
phase15h-r4-high-degree-aggregator-bias-replay-eps-ecmp-seed1401-load0p7,eps-ecmp,high-degree-aggregator-bias-replay,1401,367,0,0,4,0,eps,798000,15008,0.02542,,,false
phase15h-r4-high-degree-aggregator-bias-replay-eps-ecmp-seed1401-load0p7,eps-ecmp,high-degree-aggregator-bias-replay,1401,368,0,0,5,0,eps,798000,130248,0.02544,,,false
phase15h-r4-high-degree-aggregator-bias-replay-eps-ecmp-seed1401-load0p7,eps-ecmp,high-degree-aggregator-bias-replay,1401,369,0,0,6,0,eps,798000,64320,0.02546,,,false
phase15h-r4-high-degree-aggregator-bias-replay-eps-ecmp-seed1401-load0p7,eps-ecmp,high-degree-aggregator-bias-replay,1401,370,1,0,2,0,eps,3744000,552616,0.02548,,,false
phase15h-r4-high-degree-aggregator-bias-replay-eps-ecmp-seed1401-load0p7,eps-ecmp,high-degree-aggregator-bias-replay,1401,371,2,0,3,0,eps,2544000,383240,0.0255,,,false
phase15h-r4-high-degree-aggregator-bias-replay-eps-ecmp-seed1401-load0p7,eps-ecmp,high-degree-aggregator-bias-replay,1401,372,4,0,5,0,eps,3744000,530640,0.02552,,,false
phase15h-r4-high-degree-aggregator-bias-replay-eps-ecmp-seed1401-load0p7,eps-ecmp,high-degree-aggregator-bias-replay,1401,373,5,0,6,0,eps,3744000,339288,0.02554,,,false
phase15h-r4-high-degree-aggregator-bias-replay-eps-ecmp-seed1401-load0p7,eps-ecmp,high-degree-aggregator-bias-replay,1401,374,1,0,3,0,eps,1728000,380024,0.02556,,,false
phase15h-r4-high-degree-aggregator-bias-replay-eps-ecmp-seed1401-load0p7,eps-ecmp,high-degree-aggregator-bias-replay,1401,375,4,0,6,0,eps,1728000,335000,0.02558,,,false
phase15h-r4-high-degree-aggregator-bias-replay-eps-ecmp-seed1401-load0p7,eps-ecmp,high-degree-aggregator-bias-replay,1401,376,6,0,7,0,eps,2832000,1334640,0.0256,,,false
phase15h-r4-high-degree-aggregator-bias-replay-eps-ecmp-seed1401-load0p7,eps-ecmp,high-degree-aggregator-bias-replay,1401,377,0,0,1,0,eps,798000,128640,0.02562,,,false
phase15h-r4-high-degree-aggregator-bias-replay-eps-ecmp-seed1401-load0p7,eps-ecmp,high-degree-aggregator-bias-replay,1401,378,0,0,2,0,eps,798000,88976,0.02564,,,false
phase15h-r4-high-degree-aggregator-bias-replay-eps-ecmp-seed1401-load0p7,eps-ecmp,high-degree-aggregator-bias-replay,1401,379,0,0,3,0,eps,1638000,128640,0.02566,,,false
phase15h-r4-high-degree-aggregator-bias-replay-eps-ecmp-seed1401-load0p7,eps-ecmp,high-degree-aggregator-bias-replay,1401,380,0,0,4,0,eps,798000,128640,0.02568,,,false
phase15h-r4-high-degree-aggregator-bias-replay-eps-ecmp-seed1401-load0p7,eps-ecmp,high-degree-aggregator-bias-replay,1401,381,0,0,5,0,eps,798000,15008,0.0257,,,false
phase15h-r4-high-degree-aggregator-bias-replay-eps-ecmp-seed1401-load0p7,eps-ecmp,high-degree-aggregator-bias-replay,1401,382,0,0,6,0,eps,798000,30016,0.02572,,,false
phase15h-r4-high-degree-aggregator-bias-replay-eps-ecmp-seed1401-load0p7,eps-ecmp,high-degree-aggregator-bias-replay,1401,383,1,0,2,0,eps,3744000,544576,0.02574,,,false
phase15h-r4-high-degree-aggregator-bias-replay-eps-ecmp-seed1401-load0p7,eps-ecmp,high-degree-aggregator-bias-replay,1401,384,2,0,3,0,eps,2544000,377344,0.02576,,,false
phase15h-r4-high-degree-aggregator-bias-replay-eps-ecmp-seed1401-load0p7,eps-ecmp,high-degree-aggregator-bias-replay,1401,385,4,0,5,0,eps,3744000,525280,0.02578,,,false
phase15h-r4-high-degree-aggregator-bias-replay-eps-ecmp-seed1401-load0p7,eps-ecmp,high-degree-aggregator-bias-replay,1401,386,5,0,6,0,eps,3744000,335000,0.0258,,,false
phase15h-r4-high-degree-aggregator-bias-replay-eps-ecmp-seed1401-load0p7,eps-ecmp,high-degree-aggregator-bias-replay,1401,387,1,0,3,0,eps,1728000,374664,0.02582,,,false
phase15h-r4-high-degree-aggregator-bias-replay-eps-ecmp-seed1401-load0p7,eps-ecmp,high-degree-aggregator-bias-replay,1401,388,4,0,6,0,eps,1728000,332320,0.02584,,,false
phase15h-r4-high-degree-aggregator-bias-replay-eps-ecmp-seed1401-load0p7,eps-ecmp,high-degree-aggregator-bias-replay,1401,389,6,0,7,0,eps,2832000,1395208,0.02586,,,false
phase15h-r4-high-degree-aggregator-bias-replay-eps-ecmp-seed1401-load0p7,eps-ecmp,high-degree-aggregator-bias-replay,1401,390,0,0,1,0,eps,570000,103984,0.0291,,,false
phase15h-r4-high-degree-aggregator-bias-replay-eps-ecmp-seed1401-load0p7,eps-ecmp,high-degree-aggregator-bias-replay,1401,391,0,0,2,0,eps,570000,103984,0.02912,,,false
phase15h-r4-high-degree-aggregator-bias-replay-eps-ecmp-seed1401-load0p7,eps-ecmp,high-degree-aggregator-bias-replay,1401,392,0,0,3,0,eps,570000,21440,0.02914,,,false
phase15h-r4-high-degree-aggregator-bias-replay-eps-ecmp-seed1401-load0p7,eps-ecmp,high-degree-aggregator-bias-replay,1401,393,0,0,4,0,eps,570000,103984,0.02916,,,false
phase15h-r4-high-degree-aggregator-bias-replay-eps-ecmp-seed1401-load0p7,eps-ecmp,high-degree-aggregator-bias-replay,1401,394,0,0,5,0,eps,570000,103984,0.02918,,,false
phase15h-r4-high-degree-aggregator-bias-replay-eps-ecmp-seed1401-load0p7,eps-ecmp,high-degree-aggregator-bias-replay,1401,395,0,0,6,0,eps,570000,8040,0.0292,,,false
phase15h-r4-high-degree-aggregator-bias-replay-eps-ecmp-seed1401-load0p7,eps-ecmp,high-degree-aggregator-bias-replay,1401,396,1,0,2,0,eps,528000,436304,0.02922,,,false
phase15h-r4-high-degree-aggregator-bias-replay-eps-ecmp-seed1401-load0p7,eps-ecmp,high-degree-aggregator-bias-replay,1401,397,2,0,3,0,eps,528000,303912,0.02924,,,false
phase15h-r4-high-degree-aggregator-bias-replay-eps-ecmp-seed1401-load0p7,eps-ecmp,high-degree-aggregator-bias-replay,1401,398,4,0,5,0,eps,528000,421296,0.02926,,,false
phase15h-r4-high-degree-aggregator-bias-replay-eps-ecmp-seed1401-load0p7,eps-ecmp,high-degree-aggregator-bias-replay,1401,399,5,0,6,0,eps,528000,269608,0.02928,,,false
phase15h-r4-high-degree-aggregator-bias-replay-eps-ecmp-seed1401-load0p7,eps-ecmp,high-degree-aggregator-bias-replay,1401,400,1,0,3,0,eps,432000,301232,0.0293,,,false
phase15h-r4-high-degree-aggregator-bias-replay-eps-ecmp-seed1401-load0p7,eps-ecmp,high-degree-aggregator-bias-replay,1401,401,4,0,6,0,eps,432000,268000,0.02932,,,false
phase15h-r4-high-degree-aggregator-bias-replay-eps-ecmp-seed1401-load0p7,eps-ecmp,high-degree-aggregator-bias-replay,1401,402,6,0,7,0,eps,240000,240000,0.02934,0.034303278,0.004963278,true
phase15h-r4-high-degree-aggregator-bias-replay-eps-ecmp-seed1401-load0p7,eps-ecmp,high-degree-aggregator-bias-replay,1401,403,0,0,1,0,eps,570000,102912,0.02936,,,false
phase15h-r4-high-degree-aggregator-bias-replay-eps-ecmp-seed1401-load0p7,eps-ecmp,high-degree-aggregator-bias-replay,1401,404,0,0,2,0,eps,570000,61104,0.02938,,,false
phase15h-r4-high-degree-aggregator-bias-replay-eps-ecmp-seed1401-load0p7,eps-ecmp,high-degree-aggregator-bias-replay,1401,405,0,0,3,0,eps,570000,102912,0.0294,,,false
phase15h-r4-high-degree-aggregator-bias-replay-eps-ecmp-seed1401-load0p7,eps-ecmp,high-degree-aggregator-bias-replay,1401,406,0,0,4,0,eps,570000,102912,0.02942,,,false
phase15h-r4-high-degree-aggregator-bias-replay-eps-ecmp-seed1401-load0p7,eps-ecmp,high-degree-aggregator-bias-replay,1401,407,0,0,5,0,eps,570000,102912,0.02944,,,false
phase15h-r4-high-degree-aggregator-bias-replay-eps-ecmp-seed1401-load0p7,eps-ecmp,high-degree-aggregator-bias-replay,1401,408,0,0,6,0,eps,570000,31624,0.02946,,,false
phase15h-r4-high-degree-aggregator-bias-replay-eps-ecmp-seed1401-load0p7,eps-ecmp,high-degree-aggregator-bias-replay,1401,409,1,0,2,0,eps,528000,429336,0.02948,,,false
phase15h-r4-high-degree-aggregator-bias-replay-eps-ecmp-seed1401-load0p7,eps-ecmp,high-degree-aggregator-bias-replay,1401,410,2,0,3,0,eps,528000,299624,0.0295,,,false
phase15h-r4-high-degree-aggregator-bias-replay-eps-ecmp-seed1401-load0p7,eps-ecmp,high-degree-aggregator-bias-replay,1401,411,4,0,5,0,eps,528000,414328,0.02952,,,false
phase15h-r4-high-degree-aggregator-bias-replay-eps-ecmp-seed1401-load0p7,eps-ecmp,high-degree-aggregator-bias-replay,1401,412,5,0,6,0,eps,528000,262640,0.02954,,,false
phase15h-r4-high-degree-aggregator-bias-replay-eps-ecmp-seed1401-load0p7,eps-ecmp,high-degree-aggregator-bias-replay,1401,413,1,0,3,0,eps,432000,296944,0.02956,,,false
phase15h-r4-high-degree-aggregator-bias-replay-eps-ecmp-seed1401-load0p7,eps-ecmp,high-degree-aggregator-bias-replay,1401,414,4,0,6,0,eps,432000,262640,0.02958,,,false
phase15h-r4-high-degree-aggregator-bias-replay-eps-ecmp-seed1401-load0p7,eps-ecmp,high-degree-aggregator-bias-replay,1401,415,6,0,7,0,eps,240000,240000,0.0296,0.034578135,0.004978135,true
phase15h-r4-high-degree-aggregator-bias-replay-eps-ecmp-seed1401-load0p7,eps-ecmp,high-degree-aggregator-bias-replay,1401,416,0,0,1,0,eps,570000,101304,0.02962,,,false
phase15h-r4-high-degree-aggregator-bias-replay-eps-ecmp-seed1401-load0p7,eps-ecmp,high-degree-aggregator-bias-replay,1401,417,0,0,2,0,eps,570000,101304,0.02964,,,false
phase15h-r4-high-degree-aggregator-bias-replay-eps-ecmp-seed1401-load0p7,eps-ecmp,high-degree-aggregator-bias-replay,1401,418,0,0,3,0,eps,570000,101304,0.02966,,,false
phase15h-r4-high-degree-aggregator-bias-replay-eps-ecmp-seed1401-load0p7,eps-ecmp,high-degree-aggregator-bias-replay,1401,419,0,0,4,0,eps,570000,101304,0.02968,,,false
phase15h-r4-high-degree-aggregator-bias-replay-eps-ecmp-seed1401-load0p7,eps-ecmp,high-degree-aggregator-bias-replay,1401,420,0,0,5,0,eps,570000,100232,0.0297,,,false
phase15h-r4-high-degree-aggregator-bias-replay-eps-ecmp-seed1401-load0p7,eps-ecmp,high-degree-aggregator-bias-replay,1401,421,0,0,6,0,eps,570000,100232,0.02972,,,false
phase15h-r4-high-degree-aggregator-bias-replay-eps-ecmp-seed1401-load0p7,eps-ecmp,high-degree-aggregator-bias-replay,1401,422,1,0,2,0,eps,528000,422904,0.02974,,,false
phase15h-r4-high-degree-aggregator-bias-replay-eps-ecmp-seed1401-load0p7,eps-ecmp,high-degree-aggregator-bias-replay,1401,423,2,0,3,0,eps,528000,294264,0.02976,,,false
phase15h-r4-high-degree-aggregator-bias-replay-eps-ecmp-seed1401-load0p7,eps-ecmp,high-degree-aggregator-bias-replay,1401,424,4,0,5,0,eps,528000,407360,0.02978,,,false
phase15h-r4-high-degree-aggregator-bias-replay-eps-ecmp-seed1401-load0p7,eps-ecmp,high-degree-aggregator-bias-replay,1401,425,5,0,6,0,eps,528000,259960,0.0298,,,false
phase15h-r4-high-degree-aggregator-bias-replay-eps-ecmp-seed1401-load0p7,eps-ecmp,high-degree-aggregator-bias-replay,1401,426,1,0,3,0,eps,432000,291584,0.02982,,,false
phase15h-r4-high-degree-aggregator-bias-replay-eps-ecmp-seed1401-load0p7,eps-ecmp,high-degree-aggregator-bias-replay,1401,427,4,0,6,0,eps,432000,257280,0.02984,,,false
phase15h-r4-high-degree-aggregator-bias-replay-eps-ecmp-seed1401-load0p7,eps-ecmp,high-degree-aggregator-bias-replay,1401,428,6,0,7,0,eps,240000,240000,0.02986,0.034002774,0.004142774,true
phase15h-r4-high-degree-aggregator-bias-replay-eps-ecmp-seed1401-load0p7,eps-ecmp,high-degree-aggregator-bias-replay,1401,429,0,0,1,0,eps,798000,36984,0.0301,,,false
phase15h-r4-high-degree-aggregator-bias-replay-eps-ecmp-seed1401-load0p7,eps-ecmp,high-degree-aggregator-bias-replay,1401,430,0,0,2,0,eps,798000,91656,0.03012,,,false
phase15h-r4-high-degree-aggregator-bias-replay-eps-ecmp-seed1401-load0p7,eps-ecmp,high-degree-aggregator-bias-replay,1401,431,0,0,3,0,eps,1638000,41272,0.03014,,,false
phase15h-r4-high-degree-aggregator-bias-replay-eps-ecmp-seed1401-load0p7,eps-ecmp,high-degree-aggregator-bias-replay,1401,432,0,0,4,0,eps,798000,97016,0.03016,,,false
phase15h-r4-high-degree-aggregator-bias-replay-eps-ecmp-seed1401-load0p7,eps-ecmp,high-degree-aggregator-bias-replay,1401,433,0,0,5,0,eps,798000,15008,0.03018,,,false
phase15h-r4-high-degree-aggregator-bias-replay-eps-ecmp-seed1401-load0p7,eps-ecmp,high-degree-aggregator-bias-replay,1401,434,0,0,6,0,eps,798000,32160,0.0302,,,false
phase15h-r4-high-degree-aggregator-bias-replay-eps-ecmp-seed1401-load0p7,eps-ecmp,high-degree-aggregator-bias-replay,1401,435,1,0,2,0,eps,3744000,408968,0.03022,,,false
phase15h-r4-high-degree-aggregator-bias-replay-eps-ecmp-seed1401-load0p7,eps-ecmp,high-degree-aggregator-bias-replay,1401,436,2,0,3,0,eps,2544000,284616,0.03024,,,false
phase15h-r4-high-degree-aggregator-bias-replay-eps-ecmp-seed1401-load0p7,eps-ecmp,high-degree-aggregator-bias-replay,1401,437,4,0,5,0,eps,3744000,396640,0.03026,,,false
phase15h-r4-high-degree-aggregator-bias-replay-eps-ecmp-seed1401-load0p7,eps-ecmp,high-degree-aggregator-bias-replay,1401,438,5,0,6,0,eps,3744000,251920,0.03028,,,false
phase15h-r4-high-degree-aggregator-bias-replay-eps-ecmp-seed1401-load0p7,eps-ecmp,high-degree-aggregator-bias-replay,1401,439,1,0,3,0,eps,1728000,281936,0.0303,,,false
phase15h-r4-high-degree-aggregator-bias-replay-eps-ecmp-seed1401-load0p7,eps-ecmp,high-degree-aggregator-bias-replay,1401,440,4,0,6,0,eps,1728000,249240,0.03032,,,false
phase15h-r4-high-degree-aggregator-bias-replay-eps-ecmp-seed1401-load0p7,eps-ecmp,high-degree-aggregator-bias-replay,1401,441,6,0,7,0,eps,2832000,1005536,0.03034,,,false
phase15h-r4-high-degree-aggregator-bias-replay-eps-ecmp-seed1401-load0p7,eps-ecmp,high-degree-aggregator-bias-replay,1401,442,0,0,1,0,eps,798000,95944,0.03036,,,false
phase15h-r4-high-degree-aggregator-bias-replay-eps-ecmp-seed1401-load0p7,eps-ecmp,high-degree-aggregator-bias-replay,1401,443,0,0,2,0,eps,798000,95944,0.03038,,,false
phase15h-r4-high-degree-aggregator-bias-replay-eps-ecmp-seed1401-load0p7,eps-ecmp,high-degree-aggregator-bias-replay,1401,444,0,0,3,0,eps,1638000,59496,0.0304,,,false
phase15h-r4-high-degree-aggregator-bias-replay-eps-ecmp-seed1401-load0p7,eps-ecmp,high-degree-aggregator-bias-replay,1401,445,0,0,4,0,eps,798000,95944,0.03042,,,false
phase15h-r4-high-degree-aggregator-bias-replay-eps-ecmp-seed1401-load0p7,eps-ecmp,high-degree-aggregator-bias-replay,1401,446,0,0,5,0,eps,798000,95944,0.03044,,,false
phase15h-r4-high-degree-aggregator-bias-replay-eps-ecmp-seed1401-load0p7,eps-ecmp,high-degree-aggregator-bias-replay,1401,447,0,0,6,0,eps,798000,27336,0.03046,,,false
phase15h-r4-high-degree-aggregator-bias-replay-eps-ecmp-seed1401-load0p7,eps-ecmp,high-degree-aggregator-bias-replay,1401,448,1,0,2,0,eps,3744000,400928,0.03048,,,false
phase15h-r4-high-degree-aggregator-bias-replay-eps-ecmp-seed1401-load0p7,eps-ecmp,high-degree-aggregator-bias-replay,1401,449,2,0,3,0,eps,2544000,280328,0.0305,,,false
phase15h-r4-high-degree-aggregator-bias-replay-eps-ecmp-seed1401-load0p7,eps-ecmp,high-degree-aggregator-bias-replay,1401,450,4,0,5,0,eps,3744000,388600,0.03052,,,false
phase15h-r4-high-degree-aggregator-bias-replay-eps-ecmp-seed1401-load0p7,eps-ecmp,high-degree-aggregator-bias-replay,1401,451,5,0,6,0,eps,3744000,247632,0.03054,,,false
phase15h-r4-high-degree-aggregator-bias-replay-eps-ecmp-seed1401-load0p7,eps-ecmp,high-degree-aggregator-bias-replay,1401,452,1,0,3,0,eps,1728000,277648,0.03056,,,false
phase15h-r4-high-degree-aggregator-bias-replay-eps-ecmp-seed1401-load0p7,eps-ecmp,high-degree-aggregator-bias-replay,1401,453,4,0,6,0,eps,1728000,244952,0.03058,,,false
phase15h-r4-high-degree-aggregator-bias-replay-eps-ecmp-seed1401-load0p7,eps-ecmp,high-degree-aggregator-bias-replay,1401,454,6,0,7,0,eps,2832000,991600,0.0306,,,false
phase15h-r4-high-degree-aggregator-bias-replay-eps-ecmp-seed1401-load0p7,eps-ecmp,high-degree-aggregator-bias-replay,1401,455,0,0,1,0,eps,798000,94336,0.03062,,,false
phase15h-r4-high-degree-aggregator-bias-replay-eps-ecmp-seed1401-load0p7,eps-ecmp,high-degree-aggregator-bias-replay,1401,456,0,0,2,0,eps,798000,34304,0.03064,,,false
phase15h-r4-high-degree-aggregator-bias-replay-eps-ecmp-seed1401-load0p7,eps-ecmp,high-degree-aggregator-bias-replay,1401,457,0,0,3,0,eps,1638000,61104,0.03066,,,false
phase15h-r4-high-degree-aggregator-bias-replay-eps-ecmp-seed1401-load0p7,eps-ecmp,high-degree-aggregator-bias-replay,1401,458,0,0,4,0,eps,798000,60568,0.03068,,,false
phase15h-r4-high-degree-aggregator-bias-replay-eps-ecmp-seed1401-load0p7,eps-ecmp,high-degree-aggregator-bias-replay,1401,459,0,0,5,0,eps,798000,94336,0.0307,,,false
phase15h-r4-high-degree-aggregator-bias-replay-eps-ecmp-seed1401-load0p7,eps-ecmp,high-degree-aggregator-bias-replay,1401,460,0,0,6,0,eps,798000,39664,0.03072,,,false
phase15h-r4-high-degree-aggregator-bias-replay-eps-ecmp-seed1401-load0p7,eps-ecmp,high-degree-aggregator-bias-replay,1401,461,1,0,2,0,eps,3744000,393960,0.03074,,,false
phase15h-r4-high-degree-aggregator-bias-replay-eps-ecmp-seed1401-load0p7,eps-ecmp,high-degree-aggregator-bias-replay,1401,462,2,0,3,0,eps,2544000,274968,0.03076,,,false
phase15h-r4-high-degree-aggregator-bias-replay-eps-ecmp-seed1401-load0p7,eps-ecmp,high-degree-aggregator-bias-replay,1401,463,4,0,5,0,eps,3744000,377880,0.03078,,,false
phase15h-r4-high-degree-aggregator-bias-replay-eps-ecmp-seed1401-load0p7,eps-ecmp,high-degree-aggregator-bias-replay,1401,464,5,0,6,0,eps,3744000,201000,0.0308,,,false
phase15h-r4-high-degree-aggregator-bias-replay-eps-ecmp-seed1401-load0p7,eps-ecmp,high-degree-aggregator-bias-replay,1401,465,1,0,3,0,eps,1728000,272288,0.03082,,,false
phase15h-r4-high-degree-aggregator-bias-replay-eps-ecmp-seed1401-load0p7,eps-ecmp,high-degree-aggregator-bias-replay,1401,466,4,0,6,0,eps,1728000,239592,0.03084,,,false
phase15h-r4-high-degree-aggregator-bias-replay-eps-ecmp-seed1401-load0p7,eps-ecmp,high-degree-aggregator-bias-replay,1401,467,6,0,7,0,eps,2832000,1012504,0.03086,,,false
phase15h-r4-high-degree-aggregator-bias-replay-eps-ecmp-seed1401-load0p7,eps-ecmp,high-degree-aggregator-bias-replay,1401,468,0,0,1,0,eps,570000,73968,0.0341,,,false
phase15h-r4-high-degree-aggregator-bias-replay-eps-ecmp-seed1401-load0p7,eps-ecmp,high-degree-aggregator-bias-replay,1401,469,0,0,2,0,eps,570000,73968,0.03412,,,false
phase15h-r4-high-degree-aggregator-bias-replay-eps-ecmp-seed1401-load0p7,eps-ecmp,high-degree-aggregator-bias-replay,1401,470,0,0,3,0,eps,570000,73968,0.03414,,,false
phase15h-r4-high-degree-aggregator-bias-replay-eps-ecmp-seed1401-load0p7,eps-ecmp,high-degree-aggregator-bias-replay,1401,471,0,0,4,0,eps,570000,73968,0.03416,,,false
phase15h-r4-high-degree-aggregator-bias-replay-eps-ecmp-seed1401-load0p7,eps-ecmp,high-degree-aggregator-bias-replay,1401,472,0,0,5,0,eps,570000,72896,0.03418,,,false
phase15h-r4-high-degree-aggregator-bias-replay-eps-ecmp-seed1401-load0p7,eps-ecmp,high-degree-aggregator-bias-replay,1401,473,0,0,6,0,eps,570000,68608,0.0342,,,false
phase15h-r4-high-degree-aggregator-bias-replay-eps-ecmp-seed1401-load0p7,eps-ecmp,high-degree-aggregator-bias-replay,1401,474,1,0,2,0,eps,528000,304984,0.03422,,,false
phase15h-r4-high-degree-aggregator-bias-replay-eps-ecmp-seed1401-load0p7,eps-ecmp,high-degree-aggregator-bias-replay,1401,475,2,0,3,0,eps,528000,214936,0.03424,,,false
phase15h-r4-high-degree-aggregator-bias-replay-eps-ecmp-seed1401-load0p7,eps-ecmp,high-degree-aggregator-bias-replay,1401,476,4,0,5,0,eps,528000,296944,0.03426,,,false
phase15h-r4-high-degree-aggregator-bias-replay-eps-ecmp-seed1401-load0p7,eps-ecmp,high-degree-aggregator-bias-replay,1401,477,5,0,6,0,eps,528000,187600,0.03428,,,false
phase15h-r4-high-degree-aggregator-bias-replay-eps-ecmp-seed1401-load0p7,eps-ecmp,high-degree-aggregator-bias-replay,1401,478,1,0,3,0,eps,432000,125424,0.0343,,,false
phase15h-r4-high-degree-aggregator-bias-replay-eps-ecmp-seed1401-load0p7,eps-ecmp,high-degree-aggregator-bias-replay,1401,479,4,0,6,0,eps,432000,187600,0.03432,,,false
phase15h-r4-high-degree-aggregator-bias-replay-eps-ecmp-seed1401-load0p7,eps-ecmp,high-degree-aggregator-bias-replay,1401,480,6,0,7,0,eps,240000,240000,0.03434,0.039909629,0.005569629,true
phase15h-r4-high-degree-aggregator-bias-replay-eps-ecmp-seed1401-load0p7,eps-ecmp,high-degree-aggregator-bias-replay,1401,481,0,0,1,0,eps,570000,33232,0.03436,,,false
phase15h-r4-high-degree-aggregator-bias-replay-eps-ecmp-seed1401-load0p7,eps-ecmp,high-degree-aggregator-bias-replay,1401,482,0,0,2,0,eps,570000,72896,0.03438,,,false
phase15h-r4-high-degree-aggregator-bias-replay-eps-ecmp-seed1401-load0p7,eps-ecmp,high-degree-aggregator-bias-replay,1401,483,0,0,3,0,eps,570000,71288,0.0344,,,false
phase15h-r4-high-degree-aggregator-bias-replay-eps-ecmp-seed1401-load0p7,eps-ecmp,high-degree-aggregator-bias-replay,1401,484,0,0,4,0,eps,570000,24656,0.03442,,,false
phase15h-r4-high-degree-aggregator-bias-replay-eps-ecmp-seed1401-load0p7,eps-ecmp,high-degree-aggregator-bias-replay,1401,485,0,0,5,0,eps,570000,71288,0.03444,,,false
phase15h-r4-high-degree-aggregator-bias-replay-eps-ecmp-seed1401-load0p7,eps-ecmp,high-degree-aggregator-bias-replay,1401,486,0,0,6,0,eps,570000,71288,0.03446,,,false
phase15h-r4-high-degree-aggregator-bias-replay-eps-ecmp-seed1401-load0p7,eps-ecmp,high-degree-aggregator-bias-replay,1401,487,1,0,2,0,eps,528000,298552,0.03448,,,false
phase15h-r4-high-degree-aggregator-bias-replay-eps-ecmp-seed1401-load0p7,eps-ecmp,high-degree-aggregator-bias-replay,1401,488,2,0,3,0,eps,528000,210648,0.0345,,,false
phase15h-r4-high-degree-aggregator-bias-replay-eps-ecmp-seed1401-load0p7,eps-ecmp,high-degree-aggregator-bias-replay,1401,489,4,0,5,0,eps,528000,290512,0.03452,,,false
phase15h-r4-high-degree-aggregator-bias-replay-eps-ecmp-seed1401-load0p7,eps-ecmp,high-degree-aggregator-bias-replay,1401,490,5,0,6,0,eps,528000,184920,0.03454,,,false
phase15h-r4-high-degree-aggregator-bias-replay-eps-ecmp-seed1401-load0p7,eps-ecmp,high-degree-aggregator-bias-replay,1401,491,1,0,3,0,eps,432000,57352,0.03456,,,false
phase15h-r4-high-degree-aggregator-bias-replay-eps-ecmp-seed1401-load0p7,eps-ecmp,high-degree-aggregator-bias-replay,1401,492,4,0,6,0,eps,432000,121136,0.03458,,,false
phase15h-r4-high-degree-aggregator-bias-replay-eps-ecmp-seed1401-load0p7,eps-ecmp,high-degree-aggregator-bias-replay,1401,493,6,0,7,0,eps,240000,240000,0.0346,0.039824872,0.005224872,true
phase15h-r4-high-degree-aggregator-bias-replay-eps-ecmp-seed1401-load0p7,eps-ecmp,high-degree-aggregator-bias-replay,1401,494,0,0,1,0,eps,570000,15008,0.03462,,,false
phase15h-r4-high-degree-aggregator-bias-replay-eps-ecmp-seed1401-load0p7,eps-ecmp,high-degree-aggregator-bias-replay,1401,495,0,0,2,0,eps,570000,7504,0.03464,,,false
phase15h-r4-high-degree-aggregator-bias-replay-eps-ecmp-seed1401-load0p7,eps-ecmp,high-degree-aggregator-bias-replay,1401,496,0,0,3,0,eps,570000,16616,0.03466,,,false
phase15h-r4-high-degree-aggregator-bias-replay-eps-ecmp-seed1401-load0p7,eps-ecmp,high-degree-aggregator-bias-replay,1401,497,0,0,4,0,eps,570000,69680,0.03468,,,false
phase15h-r4-high-degree-aggregator-bias-replay-eps-ecmp-seed1401-load0p7,eps-ecmp,high-degree-aggregator-bias-replay,1401,498,0,0,5,0,eps,570000,69680,0.0347,,,false
phase15h-r4-high-degree-aggregator-bias-replay-eps-ecmp-seed1401-load0p7,eps-ecmp,high-degree-aggregator-bias-replay,1401,499,0,0,6,0,eps,570000,69680,0.03472,,,false
phase15h-r4-high-degree-aggregator-bias-replay-eps-ecmp-seed1401-load0p7,eps-ecmp,high-degree-aggregator-bias-replay,1401,500,1,0,2,0,eps,528000,292656,0.03474,,,false
phase15h-r4-high-degree-aggregator-bias-replay-eps-ecmp-seed1401-load0p7,eps-ecmp,high-degree-aggregator-bias-replay,1401,501,2,0,3,0,eps,528000,206896,0.03476,,,false
phase15h-r4-high-degree-aggregator-bias-replay-eps-ecmp-seed1401-load0p7,eps-ecmp,high-degree-aggregator-bias-replay,1401,502,4,0,5,0,eps,528000,284616,0.03478,,,false
phase15h-r4-high-degree-aggregator-bias-replay-eps-ecmp-seed1401-load0p7,eps-ecmp,high-degree-aggregator-bias-replay,1401,503,5,0,6,0,eps,528000,182240,0.0348,,,false
phase15h-r4-high-degree-aggregator-bias-replay-eps-ecmp-seed1401-load0p7,eps-ecmp,high-degree-aggregator-bias-replay,1401,504,1,0,3,0,eps,432000,134000,0.03482,,,false
phase15h-r4-high-degree-aggregator-bias-replay-eps-ecmp-seed1401-load0p7,eps-ecmp,high-degree-aggregator-bias-replay,1401,505,4,0,6,0,eps,432000,177952,0.03484,,,false
phase15h-r4-high-degree-aggregator-bias-replay-eps-ecmp-seed1401-load0p7,eps-ecmp,high-degree-aggregator-bias-replay,1401,506,6,0,7,0,eps,240000,240000,0.03486,0.039523497,0.004663497,true
phase15h-r4-high-degree-aggregator-bias-replay-eps-ecmp-seed1401-load0p7,eps-ecmp,high-degree-aggregator-bias-replay,1401,507,0,0,1,0,eps,798000,68608,0.0351,,,false
phase15h-r4-high-degree-aggregator-bias-replay-eps-ecmp-seed1401-load0p7,eps-ecmp,high-degree-aggregator-bias-replay,1401,508,0,0,2,0,eps,798000,68608,0.03512,,,false
phase15h-r4-high-degree-aggregator-bias-replay-eps-ecmp-seed1401-load0p7,eps-ecmp,high-degree-aggregator-bias-replay,1401,509,0,0,3,0,eps,1638000,67000,0.03514,,,false
phase15h-r4-high-degree-aggregator-bias-replay-eps-ecmp-seed1401-load0p7,eps-ecmp,high-degree-aggregator-bias-replay,1401,510,0,0,4,0,eps,798000,15008,0.03516,,,false
phase15h-r4-high-degree-aggregator-bias-replay-eps-ecmp-seed1401-load0p7,eps-ecmp,high-degree-aggregator-bias-replay,1401,511,0,0,5,0,eps,798000,67000,0.03518,,,false
phase15h-r4-high-degree-aggregator-bias-replay-eps-ecmp-seed1401-load0p7,eps-ecmp,high-degree-aggregator-bias-replay,1401,512,0,0,6,0,eps,798000,67000,0.0352,,,false
phase15h-r4-high-degree-aggregator-bias-replay-eps-ecmp-seed1401-load0p7,eps-ecmp,high-degree-aggregator-bias-replay,1401,513,1,0,2,0,eps,3744000,281936,0.03522,,,false
phase15h-r4-high-degree-aggregator-bias-replay-eps-ecmp-seed1401-load0p7,eps-ecmp,high-degree-aggregator-bias-replay,1401,514,2,0,3,0,eps,2544000,198320,0.03524,,,false
phase15h-r4-high-degree-aggregator-bias-replay-eps-ecmp-seed1401-load0p7,eps-ecmp,high-degree-aggregator-bias-replay,1401,515,4,0,5,0,eps,3744000,274968,0.03526,,,false
phase15h-r4-high-degree-aggregator-bias-replay-eps-ecmp-seed1401-load0p7,eps-ecmp,high-degree-aggregator-bias-replay,1401,516,5,0,6,0,eps,3744000,172592,0.03528,,,false
phase15h-r4-high-degree-aggregator-bias-replay-eps-ecmp-seed1401-load0p7,eps-ecmp,high-degree-aggregator-bias-replay,1401,517,1,0,3,0,eps,1728000,86832,0.0353,,,false
phase15h-r4-high-degree-aggregator-bias-replay-eps-ecmp-seed1401-load0p7,eps-ecmp,high-degree-aggregator-bias-replay,1401,518,4,0,6,0,eps,1728000,172592,0.03532,,,false
phase15h-r4-high-degree-aggregator-bias-replay-eps-ecmp-seed1401-load0p7,eps-ecmp,high-degree-aggregator-bias-replay,1401,519,6,0,7,0,eps,2832000,693584,0.03534,,,false
phase15h-r4-high-degree-aggregator-bias-replay-eps-ecmp-seed1401-load0p7,eps-ecmp,high-degree-aggregator-bias-replay,1401,520,0,0,1,0,eps,798000,67000,0.03536,,,false
phase15h-r4-high-degree-aggregator-bias-replay-eps-ecmp-seed1401-load0p7,eps-ecmp,high-degree-aggregator-bias-replay,1401,521,0,0,2,0,eps,798000,67000,0.03538,,,false
phase15h-r4-high-degree-aggregator-bias-replay-eps-ecmp-seed1401-load0p7,eps-ecmp,high-degree-aggregator-bias-replay,1401,522,0,0,3,0,eps,1638000,65928,0.0354,,,false
phase15h-r4-high-degree-aggregator-bias-replay-eps-ecmp-seed1401-load0p7,eps-ecmp,high-degree-aggregator-bias-replay,1401,523,0,0,4,0,eps,798000,65928,0.03542,,,false
phase15h-r4-high-degree-aggregator-bias-replay-eps-ecmp-seed1401-load0p7,eps-ecmp,high-degree-aggregator-bias-replay,1401,524,0,0,5,0,eps,798000,15008,0.03544,,,false
phase15h-r4-high-degree-aggregator-bias-replay-eps-ecmp-seed1401-load0p7,eps-ecmp,high-degree-aggregator-bias-replay,1401,525,0,0,6,0,eps,798000,16616,0.03546,,,false
phase15h-r4-high-degree-aggregator-bias-replay-eps-ecmp-seed1401-load0p7,eps-ecmp,high-degree-aggregator-bias-replay,1401,526,1,0,2,0,eps,3744000,274968,0.03548,,,false
phase15h-r4-high-degree-aggregator-bias-replay-eps-ecmp-seed1401-load0p7,eps-ecmp,high-degree-aggregator-bias-replay,1401,527,2,0,3,0,eps,2544000,194568,0.0355,,,false
phase15h-r4-high-degree-aggregator-bias-replay-eps-ecmp-seed1401-load0p7,eps-ecmp,high-degree-aggregator-bias-replay,1401,528,4,0,5,0,eps,3744000,269608,0.03552,,,false
phase15h-r4-high-degree-aggregator-bias-replay-eps-ecmp-seed1401-load0p7,eps-ecmp,high-degree-aggregator-bias-replay,1401,529,5,0,6,0,eps,3744000,169912,0.03554,,,false
phase15h-r4-high-degree-aggregator-bias-replay-eps-ecmp-seed1401-load0p7,eps-ecmp,high-degree-aggregator-bias-replay,1401,530,1,0,3,0,eps,1728000,191888,0.03556,,,false
phase15h-r4-high-degree-aggregator-bias-replay-eps-ecmp-seed1401-load0p7,eps-ecmp,high-degree-aggregator-bias-replay,1401,531,4,0,6,0,eps,1728000,167232,0.03558,,,false
phase15h-r4-high-degree-aggregator-bias-replay-eps-ecmp-seed1401-load0p7,eps-ecmp,high-degree-aggregator-bias-replay,1401,532,6,0,7,0,eps,2832000,579416,0.0356,,,false
phase15h-r4-high-degree-aggregator-bias-replay-eps-ecmp-seed1401-load0p7,eps-ecmp,high-degree-aggregator-bias-replay,1401,533,0,0,1,0,eps,798000,65928,0.03562,,,false
phase15h-r4-high-degree-aggregator-bias-replay-eps-ecmp-seed1401-load0p7,eps-ecmp,high-degree-aggregator-bias-replay,1401,534,0,0,2,0,eps,798000,64320,0.03564,,,false
phase15h-r4-high-degree-aggregator-bias-replay-eps-ecmp-seed1401-load0p7,eps-ecmp,high-degree-aggregator-bias-replay,1401,535,0,0,3,0,eps,1638000,64320,0.03566,,,false
phase15h-r4-high-degree-aggregator-bias-replay-eps-ecmp-seed1401-load0p7,eps-ecmp,high-degree-aggregator-bias-replay,1401,536,0,0,4,0,eps,798000,64320,0.03568,,,false
phase15h-r4-high-degree-aggregator-bias-replay-eps-ecmp-seed1401-load0p7,eps-ecmp,high-degree-aggregator-bias-replay,1401,537,0,0,5,0,eps,798000,64320,0.0357,,,false
phase15h-r4-high-degree-aggregator-bias-replay-eps-ecmp-seed1401-load0p7,eps-ecmp,high-degree-aggregator-bias-replay,1401,538,0,0,6,0,eps,798000,64320,0.03572,,,false
phase15h-r4-high-degree-aggregator-bias-replay-eps-ecmp-seed1401-load0p7,eps-ecmp,high-degree-aggregator-bias-replay,1401,539,1,0,2,0,eps,3744000,254600,0.03574,,,false
phase15h-r4-high-degree-aggregator-bias-replay-eps-ecmp-seed1401-load0p7,eps-ecmp,high-degree-aggregator-bias-replay,1401,540,2,0,3,0,eps,2544000,69680,0.03576,,,false
phase15h-r4-high-degree-aggregator-bias-replay-eps-ecmp-seed1401-load0p7,eps-ecmp,high-degree-aggregator-bias-replay,1401,541,4,0,5,0,eps,3744000,163480,0.03578,,,false
phase15h-r4-high-degree-aggregator-bias-replay-eps-ecmp-seed1401-load0p7,eps-ecmp,high-degree-aggregator-bias-replay,1401,542,5,0,6,0,eps,3744000,167232,0.0358,,,false
phase15h-r4-high-degree-aggregator-bias-replay-eps-ecmp-seed1401-load0p7,eps-ecmp,high-degree-aggregator-bias-replay,1401,543,1,0,3,0,eps,1728000,187600,0.03582,,,false
phase15h-r4-high-degree-aggregator-bias-replay-eps-ecmp-seed1401-load0p7,eps-ecmp,high-degree-aggregator-bias-replay,1401,544,4,0,6,0,eps,1728000,137216,0.03584,,,false
phase15h-r4-high-degree-aggregator-bias-replay-eps-ecmp-seed1401-load0p7,eps-ecmp,high-degree-aggregator-bias-replay,1401,545,6,0,7,0,eps,2832000,98088,0.03586,,,false
phase15h-r4-high-degree-aggregator-bias-replay-eps-ecmp-seed1401-load0p7,eps-ecmp,high-degree-aggregator-bias-replay,1401,546,0,0,1,0,eps,570000,46632,0.0391,,,false
phase15h-r4-high-degree-aggregator-bias-replay-eps-ecmp-seed1401-load0p7,eps-ecmp,high-degree-aggregator-bias-replay,1401,547,0,0,2,0,eps,570000,46632,0.03912,,,false
phase15h-r4-high-degree-aggregator-bias-replay-eps-ecmp-seed1401-load0p7,eps-ecmp,high-degree-aggregator-bias-replay,1401,548,0,0,3,0,eps,570000,46632,0.03914,,,false
phase15h-r4-high-degree-aggregator-bias-replay-eps-ecmp-seed1401-load0p7,eps-ecmp,high-degree-aggregator-bias-replay,1401,549,0,0,4,0,eps,570000,31624,0.03916,,,false
phase15h-r4-high-degree-aggregator-bias-replay-eps-ecmp-seed1401-load0p7,eps-ecmp,high-degree-aggregator-bias-replay,1401,550,0,0,5,0,eps,570000,46632,0.03918,,,false
phase15h-r4-high-degree-aggregator-bias-replay-eps-ecmp-seed1401-load0p7,eps-ecmp,high-degree-aggregator-bias-replay,1401,551,0,0,6,0,eps,570000,46632,0.0392,,,false
phase15h-r4-high-degree-aggregator-bias-replay-eps-ecmp-seed1401-load0p7,eps-ecmp,high-degree-aggregator-bias-replay,1401,552,1,0,2,0,eps,528000,191888,0.03922,,,false
phase15h-r4-high-degree-aggregator-bias-replay-eps-ecmp-seed1401-load0p7,eps-ecmp,high-degree-aggregator-bias-replay,1401,553,2,0,3,0,eps,528000,135608,0.03924,,,false
phase15h-r4-high-degree-aggregator-bias-replay-eps-ecmp-seed1401-load0p7,eps-ecmp,high-degree-aggregator-bias-replay,1401,554,4,0,5,0,eps,528000,188672,0.03926,,,false
phase15h-r4-high-degree-aggregator-bias-replay-eps-ecmp-seed1401-load0p7,eps-ecmp,high-degree-aggregator-bias-replay,1401,555,5,0,6,0,eps,528000,120600,0.03928,,,false
phase15h-r4-high-degree-aggregator-bias-replay-eps-ecmp-seed1401-load0p7,eps-ecmp,high-degree-aggregator-bias-replay,1401,556,1,0,3,0,eps,432000,134000,0.0393,,,false
phase15h-r4-high-degree-aggregator-bias-replay-eps-ecmp-seed1401-load0p7,eps-ecmp,high-degree-aggregator-bias-replay,1401,557,4,0,6,0,eps,432000,118992,0.03932,,,false
phase15h-r4-high-degree-aggregator-bias-replay-eps-ecmp-seed1401-load0p7,eps-ecmp,high-degree-aggregator-bias-replay,1401,558,6,0,7,0,eps,240000,240000,0.03934,0.045141181,0.005801181,true
phase15h-r4-high-degree-aggregator-bias-replay-eps-ecmp-seed1401-load0p7,eps-ecmp,high-degree-aggregator-bias-replay,1401,559,0,0,1,0,eps,570000,45024,0.03936,,,false
phase15h-r4-high-degree-aggregator-bias-replay-eps-ecmp-seed1401-load0p7,eps-ecmp,high-degree-aggregator-bias-replay,1401,560,0,0,2,0,eps,570000,45024,0.03938,,,false
phase15h-r4-high-degree-aggregator-bias-replay-eps-ecmp-seed1401-load0p7,eps-ecmp,high-degree-aggregator-bias-replay,1401,561,0,0,3,0,eps,570000,45024,0.0394,,,false
phase15h-r4-high-degree-aggregator-bias-replay-eps-ecmp-seed1401-load0p7,eps-ecmp,high-degree-aggregator-bias-replay,1401,562,0,0,4,0,eps,570000,45024,0.03942,,,false
phase15h-r4-high-degree-aggregator-bias-replay-eps-ecmp-seed1401-load0p7,eps-ecmp,high-degree-aggregator-bias-replay,1401,563,0,0,5,0,eps,570000,5360,0.03944,,,false
phase15h-r4-high-degree-aggregator-bias-replay-eps-ecmp-seed1401-load0p7,eps-ecmp,high-degree-aggregator-bias-replay,1401,564,0,0,6,0,eps,570000,45024,0.03946,,,false
phase15h-r4-high-degree-aggregator-bias-replay-eps-ecmp-seed1401-load0p7,eps-ecmp,high-degree-aggregator-bias-replay,1401,565,1,0,2,0,eps,528000,185992,0.03948,,,false
phase15h-r4-high-degree-aggregator-bias-replay-eps-ecmp-seed1401-load0p7,eps-ecmp,high-degree-aggregator-bias-replay,1401,566,2,0,3,0,eps,528000,132928,0.0395,,,false
phase15h-r4-high-degree-aggregator-bias-replay-eps-ecmp-seed1401-load0p7,eps-ecmp,high-degree-aggregator-bias-replay,1401,567,4,0,5,0,eps,528000,181704,0.03952,,,false
phase15h-r4-high-degree-aggregator-bias-replay-eps-ecmp-seed1401-load0p7,eps-ecmp,high-degree-aggregator-bias-replay,1401,568,5,0,6,0,eps,528000,117920,0.03954,,,false
phase15h-r4-high-degree-aggregator-bias-replay-eps-ecmp-seed1401-load0p7,eps-ecmp,high-degree-aggregator-bias-replay,1401,569,1,0,3,0,eps,432000,130248,0.03956,,,false
phase15h-r4-high-degree-aggregator-bias-replay-eps-ecmp-seed1401-load0p7,eps-ecmp,high-degree-aggregator-bias-replay,1401,570,4,0,6,0,eps,432000,115240,0.03958,,,false
phase15h-r4-high-degree-aggregator-bias-replay-eps-ecmp-seed1401-load0p7,eps-ecmp,high-degree-aggregator-bias-replay,1401,571,6,0,7,0,eps,240000,240000,0.0396,0.045412914,0.005812914,true
phase15h-r4-high-degree-aggregator-bias-replay-eps-ecmp-seed1401-load0p7,eps-ecmp,high-degree-aggregator-bias-replay,1401,572,0,0,1,0,eps,570000,43952,0.03962,,,false
phase15h-r4-high-degree-aggregator-bias-replay-eps-ecmp-seed1401-load0p7,eps-ecmp,high-degree-aggregator-bias-replay,1401,573,0,0,2,0,eps,570000,43952,0.03964,,,false
phase15h-r4-high-degree-aggregator-bias-replay-eps-ecmp-seed1401-load0p7,eps-ecmp,high-degree-aggregator-bias-replay,1401,574,0,0,3,0,eps,570000,15008,0.03966,,,false
phase15h-r4-high-degree-aggregator-bias-replay-eps-ecmp-seed1401-load0p7,eps-ecmp,high-degree-aggregator-bias-replay,1401,575,0,0,4,0,eps,570000,43952,0.03968,,,false
phase15h-r4-high-degree-aggregator-bias-replay-eps-ecmp-seed1401-load0p7,eps-ecmp,high-degree-aggregator-bias-replay,1401,576,0,0,5,0,eps,570000,5360,0.0397,,,false
phase15h-r4-high-degree-aggregator-bias-replay-eps-ecmp-seed1401-load0p7,eps-ecmp,high-degree-aggregator-bias-replay,1401,577,0,0,6,0,eps,570000,43952,0.03972,,,false
phase15h-r4-high-degree-aggregator-bias-replay-eps-ecmp-seed1401-load0p7,eps-ecmp,high-degree-aggregator-bias-replay,1401,578,1,0,2,0,eps,528000,180632,0.03974,,,false
phase15h-r4-high-degree-aggregator-bias-replay-eps-ecmp-seed1401-load0p7,eps-ecmp,high-degree-aggregator-bias-replay,1401,579,2,0,3,0,eps,528000,128640,0.03976,,,false
phase15h-r4-high-degree-aggregator-bias-replay-eps-ecmp-seed1401-load0p7,eps-ecmp,high-degree-aggregator-bias-replay,1401,580,4,0,5,0,eps,528000,177952,0.03978,,,false
phase15h-r4-high-degree-aggregator-bias-replay-eps-ecmp-seed1401-load0p7,eps-ecmp,high-degree-aggregator-bias-replay,1401,581,5,0,6,0,eps,528000,113632,0.0398,,,false
phase15h-r4-high-degree-aggregator-bias-replay-eps-ecmp-seed1401-load0p7,eps-ecmp,high-degree-aggregator-bias-replay,1401,582,1,0,3,0,eps,432000,94336,0.03982,,,false
phase15h-r4-high-degree-aggregator-bias-replay-eps-ecmp-seed1401-load0p7,eps-ecmp,high-degree-aggregator-bias-replay,1401,583,4,0,6,0,eps,432000,97016,0.03984,,,false
phase15h-r4-high-degree-aggregator-bias-replay-eps-ecmp-seed1401-load0p7,eps-ecmp,high-degree-aggregator-bias-replay,1401,584,6,0,7,0,eps,240000,240000,0.03986,0.045249959,0.005389959,true
phase15h-r4-high-degree-aggregator-bias-replay-eps-ecmp-seed1401-load0p7,eps-ecmp,high-degree-aggregator-bias-replay,1401,585,0,0,1,0,eps,798000,42344,0.0401,,,false
phase15h-r4-high-degree-aggregator-bias-replay-eps-ecmp-seed1401-load0p7,eps-ecmp,high-degree-aggregator-bias-replay,1401,586,0,0,2,0,eps,798000,41272,0.04012,,,false
phase15h-r4-high-degree-aggregator-bias-replay-eps-ecmp-seed1401-load0p7,eps-ecmp,high-degree-aggregator-bias-replay,1401,587,0,0,3,0,eps,1638000,41272,0.04014,,,false
phase15h-r4-high-degree-aggregator-bias-replay-eps-ecmp-seed1401-load0p7,eps-ecmp,high-degree-aggregator-bias-replay,1401,588,0,0,4,0,eps,798000,41272,0.04016,,,false
phase15h-r4-high-degree-aggregator-bias-replay-eps-ecmp-seed1401-load0p7,eps-ecmp,high-degree-aggregator-bias-replay,1401,589,0,0,5,0,eps,798000,41272,0.04018,,,false
phase15h-r4-high-degree-aggregator-bias-replay-eps-ecmp-seed1401-load0p7,eps-ecmp,high-degree-aggregator-bias-replay,1401,590,0,0,6,0,eps,798000,41272,0.0402,,,false
phase15h-r4-high-degree-aggregator-bias-replay-eps-ecmp-seed1401-load0p7,eps-ecmp,high-degree-aggregator-bias-replay,1401,591,1,0,2,0,eps,3744000,169912,0.04022,,,false
phase15h-r4-high-degree-aggregator-bias-replay-eps-ecmp-seed1401-load0p7,eps-ecmp,high-degree-aggregator-bias-replay,1401,592,2,0,3,0,eps,2544000,0,0.04024,,,false
phase15h-r4-high-degree-aggregator-bias-replay-eps-ecmp-seed1401-load0p7,eps-ecmp,high-degree-aggregator-bias-replay,1401,593,4,0,5,0,eps,3744000,168304,0.04026,,,false
phase15h-r4-high-degree-aggregator-bias-replay-eps-ecmp-seed1401-load0p7,eps-ecmp,high-degree-aggregator-bias-replay,1401,594,5,0,6,0,eps,3744000,108272,0.04028,,,false
phase15h-r4-high-degree-aggregator-bias-replay-eps-ecmp-seed1401-load0p7,eps-ecmp,high-degree-aggregator-bias-replay,1401,595,1,0,3,0,eps,1728000,118992,0.0403,,,false
phase15h-r4-high-degree-aggregator-bias-replay-eps-ecmp-seed1401-load0p7,eps-ecmp,high-degree-aggregator-bias-replay,1401,596,4,0,6,0,eps,1728000,106664,0.04032,,,false
phase15h-r4-high-degree-aggregator-bias-replay-eps-ecmp-seed1401-load0p7,eps-ecmp,high-degree-aggregator-bias-replay,1401,597,6,0,7,0,eps,2832000,426120,0.04034,,,false
phase15h-r4-high-degree-aggregator-bias-replay-eps-ecmp-seed1401-load0p7,eps-ecmp,high-degree-aggregator-bias-replay,1401,598,0,0,1,0,eps,798000,41272,0.04036,,,false
phase15h-r4-high-degree-aggregator-bias-replay-eps-ecmp-seed1401-load0p7,eps-ecmp,high-degree-aggregator-bias-replay,1401,599,0,0,2,0,eps,798000,41272,0.04038,,,false
phase15h-r4-high-degree-aggregator-bias-replay-eps-ecmp-seed1401-load0p7,eps-ecmp,high-degree-aggregator-bias-replay,1401,600,0,0,3,0,eps,1638000,31624,0.0404,,,false
phase15h-r4-high-degree-aggregator-bias-replay-eps-ecmp-seed1401-load0p7,eps-ecmp,high-degree-aggregator-bias-replay,1401,601,0,0,4,0,eps,798000,39664,0.04042,,,false
phase15h-r4-high-degree-aggregator-bias-replay-eps-ecmp-seed1401-load0p7,eps-ecmp,high-degree-aggregator-bias-replay,1401,602,0,0,5,0,eps,798000,6968,0.04044,,,false
phase15h-r4-high-degree-aggregator-bias-replay-eps-ecmp-seed1401-load0p7,eps-ecmp,high-degree-aggregator-bias-replay,1401,603,0,0,6,0,eps,798000,0,0.04046,,,false
phase15h-r4-high-degree-aggregator-bias-replay-eps-ecmp-seed1401-load0p7,eps-ecmp,high-degree-aggregator-bias-replay,1401,604,1,0,2,0,eps,3744000,165624,0.04048,,,false
phase15h-r4-high-degree-aggregator-bias-replay-eps-ecmp-seed1401-load0p7,eps-ecmp,high-degree-aggregator-bias-replay,1401,605,2,0,3,0,eps,2544000,117920,0.0405,,,false
phase15h-r4-high-degree-aggregator-bias-replay-eps-ecmp-seed1401-load0p7,eps-ecmp,high-degree-aggregator-bias-replay,1401,606,4,0,5,0,eps,3744000,162944,0.04052,,,false
phase15h-r4-high-degree-aggregator-bias-replay-eps-ecmp-seed1401-load0p7,eps-ecmp,high-degree-aggregator-bias-replay,1401,607,5,0,6,0,eps,3744000,102912,0.04054,,,false
phase15h-r4-high-degree-aggregator-bias-replay-eps-ecmp-seed1401-load0p7,eps-ecmp,high-degree-aggregator-bias-replay,1401,608,1,0,3,0,eps,1728000,116312,0.04056,,,false
phase15h-r4-high-degree-aggregator-bias-replay-eps-ecmp-seed1401-load0p7,eps-ecmp,high-degree-aggregator-bias-replay,1401,609,4,0,6,0,eps,1728000,102912,0.04058,,,false
phase15h-r4-high-degree-aggregator-bias-replay-eps-ecmp-seed1401-load0p7,eps-ecmp,high-degree-aggregator-bias-replay,1401,610,6,0,7,0,eps,2832000,407360,0.0406,,,false
phase15h-r4-high-degree-aggregator-bias-replay-eps-ecmp-seed1401-load0p7,eps-ecmp,high-degree-aggregator-bias-replay,1401,611,0,0,1,0,eps,798000,39664,0.04062,,,false
phase15h-r4-high-degree-aggregator-bias-replay-eps-ecmp-seed1401-load0p7,eps-ecmp,high-degree-aggregator-bias-replay,1401,612,0,0,2,0,eps,798000,39664,0.04064,,,false
phase15h-r4-high-degree-aggregator-bias-replay-eps-ecmp-seed1401-load0p7,eps-ecmp,high-degree-aggregator-bias-replay,1401,613,0,0,3,0,eps,1638000,38592,0.04066,,,false
phase15h-r4-high-degree-aggregator-bias-replay-eps-ecmp-seed1401-load0p7,eps-ecmp,high-degree-aggregator-bias-replay,1401,614,0,0,4,0,eps,798000,39664,0.04068,,,false
phase15h-r4-high-degree-aggregator-bias-replay-eps-ecmp-seed1401-load0p7,eps-ecmp,high-degree-aggregator-bias-replay,1401,615,0,0,5,0,eps,798000,0,0.0407,,,false
phase15h-r4-high-degree-aggregator-bias-replay-eps-ecmp-seed1401-load0p7,eps-ecmp,high-degree-aggregator-bias-replay,1401,616,0,0,6,0,eps,798000,38592,0.04072,,,false
phase15h-r4-high-degree-aggregator-bias-replay-eps-ecmp-seed1401-load0p7,eps-ecmp,high-degree-aggregator-bias-replay,1401,617,1,0,2,0,eps,3744000,160264,0.04074,,,false
phase15h-r4-high-degree-aggregator-bias-replay-eps-ecmp-seed1401-load0p7,eps-ecmp,high-degree-aggregator-bias-replay,1401,618,2,0,3,0,eps,2544000,115240,0.04076,,,false
phase15h-r4-high-degree-aggregator-bias-replay-eps-ecmp-seed1401-load0p7,eps-ecmp,high-degree-aggregator-bias-replay,1401,619,4,0,5,0,eps,3744000,158656,0.04078,,,false
phase15h-r4-high-degree-aggregator-bias-replay-eps-ecmp-seed1401-load0p7,eps-ecmp,high-degree-aggregator-bias-replay,1401,620,5,0,6,0,eps,3744000,101304,0.0408,,,false
phase15h-r4-high-degree-aggregator-bias-replay-eps-ecmp-seed1401-load0p7,eps-ecmp,high-degree-aggregator-bias-replay,1401,621,1,0,3,0,eps,1728000,112560,0.04082,,,false
phase15h-r4-high-degree-aggregator-bias-replay-eps-ecmp-seed1401-load0p7,eps-ecmp,high-degree-aggregator-bias-replay,1401,622,4,0,6,0,eps,1728000,58424,0.04084,,,false
phase15h-r4-high-degree-aggregator-bias-replay-eps-ecmp-seed1401-load0p7,eps-ecmp,high-degree-aggregator-bias-replay,1401,623,6,0,7,0,eps,2832000,422368,0.04086,,,false
phase15h-r4-high-degree-aggregator-bias-replay-eps-ecmp-seed1401-load0p7,eps-ecmp,high-degree-aggregator-bias-replay,1401,624,0,0,1,0,eps,570000,23584,0.0441,,,false
phase15h-r4-high-degree-aggregator-bias-replay-eps-ecmp-seed1401-load0p7,eps-ecmp,high-degree-aggregator-bias-replay,1401,625,0,0,2,0,eps,570000,23584,0.04412,,,false
phase15h-r4-high-degree-aggregator-bias-replay-eps-ecmp-seed1401-load0p7,eps-ecmp,high-degree-aggregator-bias-replay,1401,626,0,0,3,0,eps,570000,23584,0.04414,,,false
phase15h-r4-high-degree-aggregator-bias-replay-eps-ecmp-seed1401-load0p7,eps-ecmp,high-degree-aggregator-bias-replay,1401,627,0,0,4,0,eps,570000,23584,0.04416,,,false
phase15h-r4-high-degree-aggregator-bias-replay-eps-ecmp-seed1401-load0p7,eps-ecmp,high-degree-aggregator-bias-replay,1401,628,0,0,5,0,eps,570000,23584,0.04418,,,false
phase15h-r4-high-degree-aggregator-bias-replay-eps-ecmp-seed1401-load0p7,eps-ecmp,high-degree-aggregator-bias-replay,1401,629,0,0,6,0,eps,570000,23048,0.0442,,,false
phase15h-r4-high-degree-aggregator-bias-replay-eps-ecmp-seed1401-load0p7,eps-ecmp,high-degree-aggregator-bias-replay,1401,630,1,0,2,0,eps,528000,94336,0.04422,,,false
phase15h-r4-high-degree-aggregator-bias-replay-eps-ecmp-seed1401-load0p7,eps-ecmp,high-degree-aggregator-bias-replay,1401,631,2,0,3,0,eps,528000,67000,0.04424,,,false
phase15h-r4-high-degree-aggregator-bias-replay-eps-ecmp-seed1401-load0p7,eps-ecmp,high-degree-aggregator-bias-replay,1401,632,4,0,5,0,eps,528000,94336,0.04426,,,false
phase15h-r4-high-degree-aggregator-bias-replay-eps-ecmp-seed1401-load0p7,eps-ecmp,high-degree-aggregator-bias-replay,1401,633,5,0,6,0,eps,528000,42880,0.04428,,,false
phase15h-r4-high-degree-aggregator-bias-replay-eps-ecmp-seed1401-load0p7,eps-ecmp,high-degree-aggregator-bias-replay,1401,634,1,0,3,0,eps,432000,64320,0.0443,,,false
phase15h-r4-high-degree-aggregator-bias-replay-eps-ecmp-seed1401-load0p7,eps-ecmp,high-degree-aggregator-bias-replay,1401,635,4,0,6,0,eps,432000,58960,0.04432,,,false
phase15h-r4-high-degree-aggregator-bias-replay-eps-ecmp-seed1401-load0p7,eps-ecmp,high-degree-aggregator-bias-replay,1401,636,6,0,7,0,eps,240000,83616,0.04434,,,false
phase15h-r4-high-degree-aggregator-bias-replay-eps-ecmp-seed1401-load0p7,eps-ecmp,high-degree-aggregator-bias-replay,1401,637,0,0,1,0,eps,570000,21976,0.04436,,,false
phase15h-r4-high-degree-aggregator-bias-replay-eps-ecmp-seed1401-load0p7,eps-ecmp,high-degree-aggregator-bias-replay,1401,638,0,0,2,0,eps,570000,21976,0.04438,,,false
phase15h-r4-high-degree-aggregator-bias-replay-eps-ecmp-seed1401-load0p7,eps-ecmp,high-degree-aggregator-bias-replay,1401,639,0,0,3,0,eps,570000,21976,0.0444,,,false
phase15h-r4-high-degree-aggregator-bias-replay-eps-ecmp-seed1401-load0p7,eps-ecmp,high-degree-aggregator-bias-replay,1401,640,0,0,4,0,eps,570000,21976,0.04442,,,false
phase15h-r4-high-degree-aggregator-bias-replay-eps-ecmp-seed1401-load0p7,eps-ecmp,high-degree-aggregator-bias-replay,1401,641,0,0,5,0,eps,570000,21976,0.04444,,,false
phase15h-r4-high-degree-aggregator-bias-replay-eps-ecmp-seed1401-load0p7,eps-ecmp,high-degree-aggregator-bias-replay,1401,642,0,0,6,0,eps,570000,0,0.04446,,,false
phase15h-r4-high-degree-aggregator-bias-replay-eps-ecmp-seed1401-load0p7,eps-ecmp,high-degree-aggregator-bias-replay,1401,643,1,0,2,0,eps,528000,90584,0.04448,,,false
phase15h-r4-high-degree-aggregator-bias-replay-eps-ecmp-seed1401-load0p7,eps-ecmp,high-degree-aggregator-bias-replay,1401,644,2,0,3,0,eps,528000,63248,0.0445,,,false
phase15h-r4-high-degree-aggregator-bias-replay-eps-ecmp-seed1401-load0p7,eps-ecmp,high-degree-aggregator-bias-replay,1401,645,4,0,5,0,eps,528000,88976,0.04452,,,false
phase15h-r4-high-degree-aggregator-bias-replay-eps-ecmp-seed1401-load0p7,eps-ecmp,high-degree-aggregator-bias-replay,1401,646,5,0,6,0,eps,528000,15008,0.04454,,,false
phase15h-r4-high-degree-aggregator-bias-replay-eps-ecmp-seed1401-load0p7,eps-ecmp,high-degree-aggregator-bias-replay,1401,647,1,0,3,0,eps,432000,61640,0.04456,,,false
phase15h-r4-high-degree-aggregator-bias-replay-eps-ecmp-seed1401-load0p7,eps-ecmp,high-degree-aggregator-bias-replay,1401,648,4,0,6,0,eps,432000,50920,0.04458,,,false
phase15h-r4-high-degree-aggregator-bias-replay-eps-ecmp-seed1401-load0p7,eps-ecmp,high-degree-aggregator-bias-replay,1401,649,6,0,7,0,eps,240000,211184,0.0446,,,false
phase15h-r4-high-degree-aggregator-bias-replay-eps-ecmp-seed1401-load0p7,eps-ecmp,high-degree-aggregator-bias-replay,1401,650,0,0,1,0,eps,570000,20904,0.04462,,,false
phase15h-r4-high-degree-aggregator-bias-replay-eps-ecmp-seed1401-load0p7,eps-ecmp,high-degree-aggregator-bias-replay,1401,651,0,0,2,0,eps,570000,0,0.04464,,,false
phase15h-r4-high-degree-aggregator-bias-replay-eps-ecmp-seed1401-load0p7,eps-ecmp,high-degree-aggregator-bias-replay,1401,652,0,0,3,0,eps,570000,0,0.04466,,,false
phase15h-r4-high-degree-aggregator-bias-replay-eps-ecmp-seed1401-load0p7,eps-ecmp,high-degree-aggregator-bias-replay,1401,653,0,0,4,0,eps,570000,20904,0.04468,,,false
phase15h-r4-high-degree-aggregator-bias-replay-eps-ecmp-seed1401-load0p7,eps-ecmp,high-degree-aggregator-bias-replay,1401,654,0,0,5,0,eps,570000,20904,0.0447,,,false
phase15h-r4-high-degree-aggregator-bias-replay-eps-ecmp-seed1401-load0p7,eps-ecmp,high-degree-aggregator-bias-replay,1401,655,0,0,6,0,eps,570000,20904,0.04472,,,false
phase15h-r4-high-degree-aggregator-bias-replay-eps-ecmp-seed1401-load0p7,eps-ecmp,high-degree-aggregator-bias-replay,1401,656,1,0,2,0,eps,528000,15008,0.04474,,,false
phase15h-r4-high-degree-aggregator-bias-replay-eps-ecmp-seed1401-load0p7,eps-ecmp,high-degree-aggregator-bias-replay,1401,657,2,0,3,0,eps,528000,60568,0.04476,,,false
phase15h-r4-high-degree-aggregator-bias-replay-eps-ecmp-seed1401-load0p7,eps-ecmp,high-degree-aggregator-bias-replay,1401,658,4,0,5,0,eps,528000,85224,0.04478,,,false
phase15h-r4-high-degree-aggregator-bias-replay-eps-ecmp-seed1401-load0p7,eps-ecmp,high-degree-aggregator-bias-replay,1401,659,5,0,6,0,eps,528000,54672,0.0448,,,false
phase15h-r4-high-degree-aggregator-bias-replay-eps-ecmp-seed1401-load0p7,eps-ecmp,high-degree-aggregator-bias-replay,1401,660,1,0,3,0,eps,432000,57888,0.04482,,,false
phase15h-r4-high-degree-aggregator-bias-replay-eps-ecmp-seed1401-load0p7,eps-ecmp,high-degree-aggregator-bias-replay,1401,661,4,0,6,0,eps,432000,36984,0.04484,,,false
phase15h-r4-high-degree-aggregator-bias-replay-eps-ecmp-seed1401-load0p7,eps-ecmp,high-degree-aggregator-bias-replay,1401,662,6,0,7,0,eps,240000,228872,0.04486,,,false
phase15h-r4-high-degree-aggregator-bias-replay-eps-ecmp-seed1401-load0p7,eps-ecmp,high-degree-aggregator-bias-replay,1401,663,0,0,1,0,eps,798000,19296,0.0451,,,false
phase15h-r4-high-degree-aggregator-bias-replay-eps-ecmp-seed1401-load0p7,eps-ecmp,high-degree-aggregator-bias-replay,1401,664,0,0,2,0,eps,798000,19296,0.04512,,,false
phase15h-r4-high-degree-aggregator-bias-replay-eps-ecmp-seed1401-load0p7,eps-ecmp,high-degree-aggregator-bias-replay,1401,665,0,0,3,0,eps,1638000,19296,0.04514,,,false
phase15h-r4-high-degree-aggregator-bias-replay-eps-ecmp-seed1401-load0p7,eps-ecmp,high-degree-aggregator-bias-replay,1401,666,0,0,4,0,eps,798000,19296,0.04516,,,false
phase15h-r4-high-degree-aggregator-bias-replay-eps-ecmp-seed1401-load0p7,eps-ecmp,high-degree-aggregator-bias-replay,1401,667,0,0,5,0,eps,798000,19296,0.04518,,,false
phase15h-r4-high-degree-aggregator-bias-replay-eps-ecmp-seed1401-load0p7,eps-ecmp,high-degree-aggregator-bias-replay,1401,668,0,0,6,0,eps,798000,17688,0.0452,,,false
phase15h-r4-high-degree-aggregator-bias-replay-eps-ecmp-seed1401-load0p7,eps-ecmp,high-degree-aggregator-bias-replay,1401,669,1,0,2,0,eps,3744000,76112,0.04522,,,false
phase15h-r4-high-degree-aggregator-bias-replay-eps-ecmp-seed1401-load0p7,eps-ecmp,high-degree-aggregator-bias-replay,1401,670,2,0,3,0,eps,2544000,53600,0.04524,,,false
phase15h-r4-high-degree-aggregator-bias-replay-eps-ecmp-seed1401-load0p7,eps-ecmp,high-degree-aggregator-bias-replay,1401,671,4,0,5,0,eps,3744000,0,0.04526,,,false
phase15h-r4-high-degree-aggregator-bias-replay-eps-ecmp-seed1401-load0p7,eps-ecmp,high-degree-aggregator-bias-replay,1401,672,5,0,6,0,eps,3744000,35376,0.04528,,,false
phase15h-r4-high-degree-aggregator-bias-replay-eps-ecmp-seed1401-load0p7,eps-ecmp,high-degree-aggregator-bias-replay,1401,673,1,0,3,0,eps,1728000,50920,0.0453,,,false
phase15h-r4-high-degree-aggregator-bias-replay-eps-ecmp-seed1401-load0p7,eps-ecmp,high-degree-aggregator-bias-replay,1401,674,4,0,6,0,eps,1728000,46632,0.04532,,,false
phase15h-r4-high-degree-aggregator-bias-replay-eps-ecmp-seed1401-load0p7,eps-ecmp,high-degree-aggregator-bias-replay,1401,675,6,0,7,0,eps,2832000,179024,0.04534,,,false
phase15h-r4-high-degree-aggregator-bias-replay-eps-ecmp-seed1401-load0p7,eps-ecmp,high-degree-aggregator-bias-replay,1401,676,0,0,1,0,eps,798000,17688,0.04536,,,false
phase15h-r4-high-degree-aggregator-bias-replay-eps-ecmp-seed1401-load0p7,eps-ecmp,high-degree-aggregator-bias-replay,1401,677,0,0,2,0,eps,798000,0,0.04538,,,false
phase15h-r4-high-degree-aggregator-bias-replay-eps-ecmp-seed1401-load0p7,eps-ecmp,high-degree-aggregator-bias-replay,1401,678,0,0,3,0,eps,1638000,17688,0.0454,,,false
phase15h-r4-high-degree-aggregator-bias-replay-eps-ecmp-seed1401-load0p7,eps-ecmp,high-degree-aggregator-bias-replay,1401,679,0,0,4,0,eps,798000,17688,0.04542,,,false
phase15h-r4-high-degree-aggregator-bias-replay-eps-ecmp-seed1401-load0p7,eps-ecmp,high-degree-aggregator-bias-replay,1401,680,0,0,5,0,eps,798000,17688,0.04544,,,false
phase15h-r4-high-degree-aggregator-bias-replay-eps-ecmp-seed1401-load0p7,eps-ecmp,high-degree-aggregator-bias-replay,1401,681,0,0,6,0,eps,798000,17152,0.04546,,,false
phase15h-r4-high-degree-aggregator-bias-replay-eps-ecmp-seed1401-load0p7,eps-ecmp,high-degree-aggregator-bias-replay,1401,682,1,0,2,0,eps,3744000,72896,0.04548,,,false
phase15h-r4-high-degree-aggregator-bias-replay-eps-ecmp-seed1401-load0p7,eps-ecmp,high-degree-aggregator-bias-replay,1401,683,2,0,3,0,eps,2544000,50920,0.0455,,,false
phase15h-r4-high-degree-aggregator-bias-replay-eps-ecmp-seed1401-load0p7,eps-ecmp,high-degree-aggregator-bias-replay,1401,684,4,0,5,0,eps,3744000,71288,0.04552,,,false
phase15h-r4-high-degree-aggregator-bias-replay-eps-ecmp-seed1401-load0p7,eps-ecmp,high-degree-aggregator-bias-replay,1401,685,5,0,6,0,eps,3744000,10720,0.04554,,,false
phase15h-r4-high-degree-aggregator-bias-replay-eps-ecmp-seed1401-load0p7,eps-ecmp,high-degree-aggregator-bias-replay,1401,686,1,0,3,0,eps,1728000,49312,0.04556,,,false
phase15h-r4-high-degree-aggregator-bias-replay-eps-ecmp-seed1401-load0p7,eps-ecmp,high-degree-aggregator-bias-replay,1401,687,4,0,6,0,eps,1728000,45560,0.04558,,,false
phase15h-r4-high-degree-aggregator-bias-replay-eps-ecmp-seed1401-load0p7,eps-ecmp,high-degree-aggregator-bias-replay,1401,688,6,0,7,0,eps,2832000,15008,0.0456,,,false
phase15h-r4-high-degree-aggregator-bias-replay-eps-ecmp-seed1401-load0p7,eps-ecmp,high-degree-aggregator-bias-replay,1401,689,0,0,1,0,eps,798000,16616,0.04562,,,false
phase15h-r4-high-degree-aggregator-bias-replay-eps-ecmp-seed1401-load0p7,eps-ecmp,high-degree-aggregator-bias-replay,1401,690,0,0,2,0,eps,798000,0,0.04564,,,false
phase15h-r4-high-degree-aggregator-bias-replay-eps-ecmp-seed1401-load0p7,eps-ecmp,high-degree-aggregator-bias-replay,1401,691,0,0,3,0,eps,1638000,16616,0.04566,,,false
phase15h-r4-high-degree-aggregator-bias-replay-eps-ecmp-seed1401-load0p7,eps-ecmp,high-degree-aggregator-bias-replay,1401,692,0,0,4,0,eps,798000,16616,0.04568,,,false
phase15h-r4-high-degree-aggregator-bias-replay-eps-ecmp-seed1401-load0p7,eps-ecmp,high-degree-aggregator-bias-replay,1401,693,0,0,5,0,eps,798000,16616,0.0457,,,false
phase15h-r4-high-degree-aggregator-bias-replay-eps-ecmp-seed1401-load0p7,eps-ecmp,high-degree-aggregator-bias-replay,1401,694,0,0,6,0,eps,798000,16616,0.04572,,,false
phase15h-r4-high-degree-aggregator-bias-replay-eps-ecmp-seed1401-load0p7,eps-ecmp,high-degree-aggregator-bias-replay,1401,695,1,0,2,0,eps,3744000,68608,0.04574,,,false
phase15h-r4-high-degree-aggregator-bias-replay-eps-ecmp-seed1401-load0p7,eps-ecmp,high-degree-aggregator-bias-replay,1401,696,2,0,3,0,eps,2544000,48240,0.04576,,,false
phase15h-r4-high-degree-aggregator-bias-replay-eps-ecmp-seed1401-load0p7,eps-ecmp,high-degree-aggregator-bias-replay,1401,697,4,0,5,0,eps,3744000,67000,0.04578,,,false
phase15h-r4-high-degree-aggregator-bias-replay-eps-ecmp-seed1401-load0p7,eps-ecmp,high-degree-aggregator-bias-replay,1401,698,5,0,6,0,eps,3744000,42344,0.0458,,,false
phase15h-r4-high-degree-aggregator-bias-replay-eps-ecmp-seed1401-load0p7,eps-ecmp,high-degree-aggregator-bias-replay,1401,699,1,0,3,0,eps,1728000,45560,0.04582,,,false
phase15h-r4-high-degree-aggregator-bias-replay-eps-ecmp-seed1401-load0p7,eps-ecmp,high-degree-aggregator-bias-replay,1401,700,4,0,6,0,eps,1728000,42344,0.04584,,,false
phase15h-r4-high-degree-aggregator-bias-replay-eps-ecmp-seed1401-load0p7,eps-ecmp,high-degree-aggregator-bias-replay,1401,701,6,0,7,0,eps,2832000,176344,0.04586,,,false
phase15h-r4-high-degree-aggregator-bias-replay-eps-ecmp-seed1401-load0p7,eps-ecmp,high-degree-aggregator-bias-replay,1401,702,0,0,1,0,eps,570000,2680,0.0491,,,false
phase15h-r4-high-degree-aggregator-bias-replay-eps-ecmp-seed1401-load0p7,eps-ecmp,high-degree-aggregator-bias-replay,1401,703,0,0,2,0,eps,570000,0,0.04912,,,false
phase15h-r4-high-degree-aggregator-bias-replay-eps-ecmp-seed1401-load0p7,eps-ecmp,high-degree-aggregator-bias-replay,1401,704,0,0,3,0,eps,570000,2680,0.04914,,,false
phase15h-r4-high-degree-aggregator-bias-replay-eps-ecmp-seed1401-load0p7,eps-ecmp,high-degree-aggregator-bias-replay,1401,705,0,0,4,0,eps,570000,0,0.04916,,,false
phase15h-r4-high-degree-aggregator-bias-replay-eps-ecmp-seed1401-load0p7,eps-ecmp,high-degree-aggregator-bias-replay,1401,706,0,0,5,0,eps,570000,2680,0.04918,,,false
phase15h-r4-high-degree-aggregator-bias-replay-eps-ecmp-seed1401-load0p7,eps-ecmp,high-degree-aggregator-bias-replay,1401,707,0,0,6,0,eps,570000,1608,0.0492,,,false
phase15h-r4-high-degree-aggregator-bias-replay-eps-ecmp-seed1401-load0p7,eps-ecmp,high-degree-aggregator-bias-replay,1401,708,1,0,2,0,eps,528000,9648,0.04922,,,false
phase15h-r4-high-degree-aggregator-bias-replay-eps-ecmp-seed1401-load0p7,eps-ecmp,high-degree-aggregator-bias-replay,1401,709,2,0,3,0,eps,528000,6968,0.04924,,,false
phase15h-r4-high-degree-aggregator-bias-replay-eps-ecmp-seed1401-load0p7,eps-ecmp,high-degree-aggregator-bias-replay,1401,710,4,0,5,0,eps,528000,8576,0.04926,,,false
phase15h-r4-high-degree-aggregator-bias-replay-eps-ecmp-seed1401-load0p7,eps-ecmp,high-degree-aggregator-bias-replay,1401,711,5,0,6,0,eps,528000,0,0.04928,,,false
phase15h-r4-high-degree-aggregator-bias-replay-eps-ecmp-seed1401-load0p7,eps-ecmp,high-degree-aggregator-bias-replay,1401,712,1,0,3,0,eps,432000,3216,0.0493,,,false
phase15h-r4-high-degree-aggregator-bias-replay-eps-ecmp-seed1401-load0p7,eps-ecmp,high-degree-aggregator-bias-replay,1401,713,4,0,6,0,eps,432000,3216,0.04932,,,false
phase15h-r4-high-degree-aggregator-bias-replay-eps-ecmp-seed1401-load0p7,eps-ecmp,high-degree-aggregator-bias-replay,1401,714,6,0,7,0,eps,240000,10720,0.04934,,,false
phase15h-r4-high-degree-aggregator-bias-replay-eps-ecmp-seed1401-load0p7,eps-ecmp,high-degree-aggregator-bias-replay,1401,715,0,0,1,0,eps,570000,0,0.04936,,,false
phase15h-r4-high-degree-aggregator-bias-replay-eps-ecmp-seed1401-load0p7,eps-ecmp,high-degree-aggregator-bias-replay,1401,716,0,0,2,0,eps,570000,0,0.04938,,,false
phase15h-r4-high-degree-aggregator-bias-replay-eps-ecmp-seed1401-load0p7,eps-ecmp,high-degree-aggregator-bias-replay,1401,717,0,0,3,0,eps,570000,0,0.0494,,,false
phase15h-r4-high-degree-aggregator-bias-replay-eps-ecmp-seed1401-load0p7,eps-ecmp,high-degree-aggregator-bias-replay,1401,718,0,0,4,0,eps,570000,0,0.04942,,,false
phase15h-r4-high-degree-aggregator-bias-replay-eps-ecmp-seed1401-load0p7,eps-ecmp,high-degree-aggregator-bias-replay,1401,719,0,0,5,0,eps,570000,1608,0.04944,,,false
phase15h-r4-high-degree-aggregator-bias-replay-eps-ecmp-seed1401-load0p7,eps-ecmp,high-degree-aggregator-bias-replay,1401,720,0,0,6,0,eps,570000,1072,0.04946,,,false
phase15h-r4-high-degree-aggregator-bias-replay-eps-ecmp-seed1401-load0p7,eps-ecmp,high-degree-aggregator-bias-replay,1401,721,1,0,2,0,eps,528000,4288,0.04948,,,false
phase15h-r4-high-degree-aggregator-bias-replay-eps-ecmp-seed1401-load0p7,eps-ecmp,high-degree-aggregator-bias-replay,1401,722,2,0,3,0,eps,528000,3216,0.0495,,,false
phase15h-r4-high-degree-aggregator-bias-replay-eps-ecmp-seed1401-load0p7,eps-ecmp,high-degree-aggregator-bias-replay,1401,723,4,0,5,0,eps,528000,4288,0.04952,,,false
phase15h-r4-high-degree-aggregator-bias-replay-eps-ecmp-seed1401-load0p7,eps-ecmp,high-degree-aggregator-bias-replay,1401,724,5,0,6,0,eps,528000,1608,0.04954,,,false
phase15h-r4-high-degree-aggregator-bias-replay-eps-ecmp-seed1401-load0p7,eps-ecmp,high-degree-aggregator-bias-replay,1401,725,1,0,3,0,eps,432000,0,0.04956,,,false
phase15h-r4-high-degree-aggregator-bias-replay-eps-ecmp-seed1401-load0p7,eps-ecmp,high-degree-aggregator-bias-replay,1401,726,4,0,6,0,eps,432000,0,0.04958,,,false
phase15h-r4-high-degree-aggregator-bias-replay-eps-ecmp-seed1401-load0p7,eps-ecmp,high-degree-aggregator-bias-replay,1401,727,6,0,7,0,eps,240000,5360,0.0496,,,false
phase15h-r4-high-degree-aggregator-bias-replay-eps-ecmp-seed1401-load0p7,eps-ecmp,high-degree-aggregator-bias-replay,1401,728,0,0,1,0,eps,570000,0,0.04962,,,false
phase15h-r4-high-degree-aggregator-bias-replay-eps-ecmp-seed1401-load0p7,eps-ecmp,high-degree-aggregator-bias-replay,1401,729,0,0,2,0,eps,570000,0,0.04964,,,false
phase15h-r4-high-degree-aggregator-bias-replay-eps-ecmp-seed1401-load0p7,eps-ecmp,high-degree-aggregator-bias-replay,1401,730,0,0,3,0,eps,570000,0,0.04966,,,false
phase15h-r4-high-degree-aggregator-bias-replay-eps-ecmp-seed1401-load0p7,eps-ecmp,high-degree-aggregator-bias-replay,1401,731,0,0,4,0,eps,570000,0,0.04968,,,false
phase15h-r4-high-degree-aggregator-bias-replay-eps-ecmp-seed1401-load0p7,eps-ecmp,high-degree-aggregator-bias-replay,1401,732,0,0,5,0,eps,570000,0,0.0497,,,false
phase15h-r4-high-degree-aggregator-bias-replay-eps-ecmp-seed1401-load0p7,eps-ecmp,high-degree-aggregator-bias-replay,1401,733,0,0,6,0,eps,570000,0,0.04972,,,false
phase15h-r4-high-degree-aggregator-bias-replay-eps-ecmp-seed1401-load0p7,eps-ecmp,high-degree-aggregator-bias-replay,1401,734,1,0,2,0,eps,528000,0,0.04974,,,false
phase15h-r4-high-degree-aggregator-bias-replay-eps-ecmp-seed1401-load0p7,eps-ecmp,high-degree-aggregator-bias-replay,1401,735,2,0,3,0,eps,528000,0,0.04976,,,false
phase15h-r4-high-degree-aggregator-bias-replay-eps-ecmp-seed1401-load0p7,eps-ecmp,high-degree-aggregator-bias-replay,1401,736,4,0,5,0,eps,528000,0,0.04978,,,false
phase15h-r4-high-degree-aggregator-bias-replay-eps-ecmp-seed1401-load0p7,eps-ecmp,high-degree-aggregator-bias-replay,1401,737,5,0,6,0,eps,528000,0,0.0498,,,false
phase15h-r4-high-degree-aggregator-bias-replay-eps-ecmp-seed1401-load0p7,eps-ecmp,high-degree-aggregator-bias-replay,1401,738,1,0,3,0,eps,432000,0,0.04982,,,false
phase15h-r4-high-degree-aggregator-bias-replay-eps-ecmp-seed1401-load0p7,eps-ecmp,high-degree-aggregator-bias-replay,1401,739,4,0,6,0,eps,432000,0,0.04984,,,false
phase15h-r4-high-degree-aggregator-bias-replay-eps-ecmp-seed1401-load0p7,eps-ecmp,high-degree-aggregator-bias-replay,1401,740,6,0,7,0,eps,240000,0,0.04986,,,false
