experiment,scheme,traffic_pattern,run_id,flow_id,source_tor,source_server,destination_tor,destination_server,path_type,size_bytes,received_bytes,start_time_s,completion_time_s,fct_s,completed
phase15h-r4-high-degree-aggregator-bias-replay-ocs-volume-seed1401-load0p7,ocs-volume,high-degree-aggregator-bias-replay,1401,0,0,0,1,0,eps,570000,570000,0.0041,0.038330517,0.034230517,true
phase15h-r4-high-degree-aggregator-bias-replay-ocs-volume-seed1401-load0p7,ocs-volume,high-degree-aggregator-bias-replay,1401,1,0,0,2,0,eps,570000,570000,0.00412,0.038651795,0.034531795,true
phase15h-r4-high-degree-aggregator-bias-replay-ocs-volume-seed1401-load0p7,ocs-volume,high-degree-aggregator-bias-replay,1401,2,0,0,3,0,eps,570000,570000,0.00414,0.03893117,0.03479117,true
phase15h-r4-high-degree-aggregator-bias-replay-ocs-volume-seed1401-load0p7,ocs-volume,high-degree-aggregator-bias-replay,1401,3,0,0,4,0,eps,570000,570000,0.00416,0.039605078,0.035445078,true
phase15h-r4-high-degree-aggregator-bias-replay-ocs-volume-seed1401-load0p7,ocs-volume,high-degree-aggregator-bias-replay,1401,4,0,0,5,0,eps,570000,517776,0.00418,,,false
phase15h-r4-high-degree-aggregator-bias-replay-ocs-volume-seed1401-load0p7,ocs-volume,high-degree-aggregator-bias-replay,1401,5,0,0,6,0,eps,570000,570000,0.0042,0.040168271,0.035968271,true
phase15h-r4-high-degree-aggregator-bias-replay-ocs-volume-seed1401-load0p7,ocs-volume,high-degree-aggregator-bias-replay,1401,6,1,0,2,0,eps,528000,528000,0.00422,0.009187425,0.004967425,true
phase15h-r4-high-degree-aggregator-bias-replay-ocs-volume-seed1401-load0p7,ocs-volume,high-degree-aggregator-bias-replay,1401,7,2,0,3,0,eps,528000,528000,0.00424,0.008483039,0.004243039,true
phase15h-r4-high-degree-aggregator-bias-replay-ocs-volume-seed1401-load0p7,ocs-volume,high-degree-aggregator-bias-replay,1401,8,4,0,5,0,eps,528000,528000,0.00426,0.00885666,0.00459666,true
phase15h-r4-high-degree-aggregator-bias-replay-ocs-volume-seed1401-load0p7,ocs-volume,high-degree-aggregator-bias-replay,1401,9,5,0,6,0,eps,528000,528000,0.00428,0.008545103,0.004265103,true
phase15h-r4-high-degree-aggregator-bias-replay-ocs-volume-seed1401-load0p7,ocs-volume,high-degree-aggregator-bias-replay,1401,10,1,0,3,0,eps,432000,432000,0.0043,0.008998313,0.004698313,true
phase15h-r4-high-degree-aggregator-bias-replay-ocs-volume-seed1401-load0p7,ocs-volume,high-degree-aggregator-bias-replay,1401,11,4,0,6,0,eps,432000,432000,0.00432,0.008876614,0.004556614,true
phase15h-r4-high-degree-aggregator-bias-replay-ocs-volume-seed1401-load0p7,ocs-volume,high-degree-aggregator-bias-replay,1401,12,6,0,7,0,eps,240000,240000,0.00434,0.00699074,0.00265074,true
phase15h-r4-high-degree-aggregator-bias-replay-ocs-volume-seed1401-load0p7,ocs-volume,high-degree-aggregator-bias-replay,1401,13,0,0,1,0,eps,570000,570000,0.00436,0.042905821,0.038545821,true
phase15h-r4-high-degree-aggregator-bias-replay-ocs-volume-seed1401-load0p7,ocs-volume,high-degree-aggregator-bias-replay,1401,14,0,0,2,0,eps,570000,570000,0.00438,0.043915776,0.039535776,true
phase15h-r4-high-degree-aggregator-bias-replay-ocs-volume-seed1401-load0p7,ocs-volume,high-degree-aggregator-bias-replay,1401,15,0,0,3,0,eps,570000,570000,0.0044,0.043538718,0.039138718,true
phase15h-r4-high-degree-aggregator-bias-replay-ocs-volume-seed1401-load0p7,ocs-volume,high-degree-aggregator-bias-replay,1401,16,0,0,4,0,eps,570000,533856,0.00442,,,false
phase15h-r4-high-degree-aggregator-bias-replay-ocs-volume-seed1401-load0p7,ocs-volume,high-degree-aggregator-bias-replay,1401,17,0,0,5,0,eps,570000,368768,0.00444,,,false
phase15h-r4-high-degree-aggregator-bias-replay-ocs-volume-seed1401-load0p7,ocs-volume,high-degree-aggregator-bias-replay,1401,18,0,0,6,0,eps,570000,570000,0.00446,0.044677748,0.040217748,true
phase15h-r4-high-degree-aggregator-bias-replay-ocs-volume-seed1401-load0p7,ocs-volume,high-degree-aggregator-bias-replay,1401,19,1,0,2,0,eps,528000,528000,0.00448,0.00962533,0.00514533,true
phase15h-r4-high-degree-aggregator-bias-replay-ocs-volume-seed1401-load0p7,ocs-volume,high-degree-aggregator-bias-replay,1401,20,2,0,3,0,eps,528000,528000,0.0045,0.008742491,0.004242491,true
phase15h-r4-high-degree-aggregator-bias-replay-ocs-volume-seed1401-load0p7,ocs-volume,high-degree-aggregator-bias-replay,1401,21,4,0,5,0,eps,528000,528000,0.00452,0.009201588,0.004681588,true
phase15h-r4-high-degree-aggregator-bias-replay-ocs-volume-seed1401-load0p7,ocs-volume,high-degree-aggregator-bias-replay,1401,22,5,0,6,0,eps,528000,528000,0.00454,0.00882289,0.00428289,true
phase15h-r4-high-degree-aggregator-bias-replay-ocs-volume-seed1401-load0p7,ocs-volume,high-degree-aggregator-bias-replay,1401,23,1,0,3,0,eps,432000,432000,0.00456,0.009416956,0.004856956,true
phase15h-r4-high-degree-aggregator-bias-replay-ocs-volume-seed1401-load0p7,ocs-volume,high-degree-aggregator-bias-replay,1401,24,4,0,6,0,eps,432000,432000,0.00458,0.009251976,0.004671976,true
phase15h-r4-high-degree-aggregator-bias-replay-ocs-volume-seed1401-load0p7,ocs-volume,high-degree-aggregator-bias-replay,1401,25,6,0,7,0,eps,240000,240000,0.0046,0.007322558,0.002722558,true
phase15h-r4-high-degree-aggregator-bias-replay-ocs-volume-seed1401-load0p7,ocs-volume,high-degree-aggregator-bias-replay,1401,26,0,0,1,0,eps,570000,570000,0.00462,0.047230421,0.042610421,true
phase15h-r4-high-degree-aggregator-bias-replay-ocs-volume-seed1401-load0p7,ocs-volume,high-degree-aggregator-bias-replay,1401,27,0,0,2,0,eps,570000,570000,0.00464,0.047430574,0.042790574,true
phase15h-r4-high-degree-aggregator-bias-replay-ocs-volume-seed1401-load0p7,ocs-volume,high-degree-aggregator-bias-replay,1401,28,0,0,3,0,eps,570000,570000,0.00466,0.048299222,0.043639222,true
phase15h-r4-high-degree-aggregator-bias-replay-ocs-volume-seed1401-load0p7,ocs-volume,high-degree-aggregator-bias-replay,1401,29,0,0,4,0,eps,570000,452384,0.00468,,,false
phase15h-r4-high-degree-aggregator-bias-replay-ocs-volume-seed1401-load0p7,ocs-volume,high-degree-aggregator-bias-replay,1401,30,0,0,5,0,eps,570000,517776,0.0047,,,false
phase15h-r4-high-degree-aggregator-bias-replay-ocs-volume-seed1401-load0p7,ocs-volume,high-degree-aggregator-bias-replay,1401,31,0,0,6,0,eps,570000,567088,0.00472,,,false
phase15h-r4-high-degree-aggregator-bias-replay-ocs-volume-seed1401-load0p7,ocs-volume,high-degree-aggregator-bias-replay,1401,32,1,0,2,0,eps,528000,528000,0.00474,0.010059764,0.005319764,true
phase15h-r4-high-degree-aggregator-bias-replay-ocs-volume-seed1401-load0p7,ocs-volume,high-degree-aggregator-bias-replay,1401,33,2,0,3,0,eps,528000,528000,0.00476,0.007149026,0.002389026,true
phase15h-r4-high-degree-aggregator-bias-replay-ocs-volume-seed1401-load0p7,ocs-volume,high-degree-aggregator-bias-replay,1401,34,4,0,5,0,eps,528000,528000,0.00478,0.00705301,0.00227301,true
phase15h-r4-high-degree-aggregator-bias-replay-ocs-volume-seed1401-load0p7,ocs-volume,high-degree-aggregator-bias-replay,1401,35,5,0,6,0,eps,528000,528000,0.0048,0.008037657,0.003237657,true
phase15h-r4-high-degree-aggregator-bias-replay-ocs-volume-seed1401-load0p7,ocs-volume,high-degree-aggregator-bias-replay,1401,36,1,0,3,0,eps,432000,432000,0.00482,0.007017301,0.002197301,true
phase15h-r4-high-degree-aggregator-bias-replay-ocs-volume-seed1401-load0p7,ocs-volume,high-degree-aggregator-bias-replay,1401,37,4,0,6,0,eps,432000,432000,0.00484,0.006959623,0.002119623,true
phase15h-r4-high-degree-aggregator-bias-replay-ocs-volume-seed1401-load0p7,ocs-volume,high-degree-aggregator-bias-replay,1401,38,6,0,7,0,eps,240000,240000,0.00486,0.007532054,0.002672054,true
phase15h-r4-high-degree-aggregator-bias-replay-ocs-volume-seed1401-load0p7,ocs-volume,high-degree-aggregator-bias-replay,1401,39,0,0,1,0,ocs,798000,798000,0.0051,0.009013925,0.003913925,true
phase15h-r4-high-degree-aggregator-bias-replay-ocs-volume-seed1401-load0p7,ocs-volume,high-degree-aggregator-bias-replay,1401,40,0,0,2,0,eps,798000,547256,0.00512,,,false
phase15h-r4-high-degree-aggregator-bias-replay-ocs-volume-seed1401-load0p7,ocs-volume,high-degree-aggregator-bias-replay,1401,41,0,0,3,0,eps,1638000,245488,0.00514,,,false
phase15h-r4-high-degree-aggregator-bias-replay-ocs-volume-seed1401-load0p7,ocs-volume,high-degree-aggregator-bias-replay,1401,42,0,0,4,0,eps,798000,544576,0.00516,,,false
phase15h-r4-high-degree-aggregator-bias-replay-ocs-volume-seed1401-load0p7,ocs-volume,high-degree-aggregator-bias-replay,1401,43,0,0,5,0,eps,798000,543504,0.00518,,,false
phase15h-r4-high-degree-aggregator-bias-replay-ocs-volume-seed1401-load0p7,ocs-volume,high-degree-aggregator-bias-replay,1401,44,0,0,6,0,eps,798000,541360,0.0052,,,false
phase15h-r4-high-degree-aggregator-bias-replay-ocs-volume-seed1401-load0p7,ocs-volume,high-degree-aggregator-bias-replay,1401,45,1,0,2,0,eps,3744000,1656240,0.00522,,,false
phase15h-r4-high-degree-aggregator-bias-replay-ocs-volume-seed1401-load0p7,ocs-volume,high-degree-aggregator-bias-replay,1401,46,2,0,3,0,ocs,2544000,2544000,0.00524,0.010282037,0.005042037,true
phase15h-r4-high-degree-aggregator-bias-replay-ocs-volume-seed1401-load0p7,ocs-volume,high-degree-aggregator-bias-replay,1401,47,4,0,5,0,eps,3744000,3744000,0.00526,0.047575848,0.042315848,true
phase15h-r4-high-degree-aggregator-bias-replay-ocs-volume-seed1401-load0p7,ocs-volume,high-degree-aggregator-bias-replay,1401,48,5,0,6,0,ocs,3744000,3744000,0.00528,0.011539101,0.006259101,true
phase15h-r4-high-degree-aggregator-bias-replay-ocs-volume-seed1401-load0p7,ocs-volume,high-degree-aggregator-bias-replay,1401,49,1,0,3,0,eps,1728000,1602640,0.0053,,,false
phase15h-r4-high-degree-aggregator-bias-replay-ocs-volume-seed1401-load0p7,ocs-volume,high-degree-aggregator-bias-replay,1401,50,4,0,6,0,eps,1728000,1570480,0.00532,,,false
phase15h-r4-high-degree-aggregator-bias-replay-ocs-volume-seed1401-load0p7,ocs-volume,high-degree-aggregator-bias-replay,1401,51,6,0,7,0,eps,2832000,2832000,0.00534,0.023296972,0.017956972,true
phase15h-r4-high-degree-aggregator-bias-replay-ocs-volume-seed1401-load0p7,ocs-volume,high-degree-aggregator-bias-replay,1401,52,0,0,1,0,ocs,798000,798000,0.00536,0.009411905,0.004051905,true
phase15h-r4-high-degree-aggregator-bias-replay-ocs-volume-seed1401-load0p7,ocs-volume,high-degree-aggregator-bias-replay,1401,53,0,0,2,0,eps,798000,534928,0.00538,,,false
phase15h-r4-high-degree-aggregator-bias-replay-ocs-volume-seed1401-load0p7,ocs-volume,high-degree-aggregator-bias-replay,1401,54,0,0,3,0,eps,1638000,529568,0.0054,,,false
phase15h-r4-high-degree-aggregator-bias-replay-ocs-volume-seed1401-load0p7,ocs-volume,high-degree-aggregator-bias-replay,1401,55,0,0,4,0,eps,798000,530640,0.00542,,,false
phase15h-r4-high-degree-aggregator-bias-replay-ocs-volume-seed1401-load0p7,ocs-volume,high-degree-aggregator-bias-replay,1401,56,0,0,5,0,eps,798000,530640,0.00544,,,false
phase15h-r4-high-degree-aggregator-bias-replay-ocs-volume-seed1401-load0p7,ocs-volume,high-degree-aggregator-bias-replay,1401,57,0,0,6,0,eps,798000,529568,0.00546,,,false
phase15h-r4-high-degree-aggregator-bias-replay-ocs-volume-seed1401-load0p7,ocs-volume,high-degree-aggregator-bias-replay,1401,58,1,0,2,0,eps,3744000,1517416,0.00548,,,false
phase15h-r4-high-degree-aggregator-bias-replay-ocs-volume-seed1401-load0p7,ocs-volume,high-degree-aggregator-bias-replay,1401,59,2,0,3,0,ocs,2544000,2544000,0.0055,0.010339909,0.004839909,true
phase15h-r4-high-degree-aggregator-bias-replay-ocs-volume-seed1401-load0p7,ocs-volume,high-degree-aggregator-bias-replay,1401,60,4,0,5,0,eps,3744000,3744000,0.00552,0.048072846,0.042552846,true
phase15h-r4-high-degree-aggregator-bias-replay-ocs-volume-seed1401-load0p7,ocs-volume,high-degree-aggregator-bias-replay,1401,61,5,0,6,0,ocs,3744000,3744000,0.00554,0.011798814,0.006258814,true
phase15h-r4-high-degree-aggregator-bias-replay-ocs-volume-seed1401-load0p7,ocs-volume,high-degree-aggregator-bias-replay,1401,62,1,0,3,0,eps,1728000,1499192,0.00556,,,false
phase15h-r4-high-degree-aggregator-bias-replay-ocs-volume-seed1401-load0p7,ocs-volume,high-degree-aggregator-bias-replay,1401,63,4,0,6,0,eps,1728000,1509912,0.00558,,,false
phase15h-r4-high-degree-aggregator-bias-replay-ocs-volume-seed1401-load0p7,ocs-volume,high-degree-aggregator-bias-replay,1401,64,6,0,7,0,eps,2832000,2832000,0.0056,0.023709583,0.018109583,true
phase15h-r4-high-degree-aggregator-bias-replay-ocs-volume-seed1401-load0p7,ocs-volume,high-degree-aggregator-bias-replay,1401,65,0,0,1,0,ocs,798000,798000,0.00562,0.009789812,0.004169812,true
phase15h-r4-high-degree-aggregator-bias-replay-ocs-volume-seed1401-load0p7,ocs-volume,high-degree-aggregator-bias-replay,1401,66,0,0,2,0,eps,798000,412184,0.00564,,,false
phase15h-r4-high-degree-aggregator-bias-replay-ocs-volume-seed1401-load0p7,ocs-volume,high-degree-aggregator-bias-replay,1401,67,0,0,3,0,eps,1638000,503304,0.00566,,,false
phase15h-r4-high-degree-aggregator-bias-replay-ocs-volume-seed1401-load0p7,ocs-volume,high-degree-aggregator-bias-replay,1401,68,0,0,4,0,eps,798000,518312,0.00568,,,false
phase15h-r4-high-degree-aggregator-bias-replay-ocs-volume-seed1401-load0p7,ocs-volume,high-degree-aggregator-bias-replay,1401,69,0,0,5,0,eps,798000,520992,0.0057,,,false
phase15h-r4-high-degree-aggregator-bias-replay-ocs-volume-seed1401-load0p7,ocs-volume,high-degree-aggregator-bias-replay,1401,70,0,0,6,0,eps,798000,518312,0.00572,,,false
phase15h-r4-high-degree-aggregator-bias-replay-ocs-volume-seed1401-load0p7,ocs-volume,high-degree-aggregator-bias-replay,1401,71,1,0,2,0,eps,3744000,1444520,0.00574,,,false
phase15h-r4-high-degree-aggregator-bias-replay-ocs-volume-seed1401-load0p7,ocs-volume,high-degree-aggregator-bias-replay,1401,72,2,0,3,0,ocs,2544000,2544000,0.00576,0.010638205,0.004878205,true
phase15h-r4-high-degree-aggregator-bias-replay-ocs-volume-seed1401-load0p7,ocs-volume,high-degree-aggregator-bias-replay,1401,73,4,0,5,0,eps,3744000,3744000,0.00578,0.048110462,0.042330462,true
phase15h-r4-high-degree-aggregator-bias-replay-ocs-volume-seed1401-load0p7,ocs-volume,high-degree-aggregator-bias-replay,1401,74,5,0,6,0,ocs,3744000,3744000,0.0058,0.012153245,0.006353245,true
phase15h-r4-high-degree-aggregator-bias-replay-ocs-volume-seed1401-load0p7,ocs-volume,high-degree-aggregator-bias-replay,1401,75,1,0,3,0,eps,1728000,1561368,0.00582,,,false
phase15h-r4-high-degree-aggregator-bias-replay-ocs-volume-seed1401-load0p7,ocs-volume,high-degree-aggregator-bias-replay,1401,76,4,0,6,0,eps,1728000,1506696,0.00584,,,false
phase15h-r4-high-degree-aggregator-bias-replay-ocs-volume-seed1401-load0p7,ocs-volume,high-degree-aggregator-bias-replay,1401,77,6,0,7,0,eps,2832000,2832000,0.00586,0.023662189,0.017802189,true
phase15h-r4-high-degree-aggregator-bias-replay-ocs-volume-seed1401-load0p7,ocs-volume,high-degree-aggregator-bias-replay,1401,78,0,0,1,0,ocs,570000,570000,0.0091,0.013020745,0.003920745,true
phase15h-r4-high-degree-aggregator-bias-replay-ocs-volume-seed1401-load0p7,ocs-volume,high-degree-aggregator-bias-replay,1401,79,0,0,2,0,eps,570000,399320,0.00912,,,false
phase15h-r4-high-degree-aggregator-bias-replay-ocs-volume-seed1401-load0p7,ocs-volume,high-degree-aggregator-bias-replay,1401,80,0,0,3,0,eps,570000,398248,0.00914,,,false
phase15h-r4-high-degree-aggregator-bias-replay-ocs-volume-seed1401-load0p7,ocs-volume,high-degree-aggregator-bias-replay,1401,81,0,0,4,0,eps,570000,222976,0.00916,,,false
phase15h-r4-high-degree-aggregator-bias-replay-ocs-volume-seed1401-load0p7,ocs-volume,high-degree-aggregator-bias-replay,1401,82,0,0,5,0,eps,570000,398248,0.00918,,,false
phase15h-r4-high-degree-aggregator-bias-replay-ocs-volume-seed1401-load0p7,ocs-volume,high-degree-aggregator-bias-replay,1401,83,0,0,6,0,eps,570000,398248,0.0092,,,false
phase15h-r4-high-degree-aggregator-bias-replay-ocs-volume-seed1401-load0p7,ocs-volume,high-degree-aggregator-bias-replay,1401,84,1,0,2,0,eps,528000,528000,0.00922,0.019818096,0.010598096,true
phase15h-r4-high-degree-aggregator-bias-replay-ocs-volume-seed1401-load0p7,ocs-volume,high-degree-aggregator-bias-replay,1401,85,2,0,3,0,ocs,528000,528000,0.00924,0.011688541,0.002448541,true
phase15h-r4-high-degree-aggregator-bias-replay-ocs-volume-seed1401-load0p7,ocs-volume,high-degree-aggregator-bias-replay,1401,86,4,0,5,0,eps,528000,528000,0.00926,0.019032995,0.009772995,true
phase15h-r4-high-degree-aggregator-bias-replay-ocs-volume-seed1401-load0p7,ocs-volume,high-degree-aggregator-bias-replay,1401,87,5,0,6,0,ocs,528000,528000,0.00928,0.012384168,0.003104168,true
phase15h-r4-high-degree-aggregator-bias-replay-ocs-volume-seed1401-load0p7,ocs-volume,high-degree-aggregator-bias-replay,1401,88,1,0,3,0,eps,432000,432000,0.0093,0.017509013,0.008209013,true
phase15h-r4-high-degree-aggregator-bias-replay-ocs-volume-seed1401-load0p7,ocs-volume,high-degree-aggregator-bias-replay,1401,89,4,0,6,0,eps,432000,432000,0.00932,0.017407058,0.008087058,true
phase15h-r4-high-degree-aggregator-bias-replay-ocs-volume-seed1401-load0p7,ocs-volume,high-degree-aggregator-bias-replay,1401,90,6,0,7,0,eps,240000,240000,0.00934,0.012288052,0.002948052,true
phase15h-r4-high-degree-aggregator-bias-replay-ocs-volume-seed1401-load0p7,ocs-volume,high-degree-aggregator-bias-replay,1401,91,0,0,1,0,ocs,570000,570000,0.00936,0.013284263,0.003924263,true
phase15h-r4-high-degree-aggregator-bias-replay-ocs-volume-seed1401-load0p7,ocs-volume,high-degree-aggregator-bias-replay,1401,92,0,0,2,0,eps,570000,391280,0.00938,,,false
phase15h-r4-high-degree-aggregator-bias-replay-ocs-volume-seed1401-load0p7,ocs-volume,high-degree-aggregator-bias-replay,1401,93,0,0,3,0,eps,570000,207432,0.0094,,,false
phase15h-r4-high-degree-aggregator-bias-replay-ocs-volume-seed1401-load0p7,ocs-volume,high-degree-aggregator-bias-replay,1401,94,0,0,4,0,eps,570000,389672,0.00942,,,false
phase15h-r4-high-degree-aggregator-bias-replay-ocs-volume-seed1401-load0p7,ocs-volume,high-degree-aggregator-bias-replay,1401,95,0,0,5,0,eps,570000,292120,0.00944,,,false
phase15h-r4-high-degree-aggregator-bias-replay-ocs-volume-seed1401-load0p7,ocs-volume,high-degree-aggregator-bias-replay,1401,96,0,0,6,0,eps,570000,356440,0.00946,,,false
phase15h-r4-high-degree-aggregator-bias-replay-ocs-volume-seed1401-load0p7,ocs-volume,high-degree-aggregator-bias-replay,1401,97,1,0,2,0,eps,528000,528000,0.00948,0.020407502,0.010927502,true
phase15h-r4-high-degree-aggregator-bias-replay-ocs-volume-seed1401-load0p7,ocs-volume,high-degree-aggregator-bias-replay,1401,98,2,0,3,0,ocs,528000,528000,0.0095,0.011956185,0.002456185,true
phase15h-r4-high-degree-aggregator-bias-replay-ocs-volume-seed1401-load0p7,ocs-volume,high-degree-aggregator-bias-replay,1401,99,4,0,5,0,eps,528000,528000,0.00952,0.019559227,0.010039227,true
phase15h-r4-high-degree-aggregator-bias-replay-ocs-volume-seed1401-load0p7,ocs-volume,high-degree-aggregator-bias-replay,1401,100,5,0,6,0,ocs,528000,528000,0.00954,0.01274661,0.00320661,true
phase15h-r4-high-degree-aggregator-bias-replay-ocs-volume-seed1401-load0p7,ocs-volume,high-degree-aggregator-bias-replay,1401,101,1,0,3,0,eps,432000,432000,0.00956,0.018078852,0.008518852,true
phase15h-r4-high-degree-aggregator-bias-replay-ocs-volume-seed1401-load0p7,ocs-volume,high-degree-aggregator-bias-replay,1401,102,4,0,6,0,eps,432000,432000,0.00958,0.018015325,0.008435325,true
phase15h-r4-high-degree-aggregator-bias-replay-ocs-volume-seed1401-load0p7,ocs-volume,high-degree-aggregator-bias-replay,1401,103,6,0,7,0,eps,240000,240000,0.0096,0.012581835,0.002981835,true
phase15h-r4-high-degree-aggregator-bias-replay-ocs-volume-seed1401-load0p7,ocs-volume,high-degree-aggregator-bias-replay,1401,104,0,0,1,0,ocs,570000,570000,0.00962,0.013547637,0.003927637,true
phase15h-r4-high-degree-aggregator-bias-replay-ocs-volume-seed1401-load0p7,ocs-volume,high-degree-aggregator-bias-replay,1401,105,0,0,2,0,eps,570000,384312,0.00964,,,false
phase15h-r4-high-degree-aggregator-bias-replay-ocs-volume-seed1401-load0p7,ocs-volume,high-degree-aggregator-bias-replay,1401,106,0,0,3,0,eps,570000,184920,0.00966,,,false
phase15h-r4-high-degree-aggregator-bias-replay-ocs-volume-seed1401-load0p7,ocs-volume,high-degree-aggregator-bias-replay,1401,107,0,0,4,0,eps,570000,192960,0.00968,,,false
phase15h-r4-high-degree-aggregator-bias-replay-ocs-volume-seed1401-load0p7,ocs-volume,high-degree-aggregator-bias-replay,1401,108,0,0,5,0,eps,570000,110416,0.0097,,,false
phase15h-r4-high-degree-aggregator-bias-replay-ocs-volume-seed1401-load0p7,ocs-volume,high-degree-aggregator-bias-replay,1401,109,0,0,6,0,eps,570000,174736,0.00972,,,false
phase15h-r4-high-degree-aggregator-bias-replay-ocs-volume-seed1401-load0p7,ocs-volume,high-degree-aggregator-bias-replay,1401,110,1,0,2,0,eps,528000,528000,0.00974,0.02072306,0.01098306,true
phase15h-r4-high-degree-aggregator-bias-replay-ocs-volume-seed1401-load0p7,ocs-volume,high-degree-aggregator-bias-replay,1401,111,2,0,3,0,ocs,528000,528000,0.00976,0.012376605,0.002616605,true
phase15h-r4-high-degree-aggregator-bias-replay-ocs-volume-seed1401-load0p7,ocs-volume,high-degree-aggregator-bias-replay,1401,112,4,0,5,0,eps,528000,528000,0.00978,0.019785408,0.010005408,true
phase15h-r4-high-degree-aggregator-bias-replay-ocs-volume-seed1401-load0p7,ocs-volume,high-degree-aggregator-bias-replay,1401,113,5,0,6,0,ocs,528000,528000,0.0098,0.0131206,0.0033206,true
phase15h-r4-high-degree-aggregator-bias-replay-ocs-volume-seed1401-load0p7,ocs-volume,high-degree-aggregator-bias-replay,1401,114,1,0,3,0,eps,432000,432000,0.00982,0.018357,0.008537,true
phase15h-r4-high-degree-aggregator-bias-replay-ocs-volume-seed1401-load0p7,ocs-volume,high-degree-aggregator-bias-replay,1401,115,4,0,6,0,eps,432000,432000,0.00984,0.017495753,0.007655753,true
phase15h-r4-high-degree-aggregator-bias-replay-ocs-volume-seed1401-load0p7,ocs-volume,high-degree-aggregator-bias-replay,1401,116,6,0,7,0,eps,240000,240000,0.00986,0.012704771,0.002844771,true
phase15h-r4-high-degree-aggregator-bias-replay-ocs-volume-seed1401-load0p7,ocs-volume,high-degree-aggregator-bias-replay,1401,117,0,0,1,0,ocs,798000,798000,0.0101,0.014729585,0.004629585,true
phase15h-r4-high-degree-aggregator-bias-replay-ocs-volume-seed1401-load0p7,ocs-volume,high-degree-aggregator-bias-replay,1401,118,0,0,2,0,eps,798000,371984,0.01012,,,false
phase15h-r4-high-degree-aggregator-bias-replay-ocs-volume-seed1401-load0p7,ocs-volume,high-degree-aggregator-bias-replay,1401,119,0,0,3,0,eps,1638000,371984,0.01014,,,false
phase15h-r4-high-degree-aggregator-bias-replay-ocs-volume-seed1401-load0p7,ocs-volume,high-degree-aggregator-bias-replay,1401,120,0,0,4,0,eps,798000,370912,0.01016,,,false
phase15h-r4-high-degree-aggregator-bias-replay-ocs-volume-seed1401-load0p7,ocs-volume,high-degree-aggregator-bias-replay,1401,121,0,0,5,0,eps,798000,356976,0.01018,,,false
phase15h-r4-high-degree-aggregator-bias-replay-ocs-volume-seed1401-load0p7,ocs-volume,high-degree-aggregator-bias-replay,1401,122,0,0,6,0,eps,798000,370912,0.0102,,,false
phase15h-r4-high-degree-aggregator-bias-replay-ocs-volume-seed1401-load0p7,ocs-volume,high-degree-aggregator-bias-replay,1401,123,1,0,2,0,eps,3744000,1116488,0.01022,,,false
phase15h-r4-high-degree-aggregator-bias-replay-ocs-volume-seed1401-load0p7,ocs-volume,high-degree-aggregator-bias-replay,1401,124,2,0,3,0,ocs,2544000,2544000,0.01024,0.015086115,0.004846115,true
phase15h-r4-high-degree-aggregator-bias-replay-ocs-volume-seed1401-load0p7,ocs-volume,high-degree-aggregator-bias-replay,1401,125,4,0,5,0,eps,3744000,3578392,0.01026,,,false
phase15h-r4-high-degree-aggregator-bias-replay-ocs-volume-seed1401-load0p7,ocs-volume,high-degree-aggregator-bias-replay,1401,126,5,0,6,0,ocs,3744000,3744000,0.01028,0.0181896,0.0079096,true
phase15h-r4-high-degree-aggregator-bias-replay-ocs-volume-seed1401-load0p7,ocs-volume,high-degree-aggregator-bias-replay,1401,127,1,0,3,0,eps,1728000,1114880,0.0103,,,false
phase15h-r4-high-degree-aggregator-bias-replay-ocs-volume-seed1401-load0p7,ocs-volume,high-degree-aggregator-bias-replay,1401,128,4,0,6,0,eps,1728000,1025368,0.01032,,,false
phase15h-r4-high-degree-aggregator-bias-replay-ocs-volume-seed1401-load0p7,ocs-volume,high-degree-aggregator-bias-replay,1401,129,6,0,7,0,eps,2832000,2832000,0.01034,0.026166741,0.015826741,true
phase15h-r4-high-degree-aggregator-bias-replay-ocs-volume-seed1401-load0p7,ocs-volume,high-degree-aggregator-bias-replay,1401,130,0,0,1,0,ocs,798000,798000,0.01036,0.014988915,0.004628915,true
phase15h-r4-high-degree-aggregator-bias-replay-ocs-volume-seed1401-load0p7,ocs-volume,high-degree-aggregator-bias-replay,1401,131,0,0,2,0,eps,798000,366624,0.01038,,,false
phase15h-r4-high-degree-aggregator-bias-replay-ocs-volume-seed1401-load0p7,ocs-volume,high-degree-aggregator-bias-replay,1401,132,0,0,3,0,eps,1638000,366624,0.0104,,,false
phase15h-r4-high-degree-aggregator-bias-replay-ocs-volume-seed1401-load0p7,ocs-volume,high-degree-aggregator-bias-replay,1401,133,0,0,4,0,eps,798000,365016,0.01042,,,false
phase15h-r4-high-degree-aggregator-bias-replay-ocs-volume-seed1401-load0p7,ocs-volume,high-degree-aggregator-bias-replay,1401,134,0,0,5,0,eps,798000,365552,0.01044,,,false
phase15h-r4-high-degree-aggregator-bias-replay-ocs-volume-seed1401-load0p7,ocs-volume,high-degree-aggregator-bias-replay,1401,135,0,0,6,0,eps,798000,363944,0.01046,,,false
phase15h-r4-high-degree-aggregator-bias-replay-ocs-volume-seed1401-load0p7,ocs-volume,high-degree-aggregator-bias-replay,1401,136,1,0,2,0,eps,3744000,1101480,0.01048,,,false
phase15h-r4-high-degree-aggregator-bias-replay-ocs-volume-seed1401-load0p7,ocs-volume,high-degree-aggregator-bias-replay,1401,137,2,0,3,0,ocs,2544000,2544000,0.0105,0.015374186,0.004874186,true
phase15h-r4-high-degree-aggregator-bias-replay-ocs-volume-seed1401-load0p7,ocs-volume,high-degree-aggregator-bias-replay,1401,138,4,0,5,0,eps,3744000,3562008,0.01052,,,false
phase15h-r4-high-degree-aggregator-bias-replay-ocs-volume-seed1401-load0p7,ocs-volume,high-degree-aggregator-bias-replay,1401,139,5,0,6,0,ocs,3744000,3744000,0.01054,0.018406515,0.007866515,true
phase15h-r4-high-degree-aggregator-bias-replay-ocs-volume-seed1401-load0p7,ocs-volume,high-degree-aggregator-bias-replay,1401,140,1,0,3,0,eps,1728000,1096120,0.01056,,,false
phase15h-r4-high-degree-aggregator-bias-replay-ocs-volume-seed1401-load0p7,ocs-volume,high-degree-aggregator-bias-replay,1401,141,4,0,6,0,eps,1728000,995352,0.01058,,,false
phase15h-r4-high-degree-aggregator-bias-replay-ocs-volume-seed1401-load0p7,ocs-volume,high-degree-aggregator-bias-replay,1401,142,6,0,7,0,eps,2832000,2832000,0.0106,0.026219807,0.015619807,true
phase15h-r4-high-degree-aggregator-bias-replay-ocs-volume-seed1401-load0p7,ocs-volume,high-degree-aggregator-bias-replay,1401,143,0,0,1,0,ocs,798000,798000,0.01062,0.015249504,0.004629504,true
phase15h-r4-high-degree-aggregator-bias-replay-ocs-volume-seed1401-load0p7,ocs-volume,high-degree-aggregator-bias-replay,1401,144,0,0,2,0,eps,798000,361264,0.01064,,,false
phase15h-r4-high-degree-aggregator-bias-replay-ocs-volume-seed1401-load0p7,ocs-volume,high-degree-aggregator-bias-replay,1401,145,0,0,3,0,eps,1638000,361264,0.01066,,,false
phase15h-r4-high-degree-aggregator-bias-replay-ocs-volume-seed1401-load0p7,ocs-volume,high-degree-aggregator-bias-replay,1401,146,0,0,4,0,eps,798000,110416,0.01068,,,false
phase15h-r4-high-degree-aggregator-bias-replay-ocs-volume-seed1401-load0p7,ocs-volume,high-degree-aggregator-bias-replay,1401,147,0,0,5,0,eps,798000,157584,0.0107,,,false
phase15h-r4-high-degree-aggregator-bias-replay-ocs-volume-seed1401-load0p7,ocs-volume,high-degree-aggregator-bias-replay,1401,148,0,0,6,0,eps,798000,361264,0.01072,,,false
phase15h-r4-high-degree-aggregator-bias-replay-ocs-volume-seed1401-load0p7,ocs-volume,high-degree-aggregator-bias-replay,1401,149,1,0,2,0,eps,3744000,1090224,0.01074,,,false
phase15h-r4-high-degree-aggregator-bias-replay-ocs-volume-seed1401-load0p7,ocs-volume,high-degree-aggregator-bias-replay,1401,150,2,0,3,0,ocs,2544000,2544000,0.01076,0.015628827,0.004868827,true
phase15h-r4-high-degree-aggregator-bias-replay-ocs-volume-seed1401-load0p7,ocs-volume,high-degree-aggregator-bias-replay,1401,151,4,0,5,0,eps,3744000,3551232,0.01078,,,false
phase15h-r4-high-degree-aggregator-bias-replay-ocs-volume-seed1401-load0p7,ocs-volume,high-degree-aggregator-bias-replay,1401,152,5,0,6,0,ocs,3744000,3744000,0.0108,0.01863874,0.00783874,true
phase15h-r4-high-degree-aggregator-bias-replay-ocs-volume-seed1401-load0p7,ocs-volume,high-degree-aggregator-bias-replay,1401,153,1,0,3,0,eps,1728000,1085936,0.01082,,,false
phase15h-r4-high-degree-aggregator-bias-replay-ocs-volume-seed1401-load0p7,ocs-volume,high-degree-aggregator-bias-replay,1401,154,4,0,6,0,eps,1728000,1010896,0.01084,,,false
phase15h-r4-high-degree-aggregator-bias-replay-ocs-volume-seed1401-load0p7,ocs-volume,high-degree-aggregator-bias-replay,1401,155,6,0,7,0,eps,2832000,2832000,0.01086,0.025861205,0.015001205,true
phase15h-r4-high-degree-aggregator-bias-replay-ocs-volume-seed1401-load0p7,ocs-volume,high-degree-aggregator-bias-replay,1401,156,0,0,1,0,ocs,570000,570000,0.0141,0.018018084,0.003918084,true
phase15h-r4-high-degree-aggregator-bias-replay-ocs-volume-seed1401-load0p7,ocs-volume,high-degree-aggregator-bias-replay,1401,157,0,0,2,0,eps,570000,291584,0.01412,,,false
phase15h-r4-high-degree-aggregator-bias-replay-ocs-volume-seed1401-load0p7,ocs-volume,high-degree-aggregator-bias-replay,1401,158,0,0,3,0,eps,570000,99160,0.01414,,,false
phase15h-r4-high-degree-aggregator-bias-replay-ocs-volume-seed1401-load0p7,ocs-volume,high-degree-aggregator-bias-replay,1401,159,0,0,4,0,eps,570000,255672,0.01416,,,false
phase15h-r4-high-degree-aggregator-bias-replay-ocs-volume-seed1401-load0p7,ocs-volume,high-degree-aggregator-bias-replay,1401,160,0,0,5,0,eps,570000,291584,0.01418,,,false
phase15h-r4-high-degree-aggregator-bias-replay-ocs-volume-seed1401-load0p7,ocs-volume,high-degree-aggregator-bias-replay,1401,161,0,0,6,0,eps,570000,207432,0.0142,,,false
phase15h-r4-high-degree-aggregator-bias-replay-ocs-volume-seed1401-load0p7,ocs-volume,high-degree-aggregator-bias-replay,1401,162,1,0,2,0,eps,528000,528000,0.01422,0.029789362,0.015569362,true
phase15h-r4-high-degree-aggregator-bias-replay-ocs-volume-seed1401-load0p7,ocs-volume,high-degree-aggregator-bias-replay,1401,163,2,0,3,0,ocs,528000,528000,0.01424,0.016706714,0.002466714,true
phase15h-r4-high-degree-aggregator-bias-replay-ocs-volume-seed1401-load0p7,ocs-volume,high-degree-aggregator-bias-replay,1401,164,4,0,5,0,eps,528000,528000,0.01426,0.02483754,0.01057754,true
phase15h-r4-high-degree-aggregator-bias-replay-ocs-volume-seed1401-load0p7,ocs-volume,high-degree-aggregator-bias-replay,1401,165,5,0,6,0,ocs,528000,528000,0.01428,0.017681621,0.003401621,true
phase15h-r4-high-degree-aggregator-bias-replay-ocs-volume-seed1401-load0p7,ocs-volume,high-degree-aggregator-bias-replay,1401,166,1,0,3,0,eps,432000,432000,0.0143,0.026347677,0.012047677,true
phase15h-r4-high-degree-aggregator-bias-replay-ocs-volume-seed1401-load0p7,ocs-volume,high-degree-aggregator-bias-replay,1401,167,4,0,6,0,eps,432000,432000,0.01432,0.027032169,0.012712169,true
phase15h-r4-high-degree-aggregator-bias-replay-ocs-volume-seed1401-load0p7,ocs-volume,high-degree-aggregator-bias-replay,1401,168,6,0,7,0,eps,240000,240000,0.01434,0.017701653,0.003361653,true
phase15h-r4-high-degree-aggregator-bias-replay-ocs-volume-seed1401-load0p7,ocs-volume,high-degree-aggregator-bias-replay,1401,169,0,0,1,0,ocs,570000,570000,0.01436,0.018417136,0.004057136,true
phase15h-r4-high-degree-aggregator-bias-replay-ocs-volume-seed1401-load0p7,ocs-volume,high-degree-aggregator-bias-replay,1401,170,0,0,2,0,eps,570000,68072,0.01438,,,false
phase15h-r4-high-degree-aggregator-bias-replay-ocs-volume-seed1401-load0p7,ocs-volume,high-degree-aggregator-bias-replay,1401,171,0,0,3,0,eps,570000,286224,0.0144,,,false
phase15h-r4-high-degree-aggregator-bias-replay-ocs-volume-seed1401-load0p7,ocs-volume,high-degree-aggregator-bias-replay,1401,172,0,0,4,0,eps,570000,286224,0.01442,,,false
phase15h-r4-high-degree-aggregator-bias-replay-ocs-volume-seed1401-load0p7,ocs-volume,high-degree-aggregator-bias-replay,1401,173,0,0,5,0,eps,570000,286224,0.01444,,,false
phase15h-r4-high-degree-aggregator-bias-replay-ocs-volume-seed1401-load0p7,ocs-volume,high-degree-aggregator-bias-replay,1401,174,0,0,6,0,eps,570000,278184,0.01446,,,false
phase15h-r4-high-degree-aggregator-bias-replay-ocs-volume-seed1401-load0p7,ocs-volume,high-degree-aggregator-bias-replay,1401,175,1,0,2,0,eps,528000,528000,0.01448,0.030348548,0.015868548,true
phase15h-r4-high-degree-aggregator-bias-replay-ocs-volume-seed1401-load0p7,ocs-volume,high-degree-aggregator-bias-replay,1401,176,2,0,3,0,ocs,528000,528000,0.0145,0.016958244,0.002458244,true
phase15h-r4-high-degree-aggregator-bias-replay-ocs-volume-seed1401-load0p7,ocs-volume,high-degree-aggregator-bias-replay,1401,177,4,0,5,0,eps,528000,528000,0.01452,0.025077709,0.010557709,true
phase15h-r4-high-degree-aggregator-bias-replay-ocs-volume-seed1401-load0p7,ocs-volume,high-degree-aggregator-bias-replay,1401,178,5,0,6,0,ocs,528000,528000,0.01454,0.01792511,0.00338511,true
phase15h-r4-high-degree-aggregator-bias-replay-ocs-volume-seed1401-load0p7,ocs-volume,high-degree-aggregator-bias-replay,1401,179,1,0,3,0,eps,432000,432000,0.01456,0.030616462,0.016056462,true
phase15h-r4-high-degree-aggregator-bias-replay-ocs-volume-seed1401-load0p7,ocs-volume,high-degree-aggregator-bias-replay,1401,180,4,0,6,0,eps,432000,432000,0.01458,0.027588682,0.013008682,true
phase15h-r4-high-degree-aggregator-bias-replay-ocs-volume-seed1401-load0p7,ocs-volume,high-degree-aggregator-bias-replay,1401,181,6,0,7,0,eps,240000,240000,0.0146,0.017936577,0.003336577,true
phase15h-r4-high-degree-aggregator-bias-replay-ocs-volume-seed1401-load0p7,ocs-volume,high-degree-aggregator-bias-replay,1401,182,0,0,1,0,ocs,570000,570000,0.01462,0.018547114,0.003927114,true
phase15h-r4-high-degree-aggregator-bias-replay-ocs-volume-seed1401-load0p7,ocs-volume,high-degree-aggregator-bias-replay,1401,183,0,0,2,0,eps,570000,281936,0.01464,,,false
phase15h-r4-high-degree-aggregator-bias-replay-ocs-volume-seed1401-load0p7,ocs-volume,high-degree-aggregator-bias-replay,1401,184,0,0,3,0,eps,570000,106664,0.01466,,,false
phase15h-r4-high-degree-aggregator-bias-replay-ocs-volume-seed1401-load0p7,ocs-volume,high-degree-aggregator-bias-replay,1401,185,0,0,4,0,eps,570000,281936,0.01468,,,false
phase15h-r4-high-degree-aggregator-bias-replay-ocs-volume-seed1401-load0p7,ocs-volume,high-degree-aggregator-bias-replay,1401,186,0,0,5,0,eps,570000,281936,0.0147,,,false
phase15h-r4-high-degree-aggregator-bias-replay-ocs-volume-seed1401-load0p7,ocs-volume,high-degree-aggregator-bias-replay,1401,187,0,0,6,0,eps,570000,280328,0.01472,,,false
phase15h-r4-high-degree-aggregator-bias-replay-ocs-volume-seed1401-load0p7,ocs-volume,high-degree-aggregator-bias-replay,1401,188,1,0,2,0,eps,528000,528000,0.01474,0.030971185,0.016231185,true
phase15h-r4-high-degree-aggregator-bias-replay-ocs-volume-seed1401-load0p7,ocs-volume,high-degree-aggregator-bias-replay,1401,189,2,0,3,0,ocs,528000,528000,0.01476,0.017211655,0.002451655,true
phase15h-r4-high-degree-aggregator-bias-replay-ocs-volume-seed1401-load0p7,ocs-volume,high-degree-aggregator-bias-replay,1401,190,4,0,5,0,eps,528000,528000,0.01478,0.025211611,0.010431611,true
phase15h-r4-high-degree-aggregator-bias-replay-ocs-volume-seed1401-load0p7,ocs-volume,high-degree-aggregator-bias-replay,1401,191,5,0,6,0,ocs,528000,528000,0.0148,0.016465303,0.001665303,true
phase15h-r4-high-degree-aggregator-bias-replay-ocs-volume-seed1401-load0p7,ocs-volume,high-degree-aggregator-bias-replay,1401,192,1,0,3,0,eps,432000,432000,0.01482,0.027292558,0.012472558,true
phase15h-r4-high-degree-aggregator-bias-replay-ocs-volume-seed1401-load0p7,ocs-volume,high-degree-aggregator-bias-replay,1401,193,4,0,6,0,eps,432000,432000,0.01484,0.028016794,0.013176794,true
phase15h-r4-high-degree-aggregator-bias-replay-ocs-volume-seed1401-load0p7,ocs-volume,high-degree-aggregator-bias-replay,1401,194,6,0,7,0,eps,240000,240000,0.01486,0.017355419,0.002495419,true
phase15h-r4-high-degree-aggregator-bias-replay-ocs-volume-seed1401-load0p7,ocs-volume,high-degree-aggregator-bias-replay,1401,195,0,0,1,0,ocs,798000,798000,0.0151,0.019739458,0.004639458,true
phase15h-r4-high-degree-aggregator-bias-replay-ocs-volume-seed1401-load0p7,ocs-volume,high-degree-aggregator-bias-replay,1401,196,0,0,2,0,eps,798000,274968,0.01512,,,false
phase15h-r4-high-degree-aggregator-bias-replay-ocs-volume-seed1401-load0p7,ocs-volume,high-degree-aggregator-bias-replay,1401,197,0,0,3,0,eps,1638000,274968,0.01514,,,false
phase15h-r4-high-degree-aggregator-bias-replay-ocs-volume-seed1401-load0p7,ocs-volume,high-degree-aggregator-bias-replay,1401,198,0,0,4,0,eps,798000,273896,0.01516,,,false
phase15h-r4-high-degree-aggregator-bias-replay-ocs-volume-seed1401-load0p7,ocs-volume,high-degree-aggregator-bias-replay,1401,199,0,0,5,0,eps,798000,273896,0.01518,,,false
phase15h-r4-high-degree-aggregator-bias-replay-ocs-volume-seed1401-load0p7,ocs-volume,high-degree-aggregator-bias-replay,1401,200,0,0,6,0,eps,798000,273896,0.0152,,,false
phase15h-r4-high-degree-aggregator-bias-replay-ocs-volume-seed1401-load0p7,ocs-volume,high-degree-aggregator-bias-replay,1401,201,1,0,2,0,eps,3744000,832944,0.01522,,,false
phase15h-r4-high-degree-aggregator-bias-replay-ocs-volume-seed1401-load0p7,ocs-volume,high-degree-aggregator-bias-replay,1401,202,2,0,3,0,ocs,2544000,2544000,0.01524,0.020088702,0.004848702,true
phase15h-r4-high-degree-aggregator-bias-replay-ocs-volume-seed1401-load0p7,ocs-volume,high-degree-aggregator-bias-replay,1401,203,4,0,5,0,ocs,3744000,3744000,0.01526,0.020865897,0.005605897,true
phase15h-r4-high-degree-aggregator-bias-replay-ocs-volume-seed1401-load0p7,ocs-volume,high-degree-aggregator-bias-replay,1401,204,5,0,6,0,eps,3744000,853312,0.01528,,,false
phase15h-r4-high-degree-aggregator-bias-replay-ocs-volume-seed1401-load0p7,ocs-volume,high-degree-aggregator-bias-replay,1401,205,1,0,3,0,eps,1728000,110416,0.0153,,,false
phase15h-r4-high-degree-aggregator-bias-replay-ocs-volume-seed1401-load0p7,ocs-volume,high-degree-aggregator-bias-replay,1401,206,4,0,6,0,eps,1728000,741288,0.01532,,,false
phase15h-r4-high-degree-aggregator-bias-replay-ocs-volume-seed1401-load0p7,ocs-volume,high-degree-aggregator-bias-replay,1401,207,6,0,7,0,ocs,2832000,2832000,0.01534,0.02238951,0.00704951,true
phase15h-r4-high-degree-aggregator-bias-replay-ocs-volume-seed1401-load0p7,ocs-volume,high-degree-aggregator-bias-replay,1401,208,0,0,1,0,ocs,798000,798000,0.01536,0.020002041,0.004642041,true
phase15h-r4-high-degree-aggregator-bias-replay-ocs-volume-seed1401-load0p7,ocs-volume,high-degree-aggregator-bias-replay,1401,209,0,0,2,0,eps,798000,236376,0.01538,,,false
phase15h-r4-high-degree-aggregator-bias-replay-ocs-volume-seed1401-load0p7,ocs-volume,high-degree-aggregator-bias-replay,1401,210,0,0,3,0,eps,1638000,271216,0.0154,,,false
phase15h-r4-high-degree-aggregator-bias-replay-ocs-volume-seed1401-load0p7,ocs-volume,high-degree-aggregator-bias-replay,1401,211,0,0,4,0,eps,798000,254600,0.01542,,,false
phase15h-r4-high-degree-aggregator-bias-replay-ocs-volume-seed1401-load0p7,ocs-volume,high-degree-aggregator-bias-replay,1401,212,0,0,5,0,eps,798000,219760,0.01544,,,false
phase15h-r4-high-degree-aggregator-bias-replay-ocs-volume-seed1401-load0p7,ocs-volume,high-degree-aggregator-bias-replay,1401,213,0,0,6,0,eps,798000,269608,0.01546,,,false
phase15h-r4-high-degree-aggregator-bias-replay-ocs-volume-seed1401-load0p7,ocs-volume,high-degree-aggregator-bias-replay,1401,214,1,0,2,0,eps,3744000,820616,0.01548,,,false
phase15h-r4-high-degree-aggregator-bias-replay-ocs-volume-seed1401-load0p7,ocs-volume,high-degree-aggregator-bias-replay,1401,215,2,0,3,0,ocs,2544000,2544000,0.0155,0.020383288,0.004883288,true
phase15h-r4-high-degree-aggregator-bias-replay-ocs-volume-seed1401-load0p7,ocs-volume,high-degree-aggregator-bias-replay,1401,216,4,0,5,0,ocs,3744000,3744000,0.01552,0.021148065,0.005628065,true
phase15h-r4-high-degree-aggregator-bias-replay-ocs-volume-seed1401-load0p7,ocs-volume,high-degree-aggregator-bias-replay,1401,217,5,0,6,0,eps,3744000,844200,0.01554,,,false
phase15h-r4-high-degree-aggregator-bias-replay-ocs-volume-seed1401-load0p7,ocs-volume,high-degree-aggregator-bias-replay,1401,218,1,0,3,0,eps,1728000,817936,0.01556,,,false
phase15h-r4-high-degree-aggregator-bias-replay-ocs-volume-seed1401-load0p7,ocs-volume,high-degree-aggregator-bias-replay,1401,219,4,0,6,0,eps,1728000,731104,0.01558,,,false
phase15h-r4-high-degree-aggregator-bias-replay-ocs-volume-seed1401-load0p7,ocs-volume,high-degree-aggregator-bias-replay,1401,220,6,0,7,0,ocs,2832000,2832000,0.0156,0.0227654,0.0071654,true
phase15h-r4-high-degree-aggregator-bias-replay-ocs-volume-seed1401-load0p7,ocs-volume,high-degree-aggregator-bias-replay,1401,221,0,0,1,0,ocs,798000,798000,0.01562,0.020262478,0.004642478,true
phase15h-r4-high-degree-aggregator-bias-replay-ocs-volume-seed1401-load0p7,ocs-volume,high-degree-aggregator-bias-replay,1401,222,0,0,2,0,eps,798000,266928,0.01564,,,false
phase15h-r4-high-degree-aggregator-bias-replay-ocs-volume-seed1401-load0p7,ocs-volume,high-degree-aggregator-bias-replay,1401,223,0,0,3,0,eps,1638000,266928,0.01566,,,false
phase15h-r4-high-degree-aggregator-bias-replay-ocs-volume-seed1401-load0p7,ocs-volume,high-degree-aggregator-bias-replay,1401,224,0,0,4,0,eps,798000,265320,0.01568,,,false
phase15h-r4-high-degree-aggregator-bias-replay-ocs-volume-seed1401-load0p7,ocs-volume,high-degree-aggregator-bias-replay,1401,225,0,0,5,0,eps,798000,266928,0.0157,,,false
phase15h-r4-high-degree-aggregator-bias-replay-ocs-volume-seed1401-load0p7,ocs-volume,high-degree-aggregator-bias-replay,1401,226,0,0,6,0,eps,798000,258888,0.01572,,,false
phase15h-r4-high-degree-aggregator-bias-replay-ocs-volume-seed1401-load0p7,ocs-volume,high-degree-aggregator-bias-replay,1401,227,1,0,2,0,eps,3744000,810968,0.01574,,,false
phase15h-r4-high-degree-aggregator-bias-replay-ocs-volume-seed1401-load0p7,ocs-volume,high-degree-aggregator-bias-replay,1401,228,2,0,3,0,ocs,2544000,2544000,0.01576,0.020673375,0.004913375,true
phase15h-r4-high-degree-aggregator-bias-replay-ocs-volume-seed1401-load0p7,ocs-volume,high-degree-aggregator-bias-replay,1401,229,4,0,5,0,ocs,3744000,3744000,0.01578,0.021429735,0.005649735,true
phase15h-r4-high-degree-aggregator-bias-replay-ocs-volume-seed1401-load0p7,ocs-volume,high-degree-aggregator-bias-replay,1401,230,5,0,6,0,eps,3744000,813112,0.0158,,,false
phase15h-r4-high-degree-aggregator-bias-replay-ocs-volume-seed1401-load0p7,ocs-volume,high-degree-aggregator-bias-replay,1401,231,1,0,3,0,eps,1728000,808288,0.01582,,,false
phase15h-r4-high-degree-aggregator-bias-replay-ocs-volume-seed1401-load0p7,ocs-volume,high-degree-aggregator-bias-replay,1401,232,4,0,6,0,eps,1728000,719312,0.01584,,,false
phase15h-r4-high-degree-aggregator-bias-replay-ocs-volume-seed1401-load0p7,ocs-volume,high-degree-aggregator-bias-replay,1401,233,6,0,7,0,ocs,2832000,2832000,0.01586,0.019957,0.004097,true
phase15h-r4-high-degree-aggregator-bias-replay-ocs-volume-seed1401-load0p7,ocs-volume,high-degree-aggregator-bias-replay,1401,234,0,0,1,0,ocs,570000,570000,0.0191,0.023028663,0.003928663,true
phase15h-r4-high-degree-aggregator-bias-replay-ocs-volume-seed1401-load0p7,ocs-volume,high-degree-aggregator-bias-replay,1401,235,0,0,2,0,eps,570000,220296,0.01912,,,false
phase15h-r4-high-degree-aggregator-bias-replay-ocs-volume-seed1401-load0p7,ocs-volume,high-degree-aggregator-bias-replay,1401,236,0,0,3,0,eps,570000,220296,0.01914,,,false
phase15h-r4-high-degree-aggregator-bias-replay-ocs-volume-seed1401-load0p7,ocs-volume,high-degree-aggregator-bias-replay,1401,237,0,0,4,0,eps,570000,161336,0.01916,,,false
phase15h-r4-high-degree-aggregator-bias-replay-ocs-volume-seed1401-load0p7,ocs-volume,high-degree-aggregator-bias-replay,1401,238,0,0,5,0,eps,570000,219224,0.01918,,,false
phase15h-r4-high-degree-aggregator-bias-replay-ocs-volume-seed1401-load0p7,ocs-volume,high-degree-aggregator-bias-replay,1401,239,0,0,6,0,eps,570000,217616,0.0192,,,false
phase15h-r4-high-degree-aggregator-bias-replay-ocs-volume-seed1401-load0p7,ocs-volume,high-degree-aggregator-bias-replay,1401,240,1,0,2,0,eps,528000,528000,0.01922,0.04019361,0.02097361,true
phase15h-r4-high-degree-aggregator-bias-replay-ocs-volume-seed1401-load0p7,ocs-volume,high-degree-aggregator-bias-replay,1401,241,2,0,3,0,ocs,528000,528000,0.01924,0.021712614,0.002472614,true
phase15h-r4-high-degree-aggregator-bias-replay-ocs-volume-seed1401-load0p7,ocs-volume,high-degree-aggregator-bias-replay,1401,242,4,0,5,0,ocs,528000,528000,0.01926,0.02169683,0.00243683,true
phase15h-r4-high-degree-aggregator-bias-replay-ocs-volume-seed1401-load0p7,ocs-volume,high-degree-aggregator-bias-replay,1401,243,5,0,6,0,eps,528000,528000,0.01928,0.046438268,0.027158268,true
phase15h-r4-high-degree-aggregator-bias-replay-ocs-volume-seed1401-load0p7,ocs-volume,high-degree-aggregator-bias-replay,1401,244,1,0,3,0,eps,432000,432000,0.0193,0.035155755,0.015855755,true
phase15h-r4-high-degree-aggregator-bias-replay-ocs-volume-seed1401-load0p7,ocs-volume,high-degree-aggregator-bias-replay,1401,245,4,0,6,0,eps,432000,432000,0.01932,0.039373832,0.020053832,true
phase15h-r4-high-degree-aggregator-bias-replay-ocs-volume-seed1401-load0p7,ocs-volume,high-degree-aggregator-bias-replay,1401,246,6,0,7,0,ocs,240000,240000,0.01934,0.021425743,0.002085743,true
phase15h-r4-high-degree-aggregator-bias-replay-ocs-volume-seed1401-load0p7,ocs-volume,high-degree-aggregator-bias-replay,1401,247,0,0,1,0,ocs,570000,570000,0.01936,0.023293554,0.003933554,true
phase15h-r4-high-degree-aggregator-bias-replay-ocs-volume-seed1401-load0p7,ocs-volume,high-degree-aggregator-bias-replay,1401,248,0,0,2,0,eps,570000,216008,0.01938,,,false
phase15h-r4-high-degree-aggregator-bias-replay-ocs-volume-seed1401-load0p7,ocs-volume,high-degree-aggregator-bias-replay,1401,249,0,0,3,0,eps,570000,216008,0.0194,,,false
phase15h-r4-high-degree-aggregator-bias-replay-ocs-volume-seed1401-load0p7,ocs-volume,high-degree-aggregator-bias-replay,1401,250,0,0,4,0,eps,570000,82544,0.01942,,,false
phase15h-r4-high-degree-aggregator-bias-replay-ocs-volume-seed1401-load0p7,ocs-volume,high-degree-aggregator-bias-replay,1401,251,0,0,5,0,eps,570000,199392,0.01944,,,false
phase15h-r4-high-degree-aggregator-bias-replay-ocs-volume-seed1401-load0p7,ocs-volume,high-degree-aggregator-bias-replay,1401,252,0,0,6,0,eps,570000,214936,0.01946,,,false
phase15h-r4-high-degree-aggregator-bias-replay-ocs-volume-seed1401-load0p7,ocs-volume,high-degree-aggregator-bias-replay,1401,253,1,0,2,0,eps,528000,528000,0.01948,0.040710548,0.021230548,true
phase15h-r4-high-degree-aggregator-bias-replay-ocs-volume-seed1401-load0p7,ocs-volume,high-degree-aggregator-bias-replay,1401,254,2,0,3,0,ocs,528000,528000,0.0195,0.021963659,0.002463659,true
phase15h-r4-high-degree-aggregator-bias-replay-ocs-volume-seed1401-load0p7,ocs-volume,high-degree-aggregator-bias-replay,1401,255,4,0,5,0,ocs,528000,528000,0.01952,0.021960143,0.002440143,true
phase15h-r4-high-degree-aggregator-bias-replay-ocs-volume-seed1401-load0p7,ocs-volume,high-degree-aggregator-bias-replay,1401,256,5,0,6,0,eps,528000,523136,0.01954,,,false
phase15h-r4-high-degree-aggregator-bias-replay-ocs-volume-seed1401-load0p7,ocs-volume,high-degree-aggregator-bias-replay,1401,257,1,0,3,0,eps,432000,432000,0.01956,0.049997396,0.030437396,true
phase15h-r4-high-degree-aggregator-bias-replay-ocs-volume-seed1401-load0p7,ocs-volume,high-degree-aggregator-bias-replay,1401,258,4,0,6,0,eps,432000,432000,0.01958,0.040183695,0.020603695,true
phase15h-r4-high-degree-aggregator-bias-replay-ocs-volume-seed1401-load0p7,ocs-volume,high-degree-aggregator-bias-replay,1401,259,6,0,7,0,ocs,240000,240000,0.0196,0.021882908,0.002282908,true
phase15h-r4-high-degree-aggregator-bias-replay-ocs-volume-seed1401-load0p7,ocs-volume,high-degree-aggregator-bias-replay,1401,260,0,0,1,0,ocs,570000,570000,0.01962,0.023558541,0.003938541,true
phase15h-r4-high-degree-aggregator-bias-replay-ocs-volume-seed1401-load0p7,ocs-volume,high-degree-aggregator-bias-replay,1401,261,0,0,2,0,eps,570000,213328,0.01964,,,false
phase15h-r4-high-degree-aggregator-bias-replay-ocs-volume-seed1401-load0p7,ocs-volume,high-degree-aggregator-bias-replay,1401,262,0,0,3,0,eps,570000,213328,0.01966,,,false
phase15h-r4-high-degree-aggregator-bias-replay-ocs-volume-seed1401-load0p7,ocs-volume,high-degree-aggregator-bias-replay,1401,263,0,0,4,0,eps,570000,212256,0.01968,,,false
phase15h-r4-high-degree-aggregator-bias-replay-ocs-volume-seed1401-load0p7,ocs-volume,high-degree-aggregator-bias-replay,1401,264,0,0,5,0,eps,570000,213328,0.0197,,,false
phase15h-r4-high-degree-aggregator-bias-replay-ocs-volume-seed1401-load0p7,ocs-volume,high-degree-aggregator-bias-replay,1401,265,0,0,6,0,eps,570000,212256,0.01972,,,false
phase15h-r4-high-degree-aggregator-bias-replay-ocs-volume-seed1401-load0p7,ocs-volume,high-degree-aggregator-bias-replay,1401,266,1,0,2,0,eps,528000,528000,0.01974,0.041500804,0.021760804,true
phase15h-r4-high-degree-aggregator-bias-replay-ocs-volume-seed1401-load0p7,ocs-volume,high-degree-aggregator-bias-replay,1401,267,2,0,3,0,ocs,528000,528000,0.01976,0.022213912,0.002453912,true
phase15h-r4-high-degree-aggregator-bias-replay-ocs-volume-seed1401-load0p7,ocs-volume,high-degree-aggregator-bias-replay,1401,268,4,0,5,0,ocs,528000,528000,0.01978,0.02222337,0.00244337,true
phase15h-r4-high-degree-aggregator-bias-replay-ocs-volume-seed1401-load0p7,ocs-volume,high-degree-aggregator-bias-replay,1401,269,5,0,6,0,eps,528000,528000,0.0198,0.048544695,0.028744695,true
phase15h-r4-high-degree-aggregator-bias-replay-ocs-volume-seed1401-load0p7,ocs-volume,high-degree-aggregator-bias-replay,1401,270,1,0,3,0,eps,432000,432000,0.01982,0.03618006,0.01636006,true
phase15h-r4-high-degree-aggregator-bias-replay-ocs-volume-seed1401-load0p7,ocs-volume,high-degree-aggregator-bias-replay,1401,271,4,0,6,0,eps,432000,432000,0.01984,0.040889614,0.021049614,true
phase15h-r4-high-degree-aggregator-bias-replay-ocs-volume-seed1401-load0p7,ocs-volume,high-degree-aggregator-bias-replay,1401,272,6,0,7,0,ocs,240000,240000,0.01986,0.020845155,0.000985155,true
phase15h-r4-high-degree-aggregator-bias-replay-ocs-volume-seed1401-load0p7,ocs-volume,high-degree-aggregator-bias-replay,1401,273,0,0,1,0,ocs,798000,798000,0.0201,0.024742833,0.004642833,true
phase15h-r4-high-degree-aggregator-bias-replay-ocs-volume-seed1401-load0p7,ocs-volume,high-degree-aggregator-bias-replay,1401,274,0,0,2,0,eps,798000,207968,0.02012,,,false
phase15h-r4-high-degree-aggregator-bias-replay-ocs-volume-seed1401-load0p7,ocs-volume,high-degree-aggregator-bias-replay,1401,275,0,0,3,0,eps,1638000,207968,0.02014,,,false
phase15h-r4-high-degree-aggregator-bias-replay-ocs-volume-seed1401-load0p7,ocs-volume,high-degree-aggregator-bias-replay,1401,276,0,0,4,0,eps,798000,206896,0.02016,,,false
phase15h-r4-high-degree-aggregator-bias-replay-ocs-volume-seed1401-load0p7,ocs-volume,high-degree-aggregator-bias-replay,1401,277,0,0,5,0,eps,798000,206896,0.02018,,,false
phase15h-r4-high-degree-aggregator-bias-replay-ocs-volume-seed1401-load0p7,ocs-volume,high-degree-aggregator-bias-replay,1401,278,0,0,6,0,eps,798000,194568,0.0202,,,false
phase15h-r4-high-degree-aggregator-bias-replay-ocs-volume-seed1401-load0p7,ocs-volume,high-degree-aggregator-bias-replay,1401,279,1,0,2,0,eps,3744000,69680,0.02022,,,false
phase15h-r4-high-degree-aggregator-bias-replay-ocs-volume-seed1401-load0p7,ocs-volume,high-degree-aggregator-bias-replay,1401,280,2,0,3,0,ocs,2544000,2544000,0.02024,0.025083986,0.004843986,true
phase15h-r4-high-degree-aggregator-bias-replay-ocs-volume-seed1401-load0p7,ocs-volume,high-degree-aggregator-bias-replay,1401,281,4,0,5,0,ocs,3744000,3744000,0.02026,0.025913748,0.005653748,true
phase15h-r4-high-degree-aggregator-bias-replay-ocs-volume-seed1401-load0p7,ocs-volume,high-degree-aggregator-bias-replay,1401,282,5,0,6,0,eps,3744000,527960,0.02028,,,false
phase15h-r4-high-degree-aggregator-bias-replay-ocs-volume-seed1401-load0p7,ocs-volume,high-degree-aggregator-bias-replay,1401,283,1,0,3,0,eps,1728000,633016,0.0203,,,false
phase15h-r4-high-degree-aggregator-bias-replay-ocs-volume-seed1401-load0p7,ocs-volume,high-degree-aggregator-bias-replay,1401,284,4,0,6,0,eps,1728000,519384,0.02032,,,false
phase15h-r4-high-degree-aggregator-bias-replay-ocs-volume-seed1401-load0p7,ocs-volume,high-degree-aggregator-bias-replay,1401,285,6,0,7,0,ocs,2832000,2832000,0.02034,0.028555541,0.008215541,true
phase15h-r4-high-degree-aggregator-bias-replay-ocs-volume-seed1401-load0p7,ocs-volume,high-degree-aggregator-bias-replay,1401,286,0,0,1,0,ocs,798000,798000,0.02036,0.02530836,0.00494836,true
phase15h-r4-high-degree-aggregator-bias-replay-ocs-volume-seed1401-load0p7,ocs-volume,high-degree-aggregator-bias-replay,1401,287,0,0,2,0,eps,798000,205288,0.02038,,,false
phase15h-r4-high-degree-aggregator-bias-replay-ocs-volume-seed1401-load0p7,ocs-volume,high-degree-aggregator-bias-replay,1401,288,0,0,3,0,eps,1638000,197248,0.0204,,,false
phase15h-r4-high-degree-aggregator-bias-replay-ocs-volume-seed1401-load0p7,ocs-volume,high-degree-aggregator-bias-replay,1401,289,0,0,4,0,eps,798000,57352,0.02042,,,false
phase15h-r4-high-degree-aggregator-bias-replay-ocs-volume-seed1401-load0p7,ocs-volume,high-degree-aggregator-bias-replay,1401,290,0,0,5,0,eps,798000,204216,0.02044,,,false
phase15h-r4-high-degree-aggregator-bias-replay-ocs-volume-seed1401-load0p7,ocs-volume,high-degree-aggregator-bias-replay,1401,291,0,0,6,0,eps,798000,204216,0.02046,,,false
phase15h-r4-high-degree-aggregator-bias-replay-ocs-volume-seed1401-load0p7,ocs-volume,high-degree-aggregator-bias-replay,1401,292,1,0,2,0,eps,3744000,164552,0.02048,,,false
phase15h-r4-high-degree-aggregator-bias-replay-ocs-volume-seed1401-load0p7,ocs-volume,high-degree-aggregator-bias-replay,1401,293,2,0,3,0,ocs,2544000,2544000,0.0205,0.025550844,0.005050844,true
phase15h-r4-high-degree-aggregator-bias-replay-ocs-volume-seed1401-load0p7,ocs-volume,high-degree-aggregator-bias-replay,1401,294,4,0,5,0,ocs,3744000,3744000,0.02052,0.026156016,0.005636016,true
phase15h-r4-high-degree-aggregator-bias-replay-ocs-volume-seed1401-load0p7,ocs-volume,high-degree-aggregator-bias-replay,1401,295,5,0,6,0,eps,3744000,523136,0.02054,,,false
phase15h-r4-high-degree-aggregator-bias-replay-ocs-volume-seed1401-load0p7,ocs-volume,high-degree-aggregator-bias-replay,1401,296,1,0,3,0,eps,1728000,623904,0.02056,,,false
phase15h-r4-high-degree-aggregator-bias-replay-ocs-volume-seed1401-load0p7,ocs-volume,high-degree-aggregator-bias-replay,1401,297,4,0,6,0,eps,1728000,517240,0.02058,,,false
phase15h-r4-high-degree-aggregator-bias-replay-ocs-volume-seed1401-load0p7,ocs-volume,high-degree-aggregator-bias-replay,1401,298,6,0,7,0,ocs,2832000,2832000,0.0206,0.028726989,0.008126989,true
phase15h-r4-high-degree-aggregator-bias-replay-ocs-volume-seed1401-load0p7,ocs-volume,high-degree-aggregator-bias-replay,1401,299,0,0,1,0,ocs,798000,798000,0.02062,0.025254443,0.004634443,true
phase15h-r4-high-degree-aggregator-bias-replay-ocs-volume-seed1401-load0p7,ocs-volume,high-degree-aggregator-bias-replay,1401,300,0,0,2,0,eps,798000,202608,0.02064,,,false
phase15h-r4-high-degree-aggregator-bias-replay-ocs-volume-seed1401-load0p7,ocs-volume,high-degree-aggregator-bias-replay,1401,301,0,0,3,0,eps,1638000,202608,0.02066,,,false
phase15h-r4-high-degree-aggregator-bias-replay-ocs-volume-seed1401-load0p7,ocs-volume,high-degree-aggregator-bias-replay,1401,302,0,0,4,0,eps,798000,201000,0.02068,,,false
phase15h-r4-high-degree-aggregator-bias-replay-ocs-volume-seed1401-load0p7,ocs-volume,high-degree-aggregator-bias-replay,1401,303,0,0,5,0,eps,798000,201000,0.0207,,,false
phase15h-r4-high-degree-aggregator-bias-replay-ocs-volume-seed1401-load0p7,ocs-volume,high-degree-aggregator-bias-replay,1401,304,0,0,6,0,eps,798000,201000,0.02072,,,false
phase15h-r4-high-degree-aggregator-bias-replay-ocs-volume-seed1401-load0p7,ocs-volume,high-degree-aggregator-bias-replay,1401,305,1,0,2,0,eps,3744000,616936,0.02074,,,false
phase15h-r4-high-degree-aggregator-bias-replay-ocs-volume-seed1401-load0p7,ocs-volume,high-degree-aggregator-bias-replay,1401,306,2,0,3,0,ocs,2544000,2544000,0.02076,0.025646549,0.004886549,true
phase15h-r4-high-degree-aggregator-bias-replay-ocs-volume-seed1401-load0p7,ocs-volume,high-degree-aggregator-bias-replay,1401,307,4,0,5,0,ocs,3744000,3744000,0.02078,0.026388947,0.005608947,true
phase15h-r4-high-degree-aggregator-bias-replay-ocs-volume-seed1401-load0p7,ocs-volume,high-degree-aggregator-bias-replay,1401,308,5,0,6,0,eps,3744000,512952,0.0208,,,false
phase15h-r4-high-degree-aggregator-bias-replay-ocs-volume-seed1401-load0p7,ocs-volume,high-degree-aggregator-bias-replay,1401,309,1,0,3,0,eps,1728000,612648,0.02082,,,false
phase15h-r4-high-degree-aggregator-bias-replay-ocs-volume-seed1401-load0p7,ocs-volume,high-degree-aggregator-bias-replay,1401,310,4,0,6,0,eps,1728000,507592,0.02084,,,false
phase15h-r4-high-degree-aggregator-bias-replay-ocs-volume-seed1401-load0p7,ocs-volume,high-degree-aggregator-bias-replay,1401,311,6,0,7,0,ocs,2832000,2832000,0.02086,0.026589707,0.005729707,true
phase15h-r4-high-degree-aggregator-bias-replay-ocs-volume-seed1401-load0p7,ocs-volume,high-degree-aggregator-bias-replay,1401,312,0,0,1,0,ocs,570000,570000,0.0241,0.0280259,0.0039259,true
phase15h-r4-high-degree-aggregator-bias-replay-ocs-volume-seed1401-load0p7,ocs-volume,high-degree-aggregator-bias-replay,1401,313,0,0,2,0,eps,570000,167232,0.02412,,,false
phase15h-r4-high-degree-aggregator-bias-replay-ocs-volume-seed1401-load0p7,ocs-volume,high-degree-aggregator-bias-replay,1401,314,0,0,3,0,eps,570000,167232,0.02414,,,false
phase15h-r4-high-degree-aggregator-bias-replay-ocs-volume-seed1401-load0p7,ocs-volume,high-degree-aggregator-bias-replay,1401,315,0,0,4,0,eps,570000,167232,0.02416,,,false
phase15h-r4-high-degree-aggregator-bias-replay-ocs-volume-seed1401-load0p7,ocs-volume,high-degree-aggregator-bias-replay,1401,316,0,0,5,0,eps,570000,155440,0.02418,,,false
phase15h-r4-high-degree-aggregator-bias-replay-ocs-volume-seed1401-load0p7,ocs-volume,high-degree-aggregator-bias-replay,1401,317,0,0,6,0,eps,570000,165624,0.0242,,,false
phase15h-r4-high-degree-aggregator-bias-replay-ocs-volume-seed1401-load0p7,ocs-volume,high-degree-aggregator-bias-replay,1401,318,1,0,2,0,eps,528000,500624,0.02422,,,false
phase15h-r4-high-degree-aggregator-bias-replay-ocs-volume-seed1401-load0p7,ocs-volume,high-degree-aggregator-bias-replay,1401,319,2,0,3,0,ocs,528000,528000,0.02424,0.026699703,0.002459703,true
phase15h-r4-high-degree-aggregator-bias-replay-ocs-volume-seed1401-load0p7,ocs-volume,high-degree-aggregator-bias-replay,1401,320,4,0,5,0,ocs,528000,528000,0.02426,0.026695269,0.002435269,true
phase15h-r4-high-degree-aggregator-bias-replay-ocs-volume-seed1401-load0p7,ocs-volume,high-degree-aggregator-bias-replay,1401,321,5,0,6,0,eps,528000,410576,0.02428,,,false
phase15h-r4-high-degree-aggregator-bias-replay-ocs-volume-seed1401-load0p7,ocs-volume,high-degree-aggregator-bias-replay,1401,322,1,0,3,0,eps,432000,432000,0.0243,0.045433307,0.021133307,true
phase15h-r4-high-degree-aggregator-bias-replay-ocs-volume-seed1401-load0p7,ocs-volume,high-degree-aggregator-bias-replay,1401,323,4,0,6,0,eps,432000,407360,0.02432,,,false
phase15h-r4-high-degree-aggregator-bias-replay-ocs-volume-seed1401-load0p7,ocs-volume,high-degree-aggregator-bias-replay,1401,324,6,0,7,0,ocs,240000,240000,0.02434,0.026578294,0.002238294,true
phase15h-r4-high-degree-aggregator-bias-replay-ocs-volume-seed1401-load0p7,ocs-volume,high-degree-aggregator-bias-replay,1401,325,0,0,1,0,ocs,570000,570000,0.02436,0.028290275,0.003930275,true
phase15h-r4-high-degree-aggregator-bias-replay-ocs-volume-seed1401-load0p7,ocs-volume,high-degree-aggregator-bias-replay,1401,326,0,0,2,0,eps,570000,164552,0.02438,,,false
phase15h-r4-high-degree-aggregator-bias-replay-ocs-volume-seed1401-load0p7,ocs-volume,high-degree-aggregator-bias-replay,1401,327,0,0,3,0,eps,570000,164552,0.0244,,,false
phase15h-r4-high-degree-aggregator-bias-replay-ocs-volume-seed1401-load0p7,ocs-volume,high-degree-aggregator-bias-replay,1401,328,0,0,4,0,eps,570000,164552,0.02442,,,false
phase15h-r4-high-degree-aggregator-bias-replay-ocs-volume-seed1401-load0p7,ocs-volume,high-degree-aggregator-bias-replay,1401,329,0,0,5,0,eps,570000,164552,0.02444,,,false
phase15h-r4-high-degree-aggregator-bias-replay-ocs-volume-seed1401-load0p7,ocs-volume,high-degree-aggregator-bias-replay,1401,330,0,0,6,0,eps,570000,162944,0.02446,,,false
phase15h-r4-high-degree-aggregator-bias-replay-ocs-volume-seed1401-load0p7,ocs-volume,high-degree-aggregator-bias-replay,1401,331,1,0,2,0,eps,528000,490976,0.02448,,,false
phase15h-r4-high-degree-aggregator-bias-replay-ocs-volume-seed1401-load0p7,ocs-volume,high-degree-aggregator-bias-replay,1401,332,2,0,3,0,ocs,528000,528000,0.0245,0.026966251,0.002466251,true
phase15h-r4-high-degree-aggregator-bias-replay-ocs-volume-seed1401-load0p7,ocs-volume,high-degree-aggregator-bias-replay,1401,333,4,0,5,0,ocs,528000,528000,0.02452,0.026955214,0.002435214,true
phase15h-r4-high-degree-aggregator-bias-replay-ocs-volume-seed1401-load0p7,ocs-volume,high-degree-aggregator-bias-replay,1401,334,5,0,6,0,eps,528000,403608,0.02454,,,false
phase15h-r4-high-degree-aggregator-bias-replay-ocs-volume-seed1401-load0p7,ocs-volume,high-degree-aggregator-bias-replay,1401,335,1,0,3,0,eps,432000,432000,0.02456,0.04597017,0.02141017,true
phase15h-r4-high-degree-aggregator-bias-replay-ocs-volume-seed1401-load0p7,ocs-volume,high-degree-aggregator-bias-replay,1401,336,4,0,6,0,eps,432000,402000,0.02458,,,false
phase15h-r4-high-degree-aggregator-bias-replay-ocs-volume-seed1401-load0p7,ocs-volume,high-degree-aggregator-bias-replay,1401,337,6,0,7,0,ocs,240000,240000,0.0246,0.02745769,0.00285769,true
phase15h-r4-high-degree-aggregator-bias-replay-ocs-volume-seed1401-load0p7,ocs-volume,high-degree-aggregator-bias-replay,1401,338,0,0,1,0,ocs,570000,570000,0.02462,0.02855559,0.00393559,true
phase15h-r4-high-degree-aggregator-bias-replay-ocs-volume-seed1401-load0p7,ocs-volume,high-degree-aggregator-bias-replay,1401,339,0,0,2,0,eps,570000,161336,0.02464,,,false
phase15h-r4-high-degree-aggregator-bias-replay-ocs-volume-seed1401-load0p7,ocs-volume,high-degree-aggregator-bias-replay,1401,340,0,0,3,0,eps,570000,161336,0.02466,,,false
phase15h-r4-high-degree-aggregator-bias-replay-ocs-volume-seed1401-load0p7,ocs-volume,high-degree-aggregator-bias-replay,1401,341,0,0,4,0,eps,570000,161336,0.02468,,,false
phase15h-r4-high-degree-aggregator-bias-replay-ocs-volume-seed1401-load0p7,ocs-volume,high-degree-aggregator-bias-replay,1401,342,0,0,5,0,eps,570000,161336,0.0247,,,false
phase15h-r4-high-degree-aggregator-bias-replay-ocs-volume-seed1401-load0p7,ocs-volume,high-degree-aggregator-bias-replay,1401,343,0,0,6,0,eps,570000,160800,0.02472,,,false
phase15h-r4-high-degree-aggregator-bias-replay-ocs-volume-seed1401-load0p7,ocs-volume,high-degree-aggregator-bias-replay,1401,344,1,0,2,0,eps,528000,482936,0.02474,,,false
phase15h-r4-high-degree-aggregator-bias-replay-ocs-volume-seed1401-load0p7,ocs-volume,high-degree-aggregator-bias-replay,1401,345,2,0,3,0,ocs,528000,528000,0.02476,0.027231409,0.002471409,true
phase15h-r4-high-degree-aggregator-bias-replay-ocs-volume-seed1401-load0p7,ocs-volume,high-degree-aggregator-bias-replay,1401,346,4,0,5,0,ocs,528000,528000,0.02478,0.027218713,0.002438713,true
phase15h-r4-high-degree-aggregator-bias-replay-ocs-volume-seed1401-load0p7,ocs-volume,high-degree-aggregator-bias-replay,1401,347,5,0,6,0,eps,528000,354832,0.0248,,,false
phase15h-r4-high-degree-aggregator-bias-replay-ocs-volume-seed1401-load0p7,ocs-volume,high-degree-aggregator-bias-replay,1401,348,1,0,3,0,eps,432000,432000,0.02482,0.046495355,0.021675355,true
phase15h-r4-high-degree-aggregator-bias-replay-ocs-volume-seed1401-load0p7,ocs-volume,high-degree-aggregator-bias-replay,1401,349,4,0,6,0,eps,432000,393960,0.02484,,,false
phase15h-r4-high-degree-aggregator-bias-replay-ocs-volume-seed1401-load0p7,ocs-volume,high-degree-aggregator-bias-replay,1401,350,6,0,7,0,ocs,240000,240000,0.02486,0.025849874,0.000989874,true
phase15h-r4-high-degree-aggregator-bias-replay-ocs-volume-seed1401-load0p7,ocs-volume,high-degree-aggregator-bias-replay,1401,351,0,0,1,0,ocs,798000,798000,0.0251,0.029743451,0.004643451,true
phase15h-r4-high-degree-aggregator-bias-replay-ocs-volume-seed1401-load0p7,ocs-volume,high-degree-aggregator-bias-replay,1401,352,0,0,2,0,eps,798000,157584,0.02512,,,false
phase15h-r4-high-degree-aggregator-bias-replay-ocs-volume-seed1401-load0p7,ocs-volume,high-degree-aggregator-bias-replay,1401,353,0,0,3,0,eps,1638000,157584,0.02514,,,false
phase15h-r4-high-degree-aggregator-bias-replay-ocs-volume-seed1401-load0p7,ocs-volume,high-degree-aggregator-bias-replay,1401,354,0,0,4,0,eps,798000,123280,0.02516,,,false
phase15h-r4-high-degree-aggregator-bias-replay-ocs-volume-seed1401-load0p7,ocs-volume,high-degree-aggregator-bias-replay,1401,355,0,0,5,0,eps,798000,157584,0.02518,,,false
phase15h-r4-high-degree-aggregator-bias-replay-ocs-volume-seed1401-load0p7,ocs-volume,high-degree-aggregator-bias-replay,1401,356,0,0,6,0,eps,798000,155976,0.0252,,,false
phase15h-r4-high-degree-aggregator-bias-replay-ocs-volume-seed1401-load0p7,ocs-volume,high-degree-aggregator-bias-replay,1401,357,1,0,2,0,eps,3744000,467928,0.02522,,,false
phase15h-r4-high-degree-aggregator-bias-replay-ocs-volume-seed1401-load0p7,ocs-volume,high-degree-aggregator-bias-replay,1401,358,2,0,3,0,ocs,2544000,2544000,0.02524,0.030084302,0.004844302,true
phase15h-r4-high-degree-aggregator-bias-replay-ocs-volume-seed1401-load0p7,ocs-volume,high-degree-aggregator-bias-replay,1401,359,4,0,5,0,ocs,3744000,3744000,0.02526,0.030913223,0.005653223,true
phase15h-r4-high-degree-aggregator-bias-replay-ocs-volume-seed1401-load0p7,ocs-volume,high-degree-aggregator-bias-replay,1401,360,5,0,6,0,eps,3744000,386992,0.02528,,,false
phase15h-r4-high-degree-aggregator-bias-replay-ocs-volume-seed1401-load0p7,ocs-volume,high-degree-aggregator-bias-replay,1401,361,1,0,3,0,eps,1728000,465248,0.0253,,,false
phase15h-r4-high-degree-aggregator-bias-replay-ocs-volume-seed1401-load0p7,ocs-volume,high-degree-aggregator-bias-replay,1401,362,4,0,6,0,eps,1728000,384312,0.02532,,,false
phase15h-r4-high-degree-aggregator-bias-replay-ocs-volume-seed1401-load0p7,ocs-volume,high-degree-aggregator-bias-replay,1401,363,6,0,7,0,ocs,2832000,2832000,0.02534,0.034441779,0.009101779,true
phase15h-r4-high-degree-aggregator-bias-replay-ocs-volume-seed1401-load0p7,ocs-volume,high-degree-aggregator-bias-replay,1401,364,0,0,1,0,ocs,798000,798000,0.02536,0.030007201,0.004647201,true
phase15h-r4-high-degree-aggregator-bias-replay-ocs-volume-seed1401-load0p7,ocs-volume,high-degree-aggregator-bias-replay,1401,365,0,0,2,0,eps,798000,155976,0.02538,,,false
phase15h-r4-high-degree-aggregator-bias-replay-ocs-volume-seed1401-load0p7,ocs-volume,high-degree-aggregator-bias-replay,1401,366,0,0,3,0,eps,1638000,155976,0.0254,,,false
phase15h-r4-high-degree-aggregator-bias-replay-ocs-volume-seed1401-load0p7,ocs-volume,high-degree-aggregator-bias-replay,1401,367,0,0,4,0,eps,798000,31088,0.02542,,,false
phase15h-r4-high-degree-aggregator-bias-replay-ocs-volume-seed1401-load0p7,ocs-volume,high-degree-aggregator-bias-replay,1401,368,0,0,5,0,eps,798000,154904,0.02544,,,false
phase15h-r4-high-degree-aggregator-bias-replay-ocs-volume-seed1401-load0p7,ocs-volume,high-degree-aggregator-bias-replay,1401,369,0,0,6,0,eps,798000,57352,0.02546,,,false
phase15h-r4-high-degree-aggregator-bias-replay-ocs-volume-seed1401-load0p7,ocs-volume,high-degree-aggregator-bias-replay,1401,370,1,0,2,0,eps,3744000,460960,0.02548,,,false
phase15h-r4-high-degree-aggregator-bias-replay-ocs-volume-seed1401-load0p7,ocs-volume,high-degree-aggregator-bias-replay,1401,371,2,0,3,0,ocs,2544000,2544000,0.0255,0.030370856,0.004870856,true
phase15h-r4-high-degree-aggregator-bias-replay-ocs-volume-seed1401-load0p7,ocs-volume,high-degree-aggregator-bias-replay,1401,372,4,0,5,0,ocs,3744000,3744000,0.02552,0.031157895,0.005637895,true
phase15h-r4-high-degree-aggregator-bias-replay-ocs-volume-seed1401-load0p7,ocs-volume,high-degree-aggregator-bias-replay,1401,373,5,0,6,0,eps,3744000,381632,0.02554,,,false
phase15h-r4-high-degree-aggregator-bias-replay-ocs-volume-seed1401-load0p7,ocs-volume,high-degree-aggregator-bias-replay,1401,374,1,0,3,0,eps,1728000,459352,0.02556,,,false
phase15h-r4-high-degree-aggregator-bias-replay-ocs-volume-seed1401-load0p7,ocs-volume,high-degree-aggregator-bias-replay,1401,375,4,0,6,0,eps,1728000,378952,0.02558,,,false
phase15h-r4-high-degree-aggregator-bias-replay-ocs-volume-seed1401-load0p7,ocs-volume,high-degree-aggregator-bias-replay,1401,376,6,0,7,0,ocs,2832000,533856,0.0256,,,false
phase15h-r4-high-degree-aggregator-bias-replay-ocs-volume-seed1401-load0p7,ocs-volume,high-degree-aggregator-bias-replay,1401,377,0,0,1,0,ocs,798000,798000,0.02562,0.030272573,0.004652573,true
phase15h-r4-high-degree-aggregator-bias-replay-ocs-volume-seed1401-load0p7,ocs-volume,high-degree-aggregator-bias-replay,1401,378,0,0,2,0,eps,798000,109344,0.02564,,,false
phase15h-r4-high-degree-aggregator-bias-replay-ocs-volume-seed1401-load0p7,ocs-volume,high-degree-aggregator-bias-replay,1401,379,0,0,3,0,eps,1638000,153296,0.02566,,,false
phase15h-r4-high-degree-aggregator-bias-replay-ocs-volume-seed1401-load0p7,ocs-volume,high-degree-aggregator-bias-replay,1401,380,0,0,4,0,eps,798000,153296,0.02568,,,false
phase15h-r4-high-degree-aggregator-bias-replay-ocs-volume-seed1401-load0p7,ocs-volume,high-degree-aggregator-bias-replay,1401,381,0,0,5,0,eps,798000,15008,0.0257,,,false
phase15h-r4-high-degree-aggregator-bias-replay-ocs-volume-seed1401-load0p7,ocs-volume,high-degree-aggregator-bias-replay,1401,382,0,0,6,0,eps,798000,44488,0.02572,,,false
phase15h-r4-high-degree-aggregator-bias-replay-ocs-volume-seed1401-load0p7,ocs-volume,high-degree-aggregator-bias-replay,1401,383,1,0,2,0,eps,3744000,453992,0.02574,,,false
phase15h-r4-high-degree-aggregator-bias-replay-ocs-volume-seed1401-load0p7,ocs-volume,high-degree-aggregator-bias-replay,1401,384,2,0,3,0,ocs,2544000,2544000,0.02576,0.030656588,0.004896588,true
phase15h-r4-high-degree-aggregator-bias-replay-ocs-volume-seed1401-load0p7,ocs-volume,high-degree-aggregator-bias-replay,1401,385,4,0,5,0,ocs,3744000,3744000,0.02578,0.031391703,0.005611703,true
phase15h-r4-high-degree-aggregator-bias-replay-ocs-volume-seed1401-load0p7,ocs-volume,high-degree-aggregator-bias-replay,1401,386,5,0,6,0,eps,3744000,354832,0.0258,,,false
phase15h-r4-high-degree-aggregator-bias-replay-ocs-volume-seed1401-load0p7,ocs-volume,high-degree-aggregator-bias-replay,1401,387,1,0,3,0,eps,1728000,452920,0.02582,,,false
phase15h-r4-high-degree-aggregator-bias-replay-ocs-volume-seed1401-load0p7,ocs-volume,high-degree-aggregator-bias-replay,1401,388,4,0,6,0,eps,1728000,373592,0.02584,,,false
phase15h-r4-high-degree-aggregator-bias-replay-ocs-volume-seed1401-load0p7,ocs-volume,high-degree-aggregator-bias-replay,1401,389,6,0,7,0,ocs,2832000,2832000,0.02586,0.032458432,0.006598432,true
phase15h-r4-high-degree-aggregator-bias-replay-ocs-volume-seed1401-load0p7,ocs-volume,high-degree-aggregator-bias-replay,1401,390,0,0,1,0,ocs,570000,570000,0.0291,0.033031379,0.003931379,true
phase15h-r4-high-degree-aggregator-bias-replay-ocs-volume-seed1401-load0p7,ocs-volume,high-degree-aggregator-bias-replay,1401,391,0,0,2,0,eps,570000,124888,0.02912,,,false
phase15h-r4-high-degree-aggregator-bias-replay-ocs-volume-seed1401-load0p7,ocs-volume,high-degree-aggregator-bias-replay,1401,392,0,0,3,0,eps,570000,34304,0.02914,,,false
phase15h-r4-high-degree-aggregator-bias-replay-ocs-volume-seed1401-load0p7,ocs-volume,high-degree-aggregator-bias-replay,1401,393,0,0,4,0,eps,570000,124888,0.02916,,,false
phase15h-r4-high-degree-aggregator-bias-replay-ocs-volume-seed1401-load0p7,ocs-volume,high-degree-aggregator-bias-replay,1401,394,0,0,5,0,eps,570000,124352,0.02918,,,false
phase15h-r4-high-degree-aggregator-bias-replay-ocs-volume-seed1401-load0p7,ocs-volume,high-degree-aggregator-bias-replay,1401,395,0,0,6,0,eps,570000,35912,0.0292,,,false
phase15h-r4-high-degree-aggregator-bias-replay-ocs-volume-seed1401-load0p7,ocs-volume,high-degree-aggregator-bias-replay,1401,396,1,0,2,0,eps,528000,365552,0.02922,,,false
phase15h-r4-high-degree-aggregator-bias-replay-ocs-volume-seed1401-load0p7,ocs-volume,high-degree-aggregator-bias-replay,1401,397,2,0,3,0,ocs,528000,528000,0.02924,0.031720691,0.002480691,true
phase15h-r4-high-degree-aggregator-bias-replay-ocs-volume-seed1401-load0p7,ocs-volume,high-degree-aggregator-bias-replay,1401,398,4,0,5,0,ocs,528000,528000,0.02926,0.031699382,0.002439382,true
phase15h-r4-high-degree-aggregator-bias-replay-ocs-volume-seed1401-load0p7,ocs-volume,high-degree-aggregator-bias-replay,1401,399,5,0,6,0,eps,528000,299624,0.02928,,,false
phase15h-r4-high-degree-aggregator-bias-replay-ocs-volume-seed1401-load0p7,ocs-volume,high-degree-aggregator-bias-replay,1401,400,1,0,3,0,eps,432000,362336,0.0293,,,false
phase15h-r4-high-degree-aggregator-bias-replay-ocs-volume-seed1401-load0p7,ocs-volume,high-degree-aggregator-bias-replay,1401,401,4,0,6,0,eps,432000,296944,0.02932,,,false
phase15h-r4-high-degree-aggregator-bias-replay-ocs-volume-seed1401-load0p7,ocs-volume,high-degree-aggregator-bias-replay,1401,402,6,0,7,0,ocs,240000,240000,0.02934,0.049207922,0.019867922,true
phase15h-r4-high-degree-aggregator-bias-replay-ocs-volume-seed1401-load0p7,ocs-volume,high-degree-aggregator-bias-replay,1401,403,0,0,1,0,ocs,570000,570000,0.02936,0.033297117,0.003937117,true
phase15h-r4-high-degree-aggregator-bias-replay-ocs-volume-seed1401-load0p7,ocs-volume,high-degree-aggregator-bias-replay,1401,404,0,0,2,0,eps,570000,74504,0.02938,,,false
phase15h-r4-high-degree-aggregator-bias-replay-ocs-volume-seed1401-load0p7,ocs-volume,high-degree-aggregator-bias-replay,1401,405,0,0,3,0,eps,570000,123280,0.0294,,,false
phase15h-r4-high-degree-aggregator-bias-replay-ocs-volume-seed1401-load0p7,ocs-volume,high-degree-aggregator-bias-replay,1401,406,0,0,4,0,eps,570000,121672,0.02942,,,false
phase15h-r4-high-degree-aggregator-bias-replay-ocs-volume-seed1401-load0p7,ocs-volume,high-degree-aggregator-bias-replay,1401,407,0,0,5,0,eps,570000,121672,0.02944,,,false
phase15h-r4-high-degree-aggregator-bias-replay-ocs-volume-seed1401-load0p7,ocs-volume,high-degree-aggregator-bias-replay,1401,408,0,0,6,0,eps,570000,34840,0.02946,,,false
phase15h-r4-high-degree-aggregator-bias-replay-ocs-volume-seed1401-load0p7,ocs-volume,high-degree-aggregator-bias-replay,1401,409,1,0,2,0,eps,528000,358584,0.02948,,,false
phase15h-r4-high-degree-aggregator-bias-replay-ocs-volume-seed1401-load0p7,ocs-volume,high-degree-aggregator-bias-replay,1401,410,2,0,3,0,ocs,528000,528000,0.0295,0.031961237,0.002461237,true
phase15h-r4-high-degree-aggregator-bias-replay-ocs-volume-seed1401-load0p7,ocs-volume,high-degree-aggregator-bias-replay,1401,411,4,0,5,0,ocs,528000,528000,0.02952,0.031963573,0.002443573,true
phase15h-r4-high-degree-aggregator-bias-replay-ocs-volume-seed1401-load0p7,ocs-volume,high-degree-aggregator-bias-replay,1401,412,5,0,6,0,eps,528000,292656,0.02954,,,false
phase15h-r4-high-degree-aggregator-bias-replay-ocs-volume-seed1401-load0p7,ocs-volume,high-degree-aggregator-bias-replay,1401,413,1,0,3,0,eps,432000,355904,0.02956,,,false
phase15h-r4-high-degree-aggregator-bias-replay-ocs-volume-seed1401-load0p7,ocs-volume,high-degree-aggregator-bias-replay,1401,414,4,0,6,0,eps,432000,291584,0.02958,,,false
phase15h-r4-high-degree-aggregator-bias-replay-ocs-volume-seed1401-load0p7,ocs-volume,high-degree-aggregator-bias-replay,1401,415,6,0,7,0,ocs,240000,240000,0.0296,0.031998984,0.002398984,true
phase15h-r4-high-degree-aggregator-bias-replay-ocs-volume-seed1401-load0p7,ocs-volume,high-degree-aggregator-bias-replay,1401,416,0,0,1,0,ocs,570000,570000,0.02962,0.033562242,0.003942242,true
phase15h-r4-high-degree-aggregator-bias-replay-ocs-volume-seed1401-load0p7,ocs-volume,high-degree-aggregator-bias-replay,1401,417,0,0,2,0,eps,570000,120600,0.02964,,,false
phase15h-r4-high-degree-aggregator-bias-replay-ocs-volume-seed1401-load0p7,ocs-volume,high-degree-aggregator-bias-replay,1401,418,0,0,3,0,eps,570000,120600,0.02966,,,false
phase15h-r4-high-degree-aggregator-bias-replay-ocs-volume-seed1401-load0p7,ocs-volume,high-degree-aggregator-bias-replay,1401,419,0,0,4,0,eps,570000,120600,0.02968,,,false
phase15h-r4-high-degree-aggregator-bias-replay-ocs-volume-seed1401-load0p7,ocs-volume,high-degree-aggregator-bias-replay,1401,420,0,0,5,0,eps,570000,120600,0.0297,,,false
phase15h-r4-high-degree-aggregator-bias-replay-ocs-volume-seed1401-load0p7,ocs-volume,high-degree-aggregator-bias-replay,1401,421,0,0,6,0,eps,570000,118992,0.02972,,,false
phase15h-r4-high-degree-aggregator-bias-replay-ocs-volume-seed1401-load0p7,ocs-volume,high-degree-aggregator-bias-replay,1401,422,1,0,2,0,eps,528000,351616,0.02974,,,false
phase15h-r4-high-degree-aggregator-bias-replay-ocs-volume-seed1401-load0p7,ocs-volume,high-degree-aggregator-bias-replay,1401,423,2,0,3,0,ocs,528000,528000,0.02976,0.032216316,0.002456316,true
phase15h-r4-high-degree-aggregator-bias-replay-ocs-volume-seed1401-load0p7,ocs-volume,high-degree-aggregator-bias-replay,1401,424,4,0,5,0,ocs,528000,528000,0.02978,0.032226251,0.002446251,true
phase15h-r4-high-degree-aggregator-bias-replay-ocs-volume-seed1401-load0p7,ocs-volume,high-degree-aggregator-bias-replay,1401,425,5,0,6,0,eps,528000,287296,0.0298,,,false
phase15h-r4-high-degree-aggregator-bias-replay-ocs-volume-seed1401-load0p7,ocs-volume,high-degree-aggregator-bias-replay,1401,426,1,0,3,0,eps,432000,350008,0.02982,,,false
phase15h-r4-high-degree-aggregator-bias-replay-ocs-volume-seed1401-load0p7,ocs-volume,high-degree-aggregator-bias-replay,1401,427,4,0,6,0,eps,432000,285688,0.02984,,,false
phase15h-r4-high-degree-aggregator-bias-replay-ocs-volume-seed1401-load0p7,ocs-volume,high-degree-aggregator-bias-replay,1401,428,6,0,7,0,ocs,240000,240000,0.02986,0.030934921,0.001074921,true
phase15h-r4-high-degree-aggregator-bias-replay-ocs-volume-seed1401-load0p7,ocs-volume,high-degree-aggregator-bias-replay,1401,429,0,0,1,0,ocs,798000,798000,0.0301,0.03474957,0.00464957,true
phase15h-r4-high-degree-aggregator-bias-replay-ocs-volume-seed1401-load0p7,ocs-volume,high-degree-aggregator-bias-replay,1401,430,0,0,2,0,eps,798000,101304,0.03012,,,false
phase15h-r4-high-degree-aggregator-bias-replay-ocs-volume-seed1401-load0p7,ocs-volume,high-degree-aggregator-bias-replay,1401,431,0,0,3,0,eps,1638000,48776,0.03014,,,false
phase15h-r4-high-degree-aggregator-bias-replay-ocs-volume-seed1401-load0p7,ocs-volume,high-degree-aggregator-bias-replay,1401,432,0,0,4,0,eps,798000,116312,0.03016,,,false
phase15h-r4-high-degree-aggregator-bias-replay-ocs-volume-seed1401-load0p7,ocs-volume,high-degree-aggregator-bias-replay,1401,433,0,0,5,0,eps,798000,15008,0.03018,,,false
phase15h-r4-high-degree-aggregator-bias-replay-ocs-volume-seed1401-load0p7,ocs-volume,high-degree-aggregator-bias-replay,1401,434,0,0,6,0,eps,798000,34304,0.0302,,,false
phase15h-r4-high-degree-aggregator-bias-replay-ocs-volume-seed1401-load0p7,ocs-volume,high-degree-aggregator-bias-replay,1401,435,1,0,2,0,eps,3744000,340896,0.03022,,,false
phase15h-r4-high-degree-aggregator-bias-replay-ocs-volume-seed1401-load0p7,ocs-volume,high-degree-aggregator-bias-replay,1401,436,2,0,3,0,ocs,2544000,2544000,0.03024,0.0350907,0.0048507,true
phase15h-r4-high-degree-aggregator-bias-replay-ocs-volume-seed1401-load0p7,ocs-volume,high-degree-aggregator-bias-replay,1401,437,4,0,5,0,ocs,3744000,3744000,0.03026,0.035917278,0.005657278,true
phase15h-r4-high-degree-aggregator-bias-replay-ocs-volume-seed1401-load0p7,ocs-volume,high-degree-aggregator-bias-replay,1401,438,5,0,6,0,eps,3744000,277648,0.03028,,,false
phase15h-r4-high-degree-aggregator-bias-replay-ocs-volume-seed1401-load0p7,ocs-volume,high-degree-aggregator-bias-replay,1401,439,1,0,3,0,eps,1728000,339288,0.0303,,,false
phase15h-r4-high-degree-aggregator-bias-replay-ocs-volume-seed1401-load0p7,ocs-volume,high-degree-aggregator-bias-replay,1401,440,4,0,6,0,eps,1728000,274968,0.03032,,,false
phase15h-r4-high-degree-aggregator-bias-replay-ocs-volume-seed1401-load0p7,ocs-volume,high-degree-aggregator-bias-replay,1401,441,6,0,7,0,ocs,2832000,110416,0.03034,,,false
phase15h-r4-high-degree-aggregator-bias-replay-ocs-volume-seed1401-load0p7,ocs-volume,high-degree-aggregator-bias-replay,1401,442,0,0,1,0,ocs,798000,798000,0.03036,0.035013665,0.004653665,true
phase15h-r4-high-degree-aggregator-bias-replay-ocs-volume-seed1401-load0p7,ocs-volume,high-degree-aggregator-bias-replay,1401,443,0,0,2,0,eps,798000,115240,0.03038,,,false
phase15h-r4-high-degree-aggregator-bias-replay-ocs-volume-seed1401-load0p7,ocs-volume,high-degree-aggregator-bias-replay,1401,444,0,0,3,0,eps,1638000,115240,0.0304,,,false
phase15h-r4-high-degree-aggregator-bias-replay-ocs-volume-seed1401-load0p7,ocs-volume,high-degree-aggregator-bias-replay,1401,445,0,0,4,0,eps,798000,115240,0.03042,,,false
phase15h-r4-high-degree-aggregator-bias-replay-ocs-volume-seed1401-load0p7,ocs-volume,high-degree-aggregator-bias-replay,1401,446,0,0,5,0,eps,798000,115240,0.03044,,,false
phase15h-r4-high-degree-aggregator-bias-replay-ocs-volume-seed1401-load0p7,ocs-volume,high-degree-aggregator-bias-replay,1401,447,0,0,6,0,eps,798000,34304,0.03046,,,false
phase15h-r4-high-degree-aggregator-bias-replay-ocs-volume-seed1401-load0p7,ocs-volume,high-degree-aggregator-bias-replay,1401,448,1,0,2,0,eps,3744000,333928,0.03048,,,false
phase15h-r4-high-degree-aggregator-bias-replay-ocs-volume-seed1401-load0p7,ocs-volume,high-degree-aggregator-bias-replay,1401,449,2,0,3,0,ocs,2544000,2544000,0.0305,0.035372029,0.004872029,true
phase15h-r4-high-degree-aggregator-bias-replay-ocs-volume-seed1401-load0p7,ocs-volume,high-degree-aggregator-bias-replay,1401,450,4,0,5,0,ocs,3744000,3744000,0.03052,0.036165909,0.005645909,true
phase15h-r4-high-degree-aggregator-bias-replay-ocs-volume-seed1401-load0p7,ocs-volume,high-degree-aggregator-bias-replay,1401,451,5,0,6,0,eps,3744000,272288,0.03054,,,false
phase15h-r4-high-degree-aggregator-bias-replay-ocs-volume-seed1401-load0p7,ocs-volume,high-degree-aggregator-bias-replay,1401,452,1,0,3,0,eps,1728000,332320,0.03056,,,false
phase15h-r4-high-degree-aggregator-bias-replay-ocs-volume-seed1401-load0p7,ocs-volume,high-degree-aggregator-bias-replay,1401,453,4,0,6,0,eps,1728000,269608,0.03058,,,false
phase15h-r4-high-degree-aggregator-bias-replay-ocs-volume-seed1401-load0p7,ocs-volume,high-degree-aggregator-bias-replay,1401,454,6,0,7,0,ocs,2832000,2832000,0.0306,0.041599925,0.010999925,true
phase15h-r4-high-degree-aggregator-bias-replay-ocs-volume-seed1401-load0p7,ocs-volume,high-degree-aggregator-bias-replay,1401,455,0,0,1,0,ocs,798000,798000,0.03062,0.035283386,0.004663386,true
phase15h-r4-high-degree-aggregator-bias-replay-ocs-volume-seed1401-load0p7,ocs-volume,high-degree-aggregator-bias-replay,1401,456,0,0,2,0,eps,798000,113632,0.03064,,,false
phase15h-r4-high-degree-aggregator-bias-replay-ocs-volume-seed1401-load0p7,ocs-volume,high-degree-aggregator-bias-replay,1401,457,0,0,3,0,eps,1638000,113632,0.03066,,,false
phase15h-r4-high-degree-aggregator-bias-replay-ocs-volume-seed1401-load0p7,ocs-volume,high-degree-aggregator-bias-replay,1401,458,0,0,4,0,eps,798000,73968,0.03068,,,false
phase15h-r4-high-degree-aggregator-bias-replay-ocs-volume-seed1401-load0p7,ocs-volume,high-degree-aggregator-bias-replay,1401,459,0,0,5,0,eps,798000,112024,0.0307,,,false
phase15h-r4-high-degree-aggregator-bias-replay-ocs-volume-seed1401-load0p7,ocs-volume,high-degree-aggregator-bias-replay,1401,460,0,0,6,0,eps,798000,43952,0.03072,,,false
phase15h-r4-high-degree-aggregator-bias-replay-ocs-volume-seed1401-load0p7,ocs-volume,high-degree-aggregator-bias-replay,1401,461,1,0,2,0,eps,3744000,328568,0.03074,,,false
phase15h-r4-high-degree-aggregator-bias-replay-ocs-volume-seed1401-load0p7,ocs-volume,high-degree-aggregator-bias-replay,1401,462,2,0,3,0,ocs,2544000,2544000,0.03076,0.035833465,0.005073465,true
phase15h-r4-high-degree-aggregator-bias-replay-ocs-volume-seed1401-load0p7,ocs-volume,high-degree-aggregator-bias-replay,1401,463,4,0,5,0,ocs,3744000,3744000,0.03078,0.036401405,0.005621405,true
phase15h-r4-high-degree-aggregator-bias-replay-ocs-volume-seed1401-load0p7,ocs-volume,high-degree-aggregator-bias-replay,1401,464,5,0,6,0,eps,3744000,268000,0.0308,,,false
phase15h-r4-high-degree-aggregator-bias-replay-ocs-volume-seed1401-load0p7,ocs-volume,high-degree-aggregator-bias-replay,1401,465,1,0,3,0,eps,1728000,326960,0.03082,,,false
phase15h-r4-high-degree-aggregator-bias-replay-ocs-volume-seed1401-load0p7,ocs-volume,high-degree-aggregator-bias-replay,1401,466,4,0,6,0,eps,1728000,265320,0.03084,,,false
phase15h-r4-high-degree-aggregator-bias-replay-ocs-volume-seed1401-load0p7,ocs-volume,high-degree-aggregator-bias-replay,1401,467,6,0,7,0,ocs,2832000,2832000,0.03086,0.041907467,0.011047467,true
phase15h-r4-high-degree-aggregator-bias-replay-ocs-volume-seed1401-load0p7,ocs-volume,high-degree-aggregator-bias-replay,1401,468,0,0,1,0,ocs,570000,570000,0.0341,0.038034819,0.003934819,true
phase15h-r4-high-degree-aggregator-bias-replay-ocs-volume-seed1401-load0p7,ocs-volume,high-degree-aggregator-bias-replay,1401,469,0,0,2,0,eps,570000,88976,0.03412,,,false
phase15h-r4-high-degree-aggregator-bias-replay-ocs-volume-seed1401-load0p7,ocs-volume,high-degree-aggregator-bias-replay,1401,470,0,0,3,0,eps,570000,88976,0.03414,,,false
phase15h-r4-high-degree-aggregator-bias-replay-ocs-volume-seed1401-load0p7,ocs-volume,high-degree-aggregator-bias-replay,1401,471,0,0,4,0,eps,570000,87904,0.03416,,,false
phase15h-r4-high-degree-aggregator-bias-replay-ocs-volume-seed1401-load0p7,ocs-volume,high-degree-aggregator-bias-replay,1401,472,0,0,5,0,eps,570000,87904,0.03418,,,false
phase15h-r4-high-degree-aggregator-bias-replay-ocs-volume-seed1401-load0p7,ocs-volume,high-degree-aggregator-bias-replay,1401,473,0,0,6,0,eps,570000,80936,0.0342,,,false
phase15h-r4-high-degree-aggregator-bias-replay-ocs-volume-seed1401-load0p7,ocs-volume,high-degree-aggregator-bias-replay,1401,474,1,0,2,0,eps,528000,254600,0.03422,,,false
phase15h-r4-high-degree-aggregator-bias-replay-ocs-volume-seed1401-load0p7,ocs-volume,high-degree-aggregator-bias-replay,1401,475,2,0,3,0,ocs,528000,528000,0.03424,0.036718377,0.002478377,true
phase15h-r4-high-degree-aggregator-bias-replay-ocs-volume-seed1401-load0p7,ocs-volume,high-degree-aggregator-bias-replay,1401,476,4,0,5,0,ocs,528000,528000,0.03426,0.03686985,0.00260985,true
phase15h-r4-high-degree-aggregator-bias-replay-ocs-volume-seed1401-load0p7,ocs-volume,high-degree-aggregator-bias-replay,1401,477,5,0,6,0,eps,528000,202608,0.03428,,,false
phase15h-r4-high-degree-aggregator-bias-replay-ocs-volume-seed1401-load0p7,ocs-volume,high-degree-aggregator-bias-replay,1401,478,1,0,3,0,eps,432000,152760,0.0343,,,false
phase15h-r4-high-degree-aggregator-bias-replay-ocs-volume-seed1401-load0p7,ocs-volume,high-degree-aggregator-bias-replay,1401,479,4,0,6,0,eps,432000,201000,0.03432,,,false
phase15h-r4-high-degree-aggregator-bias-replay-ocs-volume-seed1401-load0p7,ocs-volume,high-degree-aggregator-bias-replay,1401,480,6,0,7,0,ocs,240000,240000,0.03434,0.037240073,0.002900073,true
phase15h-r4-high-degree-aggregator-bias-replay-ocs-volume-seed1401-load0p7,ocs-volume,high-degree-aggregator-bias-replay,1401,481,0,0,1,0,ocs,570000,570000,0.03436,0.038301624,0.003941624,true
phase15h-r4-high-degree-aggregator-bias-replay-ocs-volume-seed1401-load0p7,ocs-volume,high-degree-aggregator-bias-replay,1401,482,0,0,2,0,eps,570000,86296,0.03438,,,false
phase15h-r4-high-degree-aggregator-bias-replay-ocs-volume-seed1401-load0p7,ocs-volume,high-degree-aggregator-bias-replay,1401,483,0,0,3,0,eps,570000,86296,0.0344,,,false
phase15h-r4-high-degree-aggregator-bias-replay-ocs-volume-seed1401-load0p7,ocs-volume,high-degree-aggregator-bias-replay,1401,484,0,0,4,0,eps,570000,34304,0.03442,,,false
phase15h-r4-high-degree-aggregator-bias-replay-ocs-volume-seed1401-load0p7,ocs-volume,high-degree-aggregator-bias-replay,1401,485,0,0,5,0,eps,570000,86296,0.03444,,,false
phase15h-r4-high-degree-aggregator-bias-replay-ocs-volume-seed1401-load0p7,ocs-volume,high-degree-aggregator-bias-replay,1401,486,0,0,6,0,eps,570000,86296,0.03446,,,false
phase15h-r4-high-degree-aggregator-bias-replay-ocs-volume-seed1401-load0p7,ocs-volume,high-degree-aggregator-bias-replay,1401,487,1,0,2,0,eps,528000,249240,0.03448,,,false
phase15h-r4-high-degree-aggregator-bias-replay-ocs-volume-seed1401-load0p7,ocs-volume,high-degree-aggregator-bias-replay,1401,488,2,0,3,0,ocs,528000,528000,0.0345,0.036975042,0.002475042,true
phase15h-r4-high-degree-aggregator-bias-replay-ocs-volume-seed1401-load0p7,ocs-volume,high-degree-aggregator-bias-replay,1401,489,4,0,5,0,ocs,528000,528000,0.03452,0.036964055,0.002444055,true
phase15h-r4-high-degree-aggregator-bias-replay-ocs-volume-seed1401-load0p7,ocs-volume,high-degree-aggregator-bias-replay,1401,490,5,0,6,0,eps,528000,198320,0.03454,,,false
phase15h-r4-high-degree-aggregator-bias-replay-ocs-volume-seed1401-load0p7,ocs-volume,high-degree-aggregator-bias-replay,1401,491,1,0,3,0,eps,432000,247632,0.03456,,,false
phase15h-r4-high-degree-aggregator-bias-replay-ocs-volume-seed1401-load0p7,ocs-volume,high-degree-aggregator-bias-replay,1401,492,4,0,6,0,eps,432000,195640,0.03458,,,false
phase15h-r4-high-degree-aggregator-bias-replay-ocs-volume-seed1401-load0p7,ocs-volume,high-degree-aggregator-bias-replay,1401,493,6,0,7,0,ocs,240000,240000,0.0346,0.036930108,0.002330108,true
phase15h-r4-high-degree-aggregator-bias-replay-ocs-volume-seed1401-load0p7,ocs-volume,high-degree-aggregator-bias-replay,1401,494,0,0,1,0,ocs,570000,570000,0.03462,0.038559103,0.003939103,true
phase15h-r4-high-degree-aggregator-bias-replay-ocs-volume-seed1401-load0p7,ocs-volume,high-degree-aggregator-bias-replay,1401,495,0,0,2,0,eps,570000,15008,0.03464,,,false
phase15h-r4-high-degree-aggregator-bias-replay-ocs-volume-seed1401-load0p7,ocs-volume,high-degree-aggregator-bias-replay,1401,496,0,0,3,0,eps,570000,84688,0.03466,,,false
phase15h-r4-high-degree-aggregator-bias-replay-ocs-volume-seed1401-load0p7,ocs-volume,high-degree-aggregator-bias-replay,1401,497,0,0,4,0,eps,570000,85224,0.03468,,,false
phase15h-r4-high-degree-aggregator-bias-replay-ocs-volume-seed1401-load0p7,ocs-volume,high-degree-aggregator-bias-replay,1401,498,0,0,5,0,eps,570000,84688,0.0347,,,false
phase15h-r4-high-degree-aggregator-bias-replay-ocs-volume-seed1401-load0p7,ocs-volume,high-degree-aggregator-bias-replay,1401,499,0,0,6,0,eps,570000,83616,0.03472,,,false
phase15h-r4-high-degree-aggregator-bias-replay-ocs-volume-seed1401-load0p7,ocs-volume,high-degree-aggregator-bias-replay,1401,500,1,0,2,0,eps,528000,243344,0.03474,,,false
phase15h-r4-high-degree-aggregator-bias-replay-ocs-volume-seed1401-load0p7,ocs-volume,high-degree-aggregator-bias-replay,1401,501,2,0,3,0,ocs,528000,528000,0.03476,0.037230648,0.002470648,true
phase15h-r4-high-degree-aggregator-bias-replay-ocs-volume-seed1401-load0p7,ocs-volume,high-degree-aggregator-bias-replay,1401,502,4,0,5,0,ocs,528000,528000,0.03478,0.037227138,0.002447138,true
phase15h-r4-high-degree-aggregator-bias-replay-ocs-volume-seed1401-load0p7,ocs-volume,high-degree-aggregator-bias-replay,1401,503,5,0,6,0,eps,528000,194568,0.0348,,,false
phase15h-r4-high-degree-aggregator-bias-replay-ocs-volume-seed1401-load0p7,ocs-volume,high-degree-aggregator-bias-replay,1401,504,1,0,3,0,eps,432000,242272,0.03482,,,false
phase15h-r4-high-degree-aggregator-bias-replay-ocs-volume-seed1401-load0p7,ocs-volume,high-degree-aggregator-bias-replay,1401,505,4,0,6,0,eps,432000,191888,0.03484,,,false
phase15h-r4-high-degree-aggregator-bias-replay-ocs-volume-seed1401-load0p7,ocs-volume,high-degree-aggregator-bias-replay,1401,506,6,0,7,0,ocs,240000,240000,0.03486,0.037346529,0.002486529,true
phase15h-r4-high-degree-aggregator-bias-replay-ocs-volume-seed1401-load0p7,ocs-volume,high-degree-aggregator-bias-replay,1401,507,0,0,1,0,ocs,798000,798000,0.0351,0.039827975,0.004727975,true
phase15h-r4-high-degree-aggregator-bias-replay-ocs-volume-seed1401-load0p7,ocs-volume,high-degree-aggregator-bias-replay,1401,508,0,0,2,0,eps,798000,82008,0.03512,,,false
phase15h-r4-high-degree-aggregator-bias-replay-ocs-volume-seed1401-load0p7,ocs-volume,high-degree-aggregator-bias-replay,1401,509,0,0,3,0,eps,1638000,82008,0.03514,,,false
phase15h-r4-high-degree-aggregator-bias-replay-ocs-volume-seed1401-load0p7,ocs-volume,high-degree-aggregator-bias-replay,1401,510,0,0,4,0,eps,798000,15008,0.03516,,,false
phase15h-r4-high-degree-aggregator-bias-replay-ocs-volume-seed1401-load0p7,ocs-volume,high-degree-aggregator-bias-replay,1401,511,0,0,5,0,eps,798000,80936,0.03518,,,false
phase15h-r4-high-degree-aggregator-bias-replay-ocs-volume-seed1401-load0p7,ocs-volume,high-degree-aggregator-bias-replay,1401,512,0,0,6,0,eps,798000,80936,0.0352,,,false
phase15h-r4-high-degree-aggregator-bias-replay-ocs-volume-seed1401-load0p7,ocs-volume,high-degree-aggregator-bias-replay,1401,513,1,0,2,0,eps,3744000,234232,0.03522,,,false
phase15h-r4-high-degree-aggregator-bias-replay-ocs-volume-seed1401-load0p7,ocs-volume,high-degree-aggregator-bias-replay,1401,514,2,0,3,0,ocs,2544000,2544000,0.03524,0.040093516,0.004853516,true
phase15h-r4-high-degree-aggregator-bias-replay-ocs-volume-seed1401-load0p7,ocs-volume,high-degree-aggregator-bias-replay,1401,515,4,0,5,0,ocs,3744000,3744000,0.03526,0.040923604,0.005663604,true
phase15h-r4-high-degree-aggregator-bias-replay-ocs-volume-seed1401-load0p7,ocs-volume,high-degree-aggregator-bias-replay,1401,516,5,0,6,0,eps,3744000,185992,0.03528,,,false
phase15h-r4-high-degree-aggregator-bias-replay-ocs-volume-seed1401-load0p7,ocs-volume,high-degree-aggregator-bias-replay,1401,517,1,0,3,0,eps,1728000,99160,0.0353,,,false
phase15h-r4-high-degree-aggregator-bias-replay-ocs-volume-seed1401-load0p7,ocs-volume,high-degree-aggregator-bias-replay,1401,518,4,0,6,0,eps,1728000,182240,0.03532,,,false
phase15h-r4-high-degree-aggregator-bias-replay-ocs-volume-seed1401-load0p7,ocs-volume,high-degree-aggregator-bias-replay,1401,519,6,0,7,0,ocs,2832000,2832000,0.03534,0.047112793,0.011772793,true
phase15h-r4-high-degree-aggregator-bias-replay-ocs-volume-seed1401-load0p7,ocs-volume,high-degree-aggregator-bias-replay,1401,520,0,0,1,0,ocs,798000,798000,0.03536,0.040084661,0.004724661,true
phase15h-r4-high-degree-aggregator-bias-replay-ocs-volume-seed1401-load0p7,ocs-volume,high-degree-aggregator-bias-replay,1401,521,0,0,2,0,eps,798000,79328,0.03538,,,false
phase15h-r4-high-degree-aggregator-bias-replay-ocs-volume-seed1401-load0p7,ocs-volume,high-degree-aggregator-bias-replay,1401,522,0,0,3,0,eps,1638000,79328,0.0354,,,false
phase15h-r4-high-degree-aggregator-bias-replay-ocs-volume-seed1401-load0p7,ocs-volume,high-degree-aggregator-bias-replay,1401,523,0,0,4,0,eps,798000,79328,0.03542,,,false
phase15h-r4-high-degree-aggregator-bias-replay-ocs-volume-seed1401-load0p7,ocs-volume,high-degree-aggregator-bias-replay,1401,524,0,0,5,0,eps,798000,16616,0.03544,,,false
phase15h-r4-high-degree-aggregator-bias-replay-ocs-volume-seed1401-load0p7,ocs-volume,high-degree-aggregator-bias-replay,1401,525,0,0,6,0,eps,798000,79328,0.03546,,,false
phase15h-r4-high-degree-aggregator-bias-replay-ocs-volume-seed1401-load0p7,ocs-volume,high-degree-aggregator-bias-replay,1401,526,1,0,2,0,eps,3744000,228336,0.03548,,,false
phase15h-r4-high-degree-aggregator-bias-replay-ocs-volume-seed1401-load0p7,ocs-volume,high-degree-aggregator-bias-replay,1401,527,2,0,3,0,ocs,2544000,2544000,0.0355,0.040377556,0.004877556,true
phase15h-r4-high-degree-aggregator-bias-replay-ocs-volume-seed1401-load0p7,ocs-volume,high-degree-aggregator-bias-replay,1401,528,4,0,5,0,ocs,3744000,3744000,0.03552,0.041325771,0.005805771,true
phase15h-r4-high-degree-aggregator-bias-replay-ocs-volume-seed1401-load0p7,ocs-volume,high-degree-aggregator-bias-replay,1401,529,5,0,6,0,eps,3744000,180632,0.03554,,,false
phase15h-r4-high-degree-aggregator-bias-replay-ocs-volume-seed1401-load0p7,ocs-volume,high-degree-aggregator-bias-replay,1401,530,1,0,3,0,eps,1728000,227264,0.03556,,,false
phase15h-r4-high-degree-aggregator-bias-replay-ocs-volume-seed1401-load0p7,ocs-volume,high-degree-aggregator-bias-replay,1401,531,4,0,6,0,eps,1728000,177952,0.03558,,,false
phase15h-r4-high-degree-aggregator-bias-replay-ocs-volume-seed1401-load0p7,ocs-volume,high-degree-aggregator-bias-replay,1401,532,6,0,7,0,ocs,2832000,2832000,0.0356,0.04723319,0.01163319,true
phase15h-r4-high-degree-aggregator-bias-replay-ocs-volume-seed1401-load0p7,ocs-volume,high-degree-aggregator-bias-replay,1401,533,0,0,1,0,ocs,798000,798000,0.03562,0.040393734,0.004773734,true
phase15h-r4-high-degree-aggregator-bias-replay-ocs-volume-seed1401-load0p7,ocs-volume,high-degree-aggregator-bias-replay,1401,534,0,0,2,0,eps,798000,78256,0.03564,,,false
phase15h-r4-high-degree-aggregator-bias-replay-ocs-volume-seed1401-load0p7,ocs-volume,high-degree-aggregator-bias-replay,1401,535,0,0,3,0,eps,1638000,78256,0.03566,,,false
phase15h-r4-high-degree-aggregator-bias-replay-ocs-volume-seed1401-load0p7,ocs-volume,high-degree-aggregator-bias-replay,1401,536,0,0,4,0,eps,798000,78256,0.03568,,,false
phase15h-r4-high-degree-aggregator-bias-replay-ocs-volume-seed1401-load0p7,ocs-volume,high-degree-aggregator-bias-replay,1401,537,0,0,5,0,eps,798000,78256,0.0357,,,false
phase15h-r4-high-degree-aggregator-bias-replay-ocs-volume-seed1401-load0p7,ocs-volume,high-degree-aggregator-bias-replay,1401,538,0,0,6,0,eps,798000,77720,0.03572,,,false
phase15h-r4-high-degree-aggregator-bias-replay-ocs-volume-seed1401-load0p7,ocs-volume,high-degree-aggregator-bias-replay,1401,539,1,0,2,0,eps,3744000,209576,0.03574,,,false
phase15h-r4-high-degree-aggregator-bias-replay-ocs-volume-seed1401-load0p7,ocs-volume,high-degree-aggregator-bias-replay,1401,540,2,0,3,0,ocs,2544000,2544000,0.03576,0.040661091,0.004901091,true
phase15h-r4-high-degree-aggregator-bias-replay-ocs-volume-seed1401-load0p7,ocs-volume,high-degree-aggregator-bias-replay,1401,541,4,0,5,0,ocs,3744000,3744000,0.03578,0.041425799,0.005645799,true
phase15h-r4-high-degree-aggregator-bias-replay-ocs-volume-seed1401-load0p7,ocs-volume,high-degree-aggregator-bias-replay,1401,542,5,0,6,0,eps,3744000,177952,0.0358,,,false
phase15h-r4-high-degree-aggregator-bias-replay-ocs-volume-seed1401-load0p7,ocs-volume,high-degree-aggregator-bias-replay,1401,543,1,0,3,0,eps,1728000,222976,0.03582,,,false
phase15h-r4-high-degree-aggregator-bias-replay-ocs-volume-seed1401-load0p7,ocs-volume,high-degree-aggregator-bias-replay,1401,544,4,0,6,0,eps,1728000,112024,0.03584,,,false
phase15h-r4-high-degree-aggregator-bias-replay-ocs-volume-seed1401-load0p7,ocs-volume,high-degree-aggregator-bias-replay,1401,545,6,0,7,0,eps,2832000,69680,0.03586,,,false
phase15h-r4-high-degree-aggregator-bias-replay-ocs-volume-seed1401-load0p7,ocs-volume,high-degree-aggregator-bias-replay,1401,546,0,0,1,0,ocs,570000,570000,0.0391,0.043028862,0.003928862,true
phase15h-r4-high-degree-aggregator-bias-replay-ocs-volume-seed1401-load0p7,ocs-volume,high-degree-aggregator-bias-replay,1401,547,0,0,2,0,eps,570000,57352,0.03912,,,false
phase15h-r4-high-degree-aggregator-bias-replay-ocs-volume-seed1401-load0p7,ocs-volume,high-degree-aggregator-bias-replay,1401,548,0,0,3,0,eps,570000,57352,0.03914,,,false
phase15h-r4-high-degree-aggregator-bias-replay-ocs-volume-seed1401-load0p7,ocs-volume,high-degree-aggregator-bias-replay,1401,549,0,0,4,0,eps,570000,36448,0.03916,,,false
phase15h-r4-high-degree-aggregator-bias-replay-ocs-volume-seed1401-load0p7,ocs-volume,high-degree-aggregator-bias-replay,1401,550,0,0,5,0,eps,570000,56280,0.03918,,,false
phase15h-r4-high-degree-aggregator-bias-replay-ocs-volume-seed1401-load0p7,ocs-volume,high-degree-aggregator-bias-replay,1401,551,0,0,6,0,eps,570000,56280,0.0392,,,false
phase15h-r4-high-degree-aggregator-bias-replay-ocs-volume-seed1401-load0p7,ocs-volume,high-degree-aggregator-bias-replay,1401,552,1,0,2,0,eps,528000,161336,0.03922,,,false
phase15h-r4-high-degree-aggregator-bias-replay-ocs-volume-seed1401-load0p7,ocs-volume,high-degree-aggregator-bias-replay,1401,553,2,0,3,0,ocs,528000,528000,0.03924,0.041713311,0.002473311,true
phase15h-r4-high-degree-aggregator-bias-replay-ocs-volume-seed1401-load0p7,ocs-volume,high-degree-aggregator-bias-replay,1401,554,4,0,5,0,ocs,528000,528000,0.03926,0.041714581,0.002454581,true
phase15h-r4-high-degree-aggregator-bias-replay-ocs-volume-seed1401-load0p7,ocs-volume,high-degree-aggregator-bias-replay,1401,555,5,0,6,0,eps,528000,127568,0.03928,,,false
phase15h-r4-high-degree-aggregator-bias-replay-ocs-volume-seed1401-load0p7,ocs-volume,high-degree-aggregator-bias-replay,1401,556,1,0,3,0,eps,432000,160264,0.0393,,,false
phase15h-r4-high-degree-aggregator-bias-replay-ocs-volume-seed1401-load0p7,ocs-volume,high-degree-aggregator-bias-replay,1401,557,4,0,6,0,eps,432000,125960,0.03932,,,false
phase15h-r4-high-degree-aggregator-bias-replay-ocs-volume-seed1401-load0p7,ocs-volume,high-degree-aggregator-bias-replay,1401,558,6,0,7,0,ocs,240000,240000,0.03934,0.04148073,0.00214073,true
phase15h-r4-high-degree-aggregator-bias-replay-ocs-volume-seed1401-load0p7,ocs-volume,high-degree-aggregator-bias-replay,1401,559,0,0,1,0,ocs,570000,570000,0.03936,0.043281355,0.003921355,true
phase15h-r4-high-degree-aggregator-bias-replay-ocs-volume-seed1401-load0p7,ocs-volume,high-degree-aggregator-bias-replay,1401,560,0,0,2,0,eps,570000,54672,0.03938,,,false
phase15h-r4-high-degree-aggregator-bias-replay-ocs-volume-seed1401-load0p7,ocs-volume,high-degree-aggregator-bias-replay,1401,561,0,0,3,0,eps,570000,54672,0.0394,,,false
phase15h-r4-high-degree-aggregator-bias-replay-ocs-volume-seed1401-load0p7,ocs-volume,high-degree-aggregator-bias-replay,1401,562,0,0,4,0,eps,570000,54672,0.03942,,,false
phase15h-r4-high-degree-aggregator-bias-replay-ocs-volume-seed1401-load0p7,ocs-volume,high-degree-aggregator-bias-replay,1401,563,0,0,5,0,eps,570000,8040,0.03944,,,false
phase15h-r4-high-degree-aggregator-bias-replay-ocs-volume-seed1401-load0p7,ocs-volume,high-degree-aggregator-bias-replay,1401,564,0,0,6,0,eps,570000,54672,0.03946,,,false
phase15h-r4-high-degree-aggregator-bias-replay-ocs-volume-seed1401-load0p7,ocs-volume,high-degree-aggregator-bias-replay,1401,565,1,0,2,0,eps,528000,155976,0.03948,,,false
phase15h-r4-high-degree-aggregator-bias-replay-ocs-volume-seed1401-load0p7,ocs-volume,high-degree-aggregator-bias-replay,1401,566,2,0,3,0,ocs,528000,528000,0.0395,0.042148114,0.002648114,true
phase15h-r4-high-degree-aggregator-bias-replay-ocs-volume-seed1401-load0p7,ocs-volume,high-degree-aggregator-bias-replay,1401,567,4,0,5,0,ocs,528000,528000,0.03952,0.042145921,0.002625921,true
phase15h-r4-high-degree-aggregator-bias-replay-ocs-volume-seed1401-load0p7,ocs-volume,high-degree-aggregator-bias-replay,1401,568,5,0,6,0,eps,528000,123280,0.03954,,,false
phase15h-r4-high-degree-aggregator-bias-replay-ocs-volume-seed1401-load0p7,ocs-volume,high-degree-aggregator-bias-replay,1401,569,1,0,3,0,eps,432000,154904,0.03956,,,false
phase15h-r4-high-degree-aggregator-bias-replay-ocs-volume-seed1401-load0p7,ocs-volume,high-degree-aggregator-bias-replay,1401,570,4,0,6,0,eps,432000,121672,0.03958,,,false
phase15h-r4-high-degree-aggregator-bias-replay-ocs-volume-seed1401-load0p7,ocs-volume,high-degree-aggregator-bias-replay,1401,571,6,0,7,0,ocs,240000,240000,0.0396,0.041696308,0.002096308,true
phase15h-r4-high-degree-aggregator-bias-replay-ocs-volume-seed1401-load0p7,ocs-volume,high-degree-aggregator-bias-replay,1401,572,0,0,1,0,ocs,570000,570000,0.03962,0.043539323,0.003919323,true
phase15h-r4-high-degree-aggregator-bias-replay-ocs-volume-seed1401-load0p7,ocs-volume,high-degree-aggregator-bias-replay,1401,573,0,0,2,0,eps,570000,53600,0.03964,,,false
phase15h-r4-high-degree-aggregator-bias-replay-ocs-volume-seed1401-load0p7,ocs-volume,high-degree-aggregator-bias-replay,1401,574,0,0,3,0,eps,570000,19832,0.03966,,,false
phase15h-r4-high-degree-aggregator-bias-replay-ocs-volume-seed1401-load0p7,ocs-volume,high-degree-aggregator-bias-replay,1401,575,0,0,4,0,eps,570000,53600,0.03968,,,false
phase15h-r4-high-degree-aggregator-bias-replay-ocs-volume-seed1401-load0p7,ocs-volume,high-degree-aggregator-bias-replay,1401,576,0,0,5,0,eps,570000,11256,0.0397,,,false
phase15h-r4-high-degree-aggregator-bias-replay-ocs-volume-seed1401-load0p7,ocs-volume,high-degree-aggregator-bias-replay,1401,577,0,0,6,0,eps,570000,53600,0.03972,,,false
phase15h-r4-high-degree-aggregator-bias-replay-ocs-volume-seed1401-load0p7,ocs-volume,high-degree-aggregator-bias-replay,1401,578,1,0,2,0,eps,528000,152224,0.03974,,,false
phase15h-r4-high-degree-aggregator-bias-replay-ocs-volume-seed1401-load0p7,ocs-volume,high-degree-aggregator-bias-replay,1401,579,2,0,3,0,ocs,528000,528000,0.03976,0.042219475,0.002459475,true
phase15h-r4-high-degree-aggregator-bias-replay-ocs-volume-seed1401-load0p7,ocs-volume,high-degree-aggregator-bias-replay,1401,580,4,0,5,0,ocs,528000,528000,0.03978,0.042239415,0.002459415,true
phase15h-r4-high-degree-aggregator-bias-replay-ocs-volume-seed1401-load0p7,ocs-volume,high-degree-aggregator-bias-replay,1401,581,5,0,6,0,eps,528000,120600,0.0398,,,false
phase15h-r4-high-degree-aggregator-bias-replay-ocs-volume-seed1401-load0p7,ocs-volume,high-degree-aggregator-bias-replay,1401,582,1,0,3,0,eps,432000,150616,0.03982,,,false
phase15h-r4-high-degree-aggregator-bias-replay-ocs-volume-seed1401-load0p7,ocs-volume,high-degree-aggregator-bias-replay,1401,583,4,0,6,0,eps,432000,103984,0.03984,,,false
phase15h-r4-high-degree-aggregator-bias-replay-ocs-volume-seed1401-load0p7,ocs-volume,high-degree-aggregator-bias-replay,1401,584,6,0,7,0,ocs,240000,240000,0.03986,0.040943451,0.001083451,true
phase15h-r4-high-degree-aggregator-bias-replay-ocs-volume-seed1401-load0p7,ocs-volume,high-degree-aggregator-bias-replay,1401,585,0,0,1,0,ocs,798000,798000,0.0401,0.044982204,0.004882204,true
phase15h-r4-high-degree-aggregator-bias-replay-ocs-volume-seed1401-load0p7,ocs-volume,high-degree-aggregator-bias-replay,1401,586,0,0,2,0,eps,798000,50920,0.04012,,,false
phase15h-r4-high-degree-aggregator-bias-replay-ocs-volume-seed1401-load0p7,ocs-volume,high-degree-aggregator-bias-replay,1401,587,0,0,3,0,eps,1638000,50920,0.04014,,,false
phase15h-r4-high-degree-aggregator-bias-replay-ocs-volume-seed1401-load0p7,ocs-volume,high-degree-aggregator-bias-replay,1401,588,0,0,4,0,eps,798000,50920,0.04016,,,false
phase15h-r4-high-degree-aggregator-bias-replay-ocs-volume-seed1401-load0p7,ocs-volume,high-degree-aggregator-bias-replay,1401,589,0,0,5,0,eps,798000,50920,0.04018,,,false
phase15h-r4-high-degree-aggregator-bias-replay-ocs-volume-seed1401-load0p7,ocs-volume,high-degree-aggregator-bias-replay,1401,590,0,0,6,0,eps,798000,50920,0.0402,,,false
phase15h-r4-high-degree-aggregator-bias-replay-ocs-volume-seed1401-load0p7,ocs-volume,high-degree-aggregator-bias-replay,1401,591,1,0,2,0,eps,3744000,143648,0.04022,,,false
phase15h-r4-high-degree-aggregator-bias-replay-ocs-volume-seed1401-load0p7,ocs-volume,high-degree-aggregator-bias-replay,1401,592,2,0,3,0,ocs,2544000,2544000,0.04024,0.04508032,0.00484032,true
phase15h-r4-high-degree-aggregator-bias-replay-ocs-volume-seed1401-load0p7,ocs-volume,high-degree-aggregator-bias-replay,1401,593,4,0,5,0,ocs,3744000,3744000,0.04026,0.045948773,0.005688773,true
phase15h-r4-high-degree-aggregator-bias-replay-ocs-volume-seed1401-load0p7,ocs-volume,high-degree-aggregator-bias-replay,1401,594,5,0,6,0,eps,3744000,113632,0.04028,,,false
phase15h-r4-high-degree-aggregator-bias-replay-ocs-volume-seed1401-load0p7,ocs-volume,high-degree-aggregator-bias-replay,1401,595,1,0,3,0,eps,1728000,142576,0.0403,,,false
phase15h-r4-high-degree-aggregator-bias-replay-ocs-volume-seed1401-load0p7,ocs-volume,high-degree-aggregator-bias-replay,1401,596,4,0,6,0,eps,1728000,112560,0.04032,,,false
phase15h-r4-high-degree-aggregator-bias-replay-ocs-volume-seed1401-load0p7,ocs-volume,high-degree-aggregator-bias-replay,1401,597,6,0,7,0,eps,2832000,939072,0.04034,,,false
phase15h-r4-high-degree-aggregator-bias-replay-ocs-volume-seed1401-load0p7,ocs-volume,high-degree-aggregator-bias-replay,1401,598,0,0,1,0,ocs,798000,798000,0.04036,0.0451545,0.0047945,true
phase15h-r4-high-degree-aggregator-bias-replay-ocs-volume-seed1401-load0p7,ocs-volume,high-degree-aggregator-bias-replay,1401,599,0,0,2,0,eps,798000,49312,0.04038,,,false
phase15h-r4-high-degree-aggregator-bias-replay-ocs-volume-seed1401-load0p7,ocs-volume,high-degree-aggregator-bias-replay,1401,600,0,0,3,0,eps,1638000,49312,0.0404,,,false
phase15h-r4-high-degree-aggregator-bias-replay-ocs-volume-seed1401-load0p7,ocs-volume,high-degree-aggregator-bias-replay,1401,601,0,0,4,0,eps,798000,49312,0.04042,,,false
phase15h-r4-high-degree-aggregator-bias-replay-ocs-volume-seed1401-load0p7,ocs-volume,high-degree-aggregator-bias-replay,1401,602,0,0,5,0,eps,798000,15008,0.04044,,,false
phase15h-r4-high-degree-aggregator-bias-replay-ocs-volume-seed1401-load0p7,ocs-volume,high-degree-aggregator-bias-replay,1401,603,0,0,6,0,eps,798000,0,0.04046,,,false
phase15h-r4-high-degree-aggregator-bias-replay-ocs-volume-seed1401-load0p7,ocs-volume,high-degree-aggregator-bias-replay,1401,604,1,0,2,0,eps,3744000,139896,0.04048,,,false
phase15h-r4-high-degree-aggregator-bias-replay-ocs-volume-seed1401-load0p7,ocs-volume,high-degree-aggregator-bias-replay,1401,605,2,0,3,0,ocs,2544000,2544000,0.0405,0.045363496,0.004863496,true
phase15h-r4-high-degree-aggregator-bias-replay-ocs-volume-seed1401-load0p7,ocs-volume,high-degree-aggregator-bias-replay,1401,606,4,0,5,0,ocs,3744000,3744000,0.04052,0.046261571,0.005741571,true
phase15h-r4-high-degree-aggregator-bias-replay-ocs-volume-seed1401-load0p7,ocs-volume,high-degree-aggregator-bias-replay,1401,607,5,0,6,0,eps,3744000,110952,0.04054,,,false
phase15h-r4-high-degree-aggregator-bias-replay-ocs-volume-seed1401-load0p7,ocs-volume,high-degree-aggregator-bias-replay,1401,608,1,0,3,0,eps,1728000,138288,0.04056,,,false
phase15h-r4-high-degree-aggregator-bias-replay-ocs-volume-seed1401-load0p7,ocs-volume,high-degree-aggregator-bias-replay,1401,609,4,0,6,0,eps,1728000,109344,0.04058,,,false
phase15h-r4-high-degree-aggregator-bias-replay-ocs-volume-seed1401-load0p7,ocs-volume,high-degree-aggregator-bias-replay,1401,610,6,0,7,0,eps,2832000,998568,0.0406,,,false
phase15h-r4-high-degree-aggregator-bias-replay-ocs-volume-seed1401-load0p7,ocs-volume,high-degree-aggregator-bias-replay,1401,611,0,0,1,0,ocs,798000,798000,0.04062,0.045362387,0.004742387,true
phase15h-r4-high-degree-aggregator-bias-replay-ocs-volume-seed1401-load0p7,ocs-volume,high-degree-aggregator-bias-replay,1401,612,0,0,2,0,eps,798000,48240,0.04064,,,false
phase15h-r4-high-degree-aggregator-bias-replay-ocs-volume-seed1401-load0p7,ocs-volume,high-degree-aggregator-bias-replay,1401,613,0,0,3,0,eps,1638000,48240,0.04066,,,false
phase15h-r4-high-degree-aggregator-bias-replay-ocs-volume-seed1401-load0p7,ocs-volume,high-degree-aggregator-bias-replay,1401,614,0,0,4,0,eps,798000,48240,0.04068,,,false
phase15h-r4-high-degree-aggregator-bias-replay-ocs-volume-seed1401-load0p7,ocs-volume,high-degree-aggregator-bias-replay,1401,615,0,0,5,0,eps,798000,0,0.0407,,,false
phase15h-r4-high-degree-aggregator-bias-replay-ocs-volume-seed1401-load0p7,ocs-volume,high-degree-aggregator-bias-replay,1401,616,0,0,6,0,eps,798000,48240,0.04072,,,false
phase15h-r4-high-degree-aggregator-bias-replay-ocs-volume-seed1401-load0p7,ocs-volume,high-degree-aggregator-bias-replay,1401,617,1,0,2,0,eps,3744000,135608,0.04074,,,false
phase15h-r4-high-degree-aggregator-bias-replay-ocs-volume-seed1401-load0p7,ocs-volume,high-degree-aggregator-bias-replay,1401,618,2,0,3,0,ocs,2544000,2544000,0.04076,0.045636755,0.004876755,true
phase15h-r4-high-degree-aggregator-bias-replay-ocs-volume-seed1401-load0p7,ocs-volume,high-degree-aggregator-bias-replay,1401,619,4,0,5,0,ocs,3744000,3744000,0.04078,0.046502926,0.005722926,true
phase15h-r4-high-degree-aggregator-bias-replay-ocs-volume-seed1401-load0p7,ocs-volume,high-degree-aggregator-bias-replay,1401,620,5,0,6,0,eps,3744000,105592,0.0408,,,false
phase15h-r4-high-degree-aggregator-bias-replay-ocs-volume-seed1401-load0p7,ocs-volume,high-degree-aggregator-bias-replay,1401,621,1,0,3,0,eps,1728000,134000,0.04082,,,false
phase15h-r4-high-degree-aggregator-bias-replay-ocs-volume-seed1401-load0p7,ocs-volume,high-degree-aggregator-bias-replay,1401,622,4,0,6,0,eps,1728000,103984,0.04084,,,false
phase15h-r4-high-degree-aggregator-bias-replay-ocs-volume-seed1401-load0p7,ocs-volume,high-degree-aggregator-bias-replay,1401,623,6,0,7,0,eps,2832000,1652488,0.04086,,,false
phase15h-r4-high-degree-aggregator-bias-replay-ocs-volume-seed1401-load0p7,ocs-volume,high-degree-aggregator-bias-replay,1401,624,0,0,1,0,ocs,570000,570000,0.0441,0.047990993,0.003890993,true
phase15h-r4-high-degree-aggregator-bias-replay-ocs-volume-seed1401-load0p7,ocs-volume,high-degree-aggregator-bias-replay,1401,625,0,0,2,0,eps,570000,28944,0.04412,,,false
phase15h-r4-high-degree-aggregator-bias-replay-ocs-volume-seed1401-load0p7,ocs-volume,high-degree-aggregator-bias-replay,1401,626,0,0,3,0,eps,570000,28944,0.04414,,,false
phase15h-r4-high-degree-aggregator-bias-replay-ocs-volume-seed1401-load0p7,ocs-volume,high-degree-aggregator-bias-replay,1401,627,0,0,4,0,eps,570000,28944,0.04416,,,false
phase15h-r4-high-degree-aggregator-bias-replay-ocs-volume-seed1401-load0p7,ocs-volume,high-degree-aggregator-bias-replay,1401,628,0,0,5,0,eps,570000,28944,0.04418,,,false
phase15h-r4-high-degree-aggregator-bias-replay-ocs-volume-seed1401-load0p7,ocs-volume,high-degree-aggregator-bias-replay,1401,629,0,0,6,0,eps,570000,27872,0.0442,,,false
phase15h-r4-high-degree-aggregator-bias-replay-ocs-volume-seed1401-load0p7,ocs-volume,high-degree-aggregator-bias-replay,1401,630,1,0,2,0,eps,528000,80936,0.04422,,,false
phase15h-r4-high-degree-aggregator-bias-replay-ocs-volume-seed1401-load0p7,ocs-volume,high-degree-aggregator-bias-replay,1401,631,2,0,3,0,ocs,528000,528000,0.04424,0.046685099,0.002445099,true
phase15h-r4-high-degree-aggregator-bias-replay-ocs-volume-seed1401-load0p7,ocs-volume,high-degree-aggregator-bias-replay,1401,632,4,0,5,0,ocs,528000,528000,0.04426,0.04679698,0.00253698,true
phase15h-r4-high-degree-aggregator-bias-replay-ocs-volume-seed1401-load0p7,ocs-volume,high-degree-aggregator-bias-replay,1401,633,5,0,6,0,eps,528000,40736,0.04428,,,false
phase15h-r4-high-degree-aggregator-bias-replay-ocs-volume-seed1401-load0p7,ocs-volume,high-degree-aggregator-bias-replay,1401,634,1,0,3,0,eps,432000,78256,0.0443,,,false
phase15h-r4-high-degree-aggregator-bias-replay-ocs-volume-seed1401-load0p7,ocs-volume,high-degree-aggregator-bias-replay,1401,635,4,0,6,0,eps,432000,61640,0.04432,,,false
phase15h-r4-high-degree-aggregator-bias-replay-ocs-volume-seed1401-load0p7,ocs-volume,high-degree-aggregator-bias-replay,1401,636,6,0,7,0,ocs,240000,240000,0.04434,0.046488343,0.002148343,true
phase15h-r4-high-degree-aggregator-bias-replay-ocs-volume-seed1401-load0p7,ocs-volume,high-degree-aggregator-bias-replay,1401,637,0,0,1,0,ocs,570000,570000,0.04436,0.048252807,0.003892807,true
phase15h-r4-high-degree-aggregator-bias-replay-ocs-volume-seed1401-load0p7,ocs-volume,high-degree-aggregator-bias-replay,1401,638,0,0,2,0,eps,570000,27336,0.04438,,,false
phase15h-r4-high-degree-aggregator-bias-replay-ocs-volume-seed1401-load0p7,ocs-volume,high-degree-aggregator-bias-replay,1401,639,0,0,3,0,eps,570000,27336,0.0444,,,false
phase15h-r4-high-degree-aggregator-bias-replay-ocs-volume-seed1401-load0p7,ocs-volume,high-degree-aggregator-bias-replay,1401,640,0,0,4,0,eps,570000,27336,0.04442,,,false
phase15h-r4-high-degree-aggregator-bias-replay-ocs-volume-seed1401-load0p7,ocs-volume,high-degree-aggregator-bias-replay,1401,641,0,0,5,0,eps,570000,27336,0.04444,,,false
phase15h-r4-high-degree-aggregator-bias-replay-ocs-volume-seed1401-load0p7,ocs-volume,high-degree-aggregator-bias-replay,1401,642,0,0,6,0,eps,570000,0,0.04446,,,false
phase15h-r4-high-degree-aggregator-bias-replay-ocs-volume-seed1401-load0p7,ocs-volume,high-degree-aggregator-bias-replay,1401,643,1,0,2,0,eps,528000,75576,0.04448,,,false
phase15h-r4-high-degree-aggregator-bias-replay-ocs-volume-seed1401-load0p7,ocs-volume,high-degree-aggregator-bias-replay,1401,644,2,0,3,0,ocs,528000,528000,0.0445,0.046951038,0.002451038,true
phase15h-r4-high-degree-aggregator-bias-replay-ocs-volume-seed1401-load0p7,ocs-volume,high-degree-aggregator-bias-replay,1401,645,4,0,5,0,ocs,528000,528000,0.04452,0.047049401,0.002529401,true
phase15h-r4-high-degree-aggregator-bias-replay-ocs-volume-seed1401-load0p7,ocs-volume,high-degree-aggregator-bias-replay,1401,646,5,0,6,0,eps,528000,15008,0.04454,,,false
phase15h-r4-high-degree-aggregator-bias-replay-ocs-volume-seed1401-load0p7,ocs-volume,high-degree-aggregator-bias-replay,1401,647,1,0,3,0,eps,432000,75576,0.04456,,,false
phase15h-r4-high-degree-aggregator-bias-replay-ocs-volume-seed1401-load0p7,ocs-volume,high-degree-aggregator-bias-replay,1401,648,4,0,6,0,eps,432000,58960,0.04458,,,false
phase15h-r4-high-degree-aggregator-bias-replay-ocs-volume-seed1401-load0p7,ocs-volume,high-degree-aggregator-bias-replay,1401,649,6,0,7,0,ocs,240000,240000,0.0446,0.046858441,0.002258441,true
phase15h-r4-high-degree-aggregator-bias-replay-ocs-volume-seed1401-load0p7,ocs-volume,high-degree-aggregator-bias-replay,1401,650,0,0,1,0,ocs,570000,570000,0.04462,0.048746395,0.004126395,true
phase15h-r4-high-degree-aggregator-bias-replay-ocs-volume-seed1401-load0p7,ocs-volume,high-degree-aggregator-bias-replay,1401,651,0,0,2,0,eps,570000,0,0.04464,,,false
phase15h-r4-high-degree-aggregator-bias-replay-ocs-volume-seed1401-load0p7,ocs-volume,high-degree-aggregator-bias-replay,1401,652,0,0,3,0,eps,570000,26264,0.04466,,,false
phase15h-r4-high-degree-aggregator-bias-replay-ocs-volume-seed1401-load0p7,ocs-volume,high-degree-aggregator-bias-replay,1401,653,0,0,4,0,eps,570000,26264,0.04468,,,false
phase15h-r4-high-degree-aggregator-bias-replay-ocs-volume-seed1401-load0p7,ocs-volume,high-degree-aggregator-bias-replay,1401,654,0,0,5,0,eps,570000,26264,0.0447,,,false
phase15h-r4-high-degree-aggregator-bias-replay-ocs-volume-seed1401-load0p7,ocs-volume,high-degree-aggregator-bias-replay,1401,655,0,0,6,0,eps,570000,24656,0.04472,,,false
phase15h-r4-high-degree-aggregator-bias-replay-ocs-volume-seed1401-load0p7,ocs-volume,high-degree-aggregator-bias-replay,1401,656,1,0,2,0,eps,528000,15008,0.04474,,,false
phase15h-r4-high-degree-aggregator-bias-replay-ocs-volume-seed1401-load0p7,ocs-volume,high-degree-aggregator-bias-replay,1401,657,2,0,3,0,ocs,528000,528000,0.04476,0.047213743,0.002453743,true
phase15h-r4-high-degree-aggregator-bias-replay-ocs-volume-seed1401-load0p7,ocs-volume,high-degree-aggregator-bias-replay,1401,658,4,0,5,0,ocs,528000,528000,0.04478,0.047301773,0.002521773,true
phase15h-r4-high-degree-aggregator-bias-replay-ocs-volume-seed1401-load0p7,ocs-volume,high-degree-aggregator-bias-replay,1401,659,5,0,6,0,eps,528000,56280,0.0448,,,false
phase15h-r4-high-degree-aggregator-bias-replay-ocs-volume-seed1401-load0p7,ocs-volume,high-degree-aggregator-bias-replay,1401,660,1,0,3,0,eps,432000,71288,0.04482,,,false
phase15h-r4-high-degree-aggregator-bias-replay-ocs-volume-seed1401-load0p7,ocs-volume,high-degree-aggregator-bias-replay,1401,661,4,0,6,0,eps,432000,35912,0.04484,,,false
phase15h-r4-high-degree-aggregator-bias-replay-ocs-volume-seed1401-load0p7,ocs-volume,high-degree-aggregator-bias-replay,1401,662,6,0,7,0,ocs,240000,240000,0.04486,0.048028514,0.003168514,true
phase15h-r4-high-degree-aggregator-bias-replay-ocs-volume-seed1401-load0p7,ocs-volume,high-degree-aggregator-bias-replay,1401,663,0,0,1,0,ocs,798000,798000,0.0451,0.049949298,0.004849298,true
phase15h-r4-high-degree-aggregator-bias-replay-ocs-volume-seed1401-load0p7,ocs-volume,high-degree-aggregator-bias-replay,1401,664,0,0,2,0,eps,798000,23584,0.04512,,,false
phase15h-r4-high-degree-aggregator-bias-replay-ocs-volume-seed1401-load0p7,ocs-volume,high-degree-aggregator-bias-replay,1401,665,0,0,3,0,eps,1638000,23584,0.04514,,,false
phase15h-r4-high-degree-aggregator-bias-replay-ocs-volume-seed1401-load0p7,ocs-volume,high-degree-aggregator-bias-replay,1401,666,0,0,4,0,eps,798000,23584,0.04516,,,false
phase15h-r4-high-degree-aggregator-bias-replay-ocs-volume-seed1401-load0p7,ocs-volume,high-degree-aggregator-bias-replay,1401,667,0,0,5,0,eps,798000,23584,0.04518,,,false
phase15h-r4-high-degree-aggregator-bias-replay-ocs-volume-seed1401-load0p7,ocs-volume,high-degree-aggregator-bias-replay,1401,668,0,0,6,0,eps,798000,23584,0.0452,,,false
phase15h-r4-high-degree-aggregator-bias-replay-ocs-volume-seed1401-load0p7,ocs-volume,high-degree-aggregator-bias-replay,1401,669,1,0,2,0,eps,3744000,65928,0.04522,,,false
phase15h-r4-high-degree-aggregator-bias-replay-ocs-volume-seed1401-load0p7,ocs-volume,high-degree-aggregator-bias-replay,1401,670,2,0,3,0,ocs,2544000,2381984,0.04524,,,false
phase15h-r4-high-degree-aggregator-bias-replay-ocs-volume-seed1401-load0p7,ocs-volume,high-degree-aggregator-bias-replay,1401,671,4,0,5,0,ocs,3744000,2253344,0.04526,,,false
phase15h-r4-high-degree-aggregator-bias-replay-ocs-volume-seed1401-load0p7,ocs-volume,high-degree-aggregator-bias-replay,1401,672,5,0,6,0,eps,3744000,35376,0.04528,,,false
phase15h-r4-high-degree-aggregator-bias-replay-ocs-volume-seed1401-load0p7,ocs-volume,high-degree-aggregator-bias-replay,1401,673,1,0,3,0,eps,1728000,63248,0.0453,,,false
phase15h-r4-high-degree-aggregator-bias-replay-ocs-volume-seed1401-load0p7,ocs-volume,high-degree-aggregator-bias-replay,1401,674,4,0,6,0,eps,1728000,49312,0.04532,,,false
phase15h-r4-high-degree-aggregator-bias-replay-ocs-volume-seed1401-load0p7,ocs-volume,high-degree-aggregator-bias-replay,1401,675,6,0,7,0,ocs,2832000,750936,0.04534,,,false
phase15h-r4-high-degree-aggregator-bias-replay-ocs-volume-seed1401-load0p7,ocs-volume,high-degree-aggregator-bias-replay,1401,676,0,0,1,0,ocs,798000,756296,0.04536,,,false
phase15h-r4-high-degree-aggregator-bias-replay-ocs-volume-seed1401-load0p7,ocs-volume,high-degree-aggregator-bias-replay,1401,677,0,0,2,0,eps,798000,0,0.04538,,,false
phase15h-r4-high-degree-aggregator-bias-replay-ocs-volume-seed1401-load0p7,ocs-volume,high-degree-aggregator-bias-replay,1401,678,0,0,3,0,eps,1638000,21976,0.0454,,,false
phase15h-r4-high-degree-aggregator-bias-replay-ocs-volume-seed1401-load0p7,ocs-volume,high-degree-aggregator-bias-replay,1401,679,0,0,4,0,eps,798000,21976,0.04542,,,false
phase15h-r4-high-degree-aggregator-bias-replay-ocs-volume-seed1401-load0p7,ocs-volume,high-degree-aggregator-bias-replay,1401,680,0,0,5,0,eps,798000,21976,0.04544,,,false
phase15h-r4-high-degree-aggregator-bias-replay-ocs-volume-seed1401-load0p7,ocs-volume,high-degree-aggregator-bias-replay,1401,681,0,0,6,0,eps,798000,21976,0.04546,,,false
phase15h-r4-high-degree-aggregator-bias-replay-ocs-volume-seed1401-load0p7,ocs-volume,high-degree-aggregator-bias-replay,1401,682,1,0,2,0,eps,3744000,61640,0.04548,,,false
phase15h-r4-high-degree-aggregator-bias-replay-ocs-volume-seed1401-load0p7,ocs-volume,high-degree-aggregator-bias-replay,1401,683,2,0,3,0,ocs,2544000,2027152,0.0455,,,false
phase15h-r4-high-degree-aggregator-bias-replay-ocs-volume-seed1401-load0p7,ocs-volume,high-degree-aggregator-bias-replay,1401,684,4,0,5,0,ocs,3744000,1703408,0.04552,,,false
phase15h-r4-high-degree-aggregator-bias-replay-ocs-volume-seed1401-load0p7,ocs-volume,high-degree-aggregator-bias-replay,1401,685,5,0,6,0,eps,3744000,32696,0.04554,,,false
phase15h-r4-high-degree-aggregator-bias-replay-ocs-volume-seed1401-load0p7,ocs-volume,high-degree-aggregator-bias-replay,1401,686,1,0,3,0,eps,1728000,60568,0.04556,,,false
phase15h-r4-high-degree-aggregator-bias-replay-ocs-volume-seed1401-load0p7,ocs-volume,high-degree-aggregator-bias-replay,1401,687,4,0,6,0,eps,1728000,46632,0.04558,,,false
phase15h-r4-high-degree-aggregator-bias-replay-ocs-volume-seed1401-load0p7,ocs-volume,high-degree-aggregator-bias-replay,1401,688,6,0,7,0,ocs,2832000,679112,0.0456,,,false
phase15h-r4-high-degree-aggregator-bias-replay-ocs-volume-seed1401-load0p7,ocs-volume,high-degree-aggregator-bias-replay,1401,689,0,0,1,0,ocs,798000,717168,0.04562,,,false
phase15h-r4-high-degree-aggregator-bias-replay-ocs-volume-seed1401-load0p7,ocs-volume,high-degree-aggregator-bias-replay,1401,690,0,0,2,0,eps,798000,5896,0.04564,,,false
phase15h-r4-high-degree-aggregator-bias-replay-ocs-volume-seed1401-load0p7,ocs-volume,high-degree-aggregator-bias-replay,1401,691,0,0,3,0,eps,1638000,20904,0.04566,,,false
phase15h-r4-high-degree-aggregator-bias-replay-ocs-volume-seed1401-load0p7,ocs-volume,high-degree-aggregator-bias-replay,1401,692,0,0,4,0,eps,798000,20904,0.04568,,,false
phase15h-r4-high-degree-aggregator-bias-replay-ocs-volume-seed1401-load0p7,ocs-volume,high-degree-aggregator-bias-replay,1401,693,0,0,5,0,eps,798000,20904,0.0457,,,false
phase15h-r4-high-degree-aggregator-bias-replay-ocs-volume-seed1401-load0p7,ocs-volume,high-degree-aggregator-bias-replay,1401,694,0,0,6,0,eps,798000,20904,0.04572,,,false
phase15h-r4-high-degree-aggregator-bias-replay-ocs-volume-seed1401-load0p7,ocs-volume,high-degree-aggregator-bias-replay,1401,695,1,0,2,0,eps,3744000,57888,0.04574,,,false
phase15h-r4-high-degree-aggregator-bias-replay-ocs-volume-seed1401-load0p7,ocs-volume,high-degree-aggregator-bias-replay,1401,696,2,0,3,0,ocs,2544000,1725920,0.04576,,,false
phase15h-r4-high-degree-aggregator-bias-replay-ocs-volume-seed1401-load0p7,ocs-volume,high-degree-aggregator-bias-replay,1401,697,4,0,5,0,ocs,3744000,1634264,0.04578,,,false
phase15h-r4-high-degree-aggregator-bias-replay-ocs-volume-seed1401-load0p7,ocs-volume,high-degree-aggregator-bias-replay,1401,698,5,0,6,0,eps,3744000,45560,0.0458,,,false
phase15h-r4-high-degree-aggregator-bias-replay-ocs-volume-seed1401-load0p7,ocs-volume,high-degree-aggregator-bias-replay,1401,699,1,0,3,0,eps,1728000,56280,0.04582,,,false
phase15h-r4-high-degree-aggregator-bias-replay-ocs-volume-seed1401-load0p7,ocs-volume,high-degree-aggregator-bias-replay,1401,700,4,0,6,0,eps,1728000,43952,0.04584,,,false
phase15h-r4-high-degree-aggregator-bias-replay-ocs-volume-seed1401-load0p7,ocs-volume,high-degree-aggregator-bias-replay,1401,701,6,0,7,0,eps,2832000,417008,0.04586,,,false
phase15h-r4-high-degree-aggregator-bias-replay-ocs-volume-seed1401-load0p7,ocs-volume,high-degree-aggregator-bias-replay,1401,702,0,0,1,0,ocs,570000,69680,0.0491,,,false
phase15h-r4-high-degree-aggregator-bias-replay-ocs-volume-seed1401-load0p7,ocs-volume,high-degree-aggregator-bias-replay,1401,703,0,0,2,0,eps,570000,2680,0.04912,,,false
phase15h-r4-high-degree-aggregator-bias-replay-ocs-volume-seed1401-load0p7,ocs-volume,high-degree-aggregator-bias-replay,1401,704,0,0,3,0,eps,570000,2680,0.04914,,,false
phase15h-r4-high-degree-aggregator-bias-replay-ocs-volume-seed1401-load0p7,ocs-volume,high-degree-aggregator-bias-replay,1401,705,0,0,4,0,eps,570000,0,0.04916,,,false
phase15h-r4-high-degree-aggregator-bias-replay-ocs-volume-seed1401-load0p7,ocs-volume,high-degree-aggregator-bias-replay,1401,706,0,0,5,0,eps,570000,2680,0.04918,,,false
phase15h-r4-high-degree-aggregator-bias-replay-ocs-volume-seed1401-load0p7,ocs-volume,high-degree-aggregator-bias-replay,1401,707,0,0,6,0,eps,570000,2680,0.0492,,,false
phase15h-r4-high-degree-aggregator-bias-replay-ocs-volume-seed1401-load0p7,ocs-volume,high-degree-aggregator-bias-replay,1401,708,1,0,2,0,eps,528000,8576,0.04922,,,false
phase15h-r4-high-degree-aggregator-bias-replay-ocs-volume-seed1401-load0p7,ocs-volume,high-degree-aggregator-bias-replay,1401,709,2,0,3,0,ocs,528000,82544,0.04924,,,false
phase15h-r4-high-degree-aggregator-bias-replay-ocs-volume-seed1401-load0p7,ocs-volume,high-degree-aggregator-bias-replay,1401,710,4,0,5,0,ocs,528000,82544,0.04926,,,false
phase15h-r4-high-degree-aggregator-bias-replay-ocs-volume-seed1401-load0p7,ocs-volume,high-degree-aggregator-bias-replay,1401,711,5,0,6,0,eps,528000,0,0.04928,,,false
phase15h-r4-high-degree-aggregator-bias-replay-ocs-volume-seed1401-load0p7,ocs-volume,high-degree-aggregator-bias-replay,1401,712,1,0,3,0,eps,432000,6968,0.0493,,,false
phase15h-r4-high-degree-aggregator-bias-replay-ocs-volume-seed1401-load0p7,ocs-volume,high-degree-aggregator-bias-replay,1401,713,4,0,6,0,eps,432000,4288,0.04932,,,false
phase15h-r4-high-degree-aggregator-bias-replay-ocs-volume-seed1401-load0p7,ocs-volume,high-degree-aggregator-bias-replay,1401,714,6,0,7,0,ocs,240000,46096,0.04934,,,false
phase15h-r4-high-degree-aggregator-bias-replay-ocs-volume-seed1401-load0p7,ocs-volume,high-degree-aggregator-bias-replay,1401,715,0,0,1,0,ocs,570000,46096,0.04936,,,false
phase15h-r4-high-degree-aggregator-bias-replay-ocs-volume-seed1401-load0p7,ocs-volume,high-degree-aggregator-bias-replay,1401,716,0,0,2,0,eps,570000,0,0.04938,,,false
phase15h-r4-high-degree-aggregator-bias-replay-ocs-volume-seed1401-load0p7,ocs-volume,high-degree-aggregator-bias-replay,1401,717,0,0,3,0,eps,570000,0,0.0494,,,false
phase15h-r4-high-degree-aggregator-bias-replay-ocs-volume-seed1401-load0p7,ocs-volume,high-degree-aggregator-bias-replay,1401,718,0,0,4,0,eps,570000,0,0.04942,,,false
phase15h-r4-high-degree-aggregator-bias-replay-ocs-volume-seed1401-load0p7,ocs-volume,high-degree-aggregator-bias-replay,1401,719,0,0,5,0,eps,570000,1608,0.04944,,,false
phase15h-r4-high-degree-aggregator-bias-replay-ocs-volume-seed1401-load0p7,ocs-volume,high-degree-aggregator-bias-replay,1401,720,0,0,6,0,eps,570000,1608,0.04946,,,false
phase15h-r4-high-degree-aggregator-bias-replay-ocs-volume-seed1401-load0p7,ocs-volume,high-degree-aggregator-bias-replay,1401,721,1,0,2,0,eps,528000,4288,0.04948,,,false
phase15h-r4-high-degree-aggregator-bias-replay-ocs-volume-seed1401-load0p7,ocs-volume,high-degree-aggregator-bias-replay,1401,722,2,0,3,0,ocs,528000,46096,0.0495,,,false
phase15h-r4-high-degree-aggregator-bias-replay-ocs-volume-seed1401-load0p7,ocs-volume,high-degree-aggregator-bias-replay,1401,723,4,0,5,0,ocs,528000,46096,0.04952,,,false
phase15h-r4-high-degree-aggregator-bias-replay-ocs-volume-seed1401-load0p7,ocs-volume,high-degree-aggregator-bias-replay,1401,724,5,0,6,0,eps,528000,3216,0.04954,,,false
phase15h-r4-high-degree-aggregator-bias-replay-ocs-volume-seed1401-load0p7,ocs-volume,high-degree-aggregator-bias-replay,1401,725,1,0,3,0,eps,432000,0,0.04956,,,false
phase15h-r4-high-degree-aggregator-bias-replay-ocs-volume-seed1401-load0p7,ocs-volume,high-degree-aggregator-bias-replay,1401,726,4,0,6,0,eps,432000,1608,0.04958,,,false
phase15h-r4-high-degree-aggregator-bias-replay-ocs-volume-seed1401-load0p7,ocs-volume,high-degree-aggregator-bias-replay,1401,727,6,0,7,0,ocs,240000,22512,0.0496,,,false
phase15h-r4-high-degree-aggregator-bias-replay-ocs-volume-seed1401-load0p7,ocs-volume,high-degree-aggregator-bias-replay,1401,728,0,0,1,0,ocs,570000,24656,0.04962,,,false
phase15h-r4-high-degree-aggregator-bias-replay-ocs-volume-seed1401-load0p7,ocs-volume,high-degree-aggregator-bias-replay,1401,729,0,0,2,0,eps,570000,0,0.04964,,,false
phase15h-r4-high-degree-aggregator-bias-replay-ocs-volume-seed1401-load0p7,ocs-volume,high-degree-aggregator-bias-replay,1401,730,0,0,3,0,eps,570000,0,0.04966,,,false
phase15h-r4-high-degree-aggregator-bias-replay-ocs-volume-seed1401-load0p7,ocs-volume,high-degree-aggregator-bias-replay,1401,731,0,0,4,0,eps,570000,0,0.04968,,,false
phase15h-r4-high-degree-aggregator-bias-replay-ocs-volume-seed1401-load0p7,ocs-volume,high-degree-aggregator-bias-replay,1401,732,0,0,5,0,eps,570000,0,0.0497,,,false
phase15h-r4-high-degree-aggregator-bias-replay-ocs-volume-seed1401-load0p7,ocs-volume,high-degree-aggregator-bias-replay,1401,733,0,0,6,0,eps,570000,0,0.04972,,,false
phase15h-r4-high-degree-aggregator-bias-replay-ocs-volume-seed1401-load0p7,ocs-volume,high-degree-aggregator-bias-replay,1401,734,1,0,2,0,eps,528000,1072,0.04974,,,false
phase15h-r4-high-degree-aggregator-bias-replay-ocs-volume-seed1401-load0p7,ocs-volume,high-degree-aggregator-bias-replay,1401,735,2,0,3,0,ocs,528000,13936,0.04976,,,false
phase15h-r4-high-degree-aggregator-bias-replay-ocs-volume-seed1401-load0p7,ocs-volume,high-degree-aggregator-bias-replay,1401,736,4,0,5,0,ocs,528000,15008,0.04978,,,false
phase15h-r4-high-degree-aggregator-bias-replay-ocs-volume-seed1401-load0p7,ocs-volume,high-degree-aggregator-bias-replay,1401,737,5,0,6,0,eps,528000,0,0.0498,,,false
phase15h-r4-high-degree-aggregator-bias-replay-ocs-volume-seed1401-load0p7,ocs-volume,high-degree-aggregator-bias-replay,1401,738,1,0,3,0,eps,432000,0,0.04982,,,false
phase15h-r4-high-degree-aggregator-bias-replay-ocs-volume-seed1401-load0p7,ocs-volume,high-degree-aggregator-bias-replay,1401,739,4,0,6,0,eps,432000,0,0.04984,,,false
phase15h-r4-high-degree-aggregator-bias-replay-ocs-volume-seed1401-load0p7,ocs-volume,high-degree-aggregator-bias-replay,1401,740,6,0,7,0,ocs,240000,5360,0.04986,,,false
